tweet,label
person dey untop your case already and you don dey give am attention warming up to him already but you still dey entertain other niggas,2
peace wey una don pieces overcalcu don dey do baba ontop tollgate money wey no enter join me laugh biko,2
my darling me wey dey make hair i dey always wear cap for some places o,1
lmao i just remembered how a girl slapped me in secondary school after night prep i turned the second cheek to her so she can slap it as per the bible says if someone slaps you turn the second cheek deep down na lie oooo i no sabi fight na why,2
ogs had better started working i no fit dey shalaye wen people dey banter,0
i need shoes sha but if i text philoe now my bank account just fit disappear,2
why i dey chop by this time ‍️,2
my own different i dey post my account balance steady namake una epp me abeg lol,0
any small thing na loss play win opponent retire na refund play win your player retires na loss,2
kayode kayode kayode how many times did i call you convo is on you dey show us ppl wey dey sleep are u ok like this ‍️,2
so my celing fan sliced my finger and i have to go dress it at a pharmacy but im so scared to leave my house na person wey dey alive wey fit treat finger,2
be like say everything na simulation make dem wake us up say dem no kill anybody and there was no rioting by hoodlums and our government actually did the simple things that we requested,2
na only my ogas and fit dash una airpod pro free me how much i get,2
chai see wetin i dey like na,0
wait o so if u dey do voice note for whatsapp when you dey laugh the voice not con mistakenly canceled you go laugh again,0
read my brothers birthday message to his wife this morning has to be the sweetest and most sincere romantic piece ive read in a while love does bring out the best in us eh in other news ive saved the message sha na wife wey i go send am to na hin remain,0
wakajugbe na see finish cause am nor vex for your girl‍️ oya compliment me next time i go try do awwww,0
they are not mad na he look u say u nr fit pay for better apartment no b im make am carry u go banana pond go rent house,0
swipe brave soul skinny jeans price n̶ ️ color blue size win lin dm to order shakarashop online shop wen sabi you sef go dey do shakara warri nigeria,0
i actually thought of wearing isiagu on my next date lord knows im doing it now na the same uber we dey enter self,0
lmao those one wey dey carry lowcut na dem dread pass,2
toh as im not + im going back to my fathers house please na pikin i be i no kill person,2
guy i no dey use that beer playi miss am gan for benin here but thank god say dem get hero lager too wey dey similar,0
if i were married nites like this would be a struggle loool even her plantain sef i wont eat,2
chelsea fans dey hope make madrid lose barca fans dey support bayern lmaoo see how man utd fans dey suppo,0
arsenal fc board member i c u jare u r mad over something you expected to happen and now going the other way roundi feel your pain i can still fetch out your summer twit about what im talking about but pls focus on your team n leave us alonena u comot na u still de care,2
lmao dah woman wey sey i no carrim come dem dey forget pos,1
march is going to be so lit for me both my babies would be home down side na say i go dey cook like say i dey run restaurant but i loooooveeee that kendra and her father will be home same time,0
baba cto dey the mail omo na grand entrance i wan use enter the presentation,0
see dem this nma them de talk how de wan add ugba for the menu hmm them wan get me for double sha,1
abeg make we no dey do like this i still dey young,2
if i were earning weekly what hes earning fam id celebrate even in defeat football from a fans perspective is not a job its entertainment if we no get entertainment wetin we gain,0
fear men wey dey always drop inspirational quote e get why,2
where una dey see all this letters,0
na wah oh gbenga,2
the only bone straight i can afford now wahala for who no fit buy bone straight this december oo,2
you remember stella stella wey get big nyash she dey on top my bed laidis she don see money she no wan go house again,2
aaaaaaahthis entrepreneurshipi no dey do again ooooooi went to the market i dey cry please who has a rich igbo husband or a rich yoruba husband for mebecause i need to be spoiled and pampered independence is not easye be like say i no wan do again,2
e be like the yansh wan commot for the body,0
nigerian parents are the best when it comes to disciplining a child pikin go dey cryshoutdey beg his mama or papaparent dont care at that point dem must to just flog that thing out of you heard a gal crying outbegging her mum mama is busy doing justice,2
you suppose know na shey you dey follow up and know everything wey dey happen here base on biu abi you nor know benin again make dem tell you,0
i dey quick dey vex for that nonsense,2
its not even bout nose mask dem don dey run am since na worse dem go sit for seat in front of you backing you with their extensions breeze go now finish work ‍️ for people like us that dont do breakfast before work hay god stomach go turn person till e drop,2
e dey restrict airflow,0
its hightime stop misleading us in this country oooo nah dem dem dem i first see with dis faceapp whatever oooo now russia don hack my face,2
lol don dey give money you dey give happily ever after,0
god no go shame us o breast wey dey inside k bra go expensive handle with care tag suppose dey around the nipple,0
these people na heavenly places dem dey decor for oh wen our power reach we go contact them for now lets manage our road side decor sellers,0
abeg e dont count my own,0
dstv nigeria go host live watch party for their instagram page by pm today the hosts na and ️ make sure you watch am as you fit win big prizes from,0
person no dey play with you again den say i go wake person wey don dey sleep since april up in june ‍️‍️ sorry sis aisha yesufu,2
im so terribly scared i might die a virgin shey na like this e suppose be,2
the fish wey get that tail na virgin,0
i go wash the gate sef in the morning and night after everybody don enter,0
oluwa wetin dey deteriorate wetin dey sofun daanu i cant make feel my hends,2
god when i still dey yah with my ios dem apple con bring ios money good o,1
ikorodu delivery this could be your order but you dont love me enough to patronize me shey that one is good like that ehn abi you want me to go back to our village ni,2
i dey tell you brother my tiredness first me finish today e don enter tomorrow already,2
for yorubaland dem no dey open all mouth talk na na d intelligent dey decode,0
kai read again n get what im trying to say u dont have anything to donate yet u are shouting se wan fi se yiin nii them come una door come ask for money una go just dey use panadol on top person headache abeg gedifok,2
e don happen oooo ajoke don break my heart ooo pls follow me on tiktok ️,2
wetin push me go do this kind work na biscuits bone remain abeg i no do again tanigbolaamos please help tag until they see this visual siscobowzfilms,2
e get why and im glad chelsea did,0
e dey pull e own player,2
i don screen grab this ur reply give one osas omo d baby dey worry,2
dele momodu and terry waya dey plan wedding kidd dey catch cruise now ship don strong erica,0
lol this idiot try to scam me eeee say make i dictate my mastercard number shey me wey don work for ebusiness dey generate pan for accts and for yrs i even forget to call thunder for the low budget scammer,2
we wan appreciate for all the work wey e do for manchester united years no be beans ️ we go miss am na leader one way,0
wahala just dey everywhere this young man sitting beside me inside bus just dey talk like sey e dey follow somebody talk talking to himself ni sha from idumota to oyingbo afi ki oluwa wa pélu é oooooo,2
lol shey na d heat or the hits u dey talk about but as at the time of dis tweet im certain even india is a better option nigeria keh e be like say na away you dey,2
the funniest thing is that my grandma my fathers mother is from otoriyede and they never told me that seriake was my elder brother which kain wickedness be dis one nah but h e why did you hide maternal home from us alk this while nah this is sheer wickedness o,2
tell them the truth joor which one is the louder your amen the louder your testimony mtchew abegi joor na express you dey go so o,2
its only when im talking to someone i like ill now be slow hell now think im a mumu,2
wetin ur concern dey doif no be footballer na lie bros,2
aswear e no go funny wahala sef don pass the money them go wan pay you,2
wetin we go do na if money no dey we sha go laugh,0
sub everywhere oluwa wetin dey occur,1
if i dey play ball i dey avoid these kind people i no dey bother my sef to go mack them theyll just use you and shine,2
ehweeei i go enter old man motor me wey no sabi drive dey even help am control the vehicle his speed is slower than that of a snail and were crawling to my destination ‍️‍️‍️,2
oshio babaabeg do as dem talk now,2
na tou dey reign by with benjamin ekezie,0
omo e be like say bush meat don dey pursue hunter o,2
you again be like na you dem send come na to block you las las,0
fuck na true o na another seun dey there,1
boys wey dey wear that load for ear dey annoy me too muchthis one come even do swag use am face back,2
who de breeetttt all of una combined shey u wan try oya do am if e easy,0
comot that akure wey dey your handle abeg you dunno anything,2
your opon sef dey,0
lol i dey tell you watin dey school wen i go you dey argue with me,2
can a man really live like this a lady doing all these for you if you are a guy under dis table yu dey fk dem need drill yu mad make ur brain return to factory settings,2
sum ppl are actually lik mc oluomo on dis twitterdey av d remote control of all d agberos on dis streetwen dey tel dem to attack or notdey are d ones commanding dem naw to stop attackin ighaloiheanacho nd our refereend d attack wil stopcum fo dis ppl ur own risk,2
me sef i want to trend like mbah na should i post my picture na choose anyone that will make me trend like mbah,2
e just be like where you dey paint your house monthly so that e go still sharp steadily,0
this beat dey knock e enter like domot gbefun the punches in this song silly af my head don burst,0
wey yemi dey i hope say she d dance to dis tiwa new jam no try compare ur self with africas first diva lovalova,0
my gender and wahala wahala for who be nurseyou go turn nurse doctor consultant all at same time stop doing if you are not ready or better still take precautions na you people wee now be acting surprised o wrong now mtcheew,0
cbs fb mf st ibra was a free agent sanchez a swap e never reach sef we had issues in a lot of places before he came barest minimum is lb and a rw unfortunately he wont get that,2
it your day do shakara na d works when we dey do kwale,0
as in that working part dey always mk them think na everyday e dey rain plis i appreciate free money edakun i never chop some will even come to borrow money,2
na for last price negotiations dey start na,1
this tl no fit off me this morning thank god say na catchup i dey play because too many stray bullets don fire see as shell dey ground,0
e dey pain person especially if you are unable to give them the perfect reply e dey pain gan,2
my dear everybody dey vex na only cancel i cancel trip i used wrong location,0
my dear oh dats what dey are always dragging in dis street nd dey think my girl dont knw hw she looks abi,2
onye egwu nwannem please anything you can do for your brother make man fit chop abeg k is up to something obi godwin uba,0
but i wan commot na thanks bro,0
team wey i carry straight win don dey lose,2
so na twitter for iphone i dey see under your tweets abi u wey dey criticize apple wetin change your mind bruh so las las you owned one congrats on board,0
una no even allow the guy wear better cloth e no good oooooo please release him nothing come out abeg just show say you big pass,2
omo na this same thing person talk for my side wey dem break bottle for him head o na we dey settle since like this,2
you dey mind people wey wan just talk,2
i don dey plan my own,1
e no load,2
na small small she go sabi road their house dey inside inside umudunu,0
your own is good sef aym gudu gave me fuel that messed up my pump,2
na lie e no dey work,2
the disgrace the shame e de purge my belle really like seriously this is your problem heigawd shift i need to faint,2
i don spark am how i fit make una manage am happy new year,0
them dey the original meetin na when d guy back out na him don p plan without them,1
futo babes ‍️ you sha not misbehave with dem cause dem dey burst bottle,2
going down in a few minutes if you dey onitsha and environs abeg show even if na for the small chops make e for no loss,0
e don tey na about sha abraham was how old when isaac was born,1
taxify and uber needs to sensitize their drivers on the need to smell good at all times if they are not interested in their own hygiene they should at least smell good for their consumers e remain small motor go show una fit dey do anyhow then but until then pirri me,2
may cant get any worse sapa still dey hot fulani herdsmen still dey kidnap and kill boko haram dey get more power chief of army staff crashed and died buhari still remains president to cap it all chelsea don win champions league,2
me ògá wetin happen na where una dey run to with cutlass agbèrò we dey go mtn office we go burn am down today me haha wetin happen agbèrò you never hear say them dey kill xenophobia for sauti abi me,2
but really these two don dey vex me na only them balon dors and one of them will win this year making in a row,2
passed nobody bring new same i de get hope say we still de new year week don end hmmm on this note i rest my case,2
asuu my landlord in school just called me my house rent in school has expired for house i didnt stay in for months now fg e nor go better for una oooo if dem pack me commot ehnnnn no money,2
wetyn concern u now which zone we go call dis wan nah you na who r u callin boyq,2
dcode wey tell mulla big word na once mulla go house go think of how to drive e aruba,0
i dont think so me the like i like wizzy all hin song i sabi am e get some music wey i go play for wizzy e go shock wlh allah,0
seeing as rice cost for market i just dey admire that bag of rice wey dey there god bless you for your support blessed is the man that giveth than the one that taketh may gods blessings and grace be upon you always,2
so you sef don notice am,1
low budget ayesha yesufu don begin dey comment again calm your tits with the i know it all facade please if you no learn to mind your bidness for here dem go beat craze comot for your body one of these days,2
married men married men married men married men married men married men married men married men married men married men how many times did i call u stay away from my dm stay away from my dm d ones wey i get for real life sef no be sey i want abeg,2
just like that season that hazard won it for leicester city chelsea don tey dey spoil parade,2
arsenal abeg vex pull out biko,2
like for real mehn shelby and cigar=and na this guy dey make me dey use cigarette do lipstick,0
baba me don dey used to am,1
na so nnamchi them wan take kill us we no want algorithm una wey sabi book go dey oppress studiocode people like us of = of = of = of = ️ i use calculator for the addition sha,2
omoo social media nowadays walai ko funny make d nigga with epilepsy just know where e dey spit go o make e no spit pass boundary woss,2
southern nigeria una dey hear,1
e be like say na man city dem go give us oo,2
you go market to buy beef butcher go cut am like say na you suffer pass for this country ‍️ by the time you steam am finish e go dey like sweet candy,2
every year na me dem dey use do father christmas for my church they dont care about my mental health,2
lmaooooo thank god e kuku dey empty abeg make dem gods run one or twos inside the aza nau,0
be like the men wey dey like this tweet no understand wetin i mean abeg nau,2
ah e don electrocute her,2
yu dey find your own me i dey find my own,0
weytin be that wey dem gimme joy na my baby my baby congrats mama more wins,0
person voice dey sound like car engine wey dey start,2
im supposed to make sure my mum has the best of christmas like my dad always did for her popsy no dey again and i no get money,0
i bought bread yesterday i dey hide am from my guy e no dey contribute anything for house see why i dont like having visitors dem go chow everything,2
ner take away u dey use in your home as plate,2
na weyrey wey dey disguise,2
i feel like na food i go de chop in my labor room please gimme barbecue chicken before i push,2
i trust you na na this kind thing you dey like explain,0
your relationship is not even defined yet you don dey mark territory the insecurity stinks be giving someone unnecessary headache on top stan ko shi danu funmi mehnnnn make i stan my partner in breast dorathy,2
fine boy like us na dem dey rush us️ jovic couple lagos nigeria,0
what police is to doing to others in other states na area boys dey do am to us here all politicians are the same obaseki is the same are boys dey use iron beat protesters,2
amazing kachy sip ur wine jarena oburo gi melu uwae remain barca wen go soon fallinside potopotoby denna champgne we gopop,2
who be dis u see anything wey resemble giveaway for there u sure say u de see well,2
her own na standing she no get ticket ‍️,2
dear sis im just trying to figure it all out cos im deeply irritated at such a groveling mindset especially for a babe with such a star for the future wetin dey worry am nau e dey pain me o no be say i wan harsh just deeply peeved,2
i dont get your statement so me i dey behave like person wey dey high or mad ikunle abiyamo o why me as example,2
this modric goal was one real madrid goal i didnt celebrate dem just ruin handicap wey everything don set,2
my k plus followers wetin ah do you nah we suppose don dey roll well by now nah since,2
i dey use god beg you come do give away for me please e don happen egungun don enter express + weeks ask for akant number biko nu,0
umtiti and the likes that decided to stay na beg i dey beg make dem no play any match umtiti still dey my club pjanic dey but messi comot abeg make i no see dem for any match cos i no go watch am abegretired footballers,2
guy like us no dey look for love na love dey rush the polytechnic ibadan,0
lmao so una been dey watch me forget dressing man dey hungry,2
or na you dem go use for the sacrifice,2
twitter can hype rubbish abeg make dorsey come carry e app smh im done,2
i remember that day when you show for my room dey shout pandaaaaaa una don do am again guyyy i miss you so much mehn,0
lmaooo as annie didnt see shoki she sef shock,2
eee don happen eee don shèélè rain don scatter setting against tomorrow wetin go sup with the chair wey sanwoolu go sit like this,2
thats all for now you too like gist me i sha dey ignore am and you know that sometimes hurts she fit vex later con come out say person dey ignore am based on one or two ️ you dey go back school you say make i buy you provision me sef need provisions na,2
oti be like you know say you no get sense abi you no stan me wey be your room mate and you no promote my hustle but you dey stan celeb wey no send you abi if dem born you well reach this house ask me for food mek your celeb feed you heeeeeeeeeeoooooottttt,2
that laptop na my client e wan kill nifemi,2
the slap i will give u aswear e go get standard wey belle go comot incase u get see the stupid slap theyre giving her idiot gang,2
lol one day sha if anybody see me dey fight make dem just pass because na so one say e wan fok me say cold dey catch am because rain fall,2
i don belivit the same abuad weh i dey na him this kind babe dey wahala dey,2
e good as na them dey do themselves,0
oga baba j abeg u get any k wey u no dey use for now make u give me abeg so this christmas go sure for me small abeg thanks in anticipation,0
make una dey play una ball ooo we dey street dey protest na person wet happy dey watch footballwe nigeria youth are not happywe arent watching any match,2
chaiii this one don sweet me die loyl e fit be you o,0
i don commot my wallet app for dark mode to light make i fit see wella,0
me sef never enter kitchen oh buh i don chop gon buy biko,0
oh see better pikin dem god dey create i beg baddest tailor a babe ️,0
for my mind i don save k as i reach where i wan memory card the lady don bring out the memory card e remain make i just open back cover to test the card na fufu dem sell for me oooooo,2
or you wan return home you wey dey like mama iwota,0
na all our laptop and phone batteries don spoil finish despite say we no dey comoylt am for light,2
its asikwa na for tree top i go dey de blow my oja,1
my guy just laughed and said this game no dey sweet me una no go understand all my ticket don cut in other words = e don burst,2
guy forget e be like say na wetin i go ask them prepare this afternoon,0
omo i don off gen na come terrace i dey lidis o,1
with jennnifer omoko dey celebrate one of the most celebrated and recolonized female actress of our time her name na we salute you sist you don try wella kpokooo,0
so our oga don loose guard and mama sha see pata lorisirisi oga dey tell am say na she get pata o mama say make oga swear say he no carry any woman come house oga no gree o‍️,2
so dog dey pass out how you go blow dog just because hin want bite you dem dey fan bingo dey pour am water person dn go buy milk,0
lol even at this point buhari twitter defenders don tire e don dey spoil beyond wetin anybody fit defend,2
most def you will get tired of his points sef,2
lol stupid annoying thing next month i fit fry my own egg sef,2
wait oo shey d guy don offend dem b or y dem dey burst am on top bday like dis,0
lol im good maka we suppose link up òooo e don tey,0
november is here ya allah ur boy i mean me has professional exams dis month bless my memory and studies if i study just its just that that should come out im not trying to be petty buh god you sef know as e dey be nw,0
it wasnt even direct and i dont talk to her im in pains talking about hes like my bro im not even a bro im like a bro my brain is even aching me,2
my love for the back of this top its magic na the work wey we dey do,0
nai i wan just talkordinary selfcon for here you go wan donate organ first to afford am,2
why you come dey vex like na you get the shop and the food na,2
with this exchange rate im sure its more than that sef,2
no be we talk ooo thank you trailblazerdung for the review trailblazerdung una sabi gather people wey get brains and wits to,0
im not going to lie marriage scares me obirin san lori gan okunrin na de ya werey gan,2
wetin dey do marvis she be dey cry,2
asphaltass fat kai dat engineer definitely smoked my blunt while looking at dat ass see wisdom abeg,0
onitsha people how una take dey breath for that city busy dusty noisy and too much people everywhere hot ‍️ light sef no dey ‍️ left nkpor by pm got to my house in the village everywhere cold fresh air plus nepa dey ️ una dey suffer for that city o,2
as this country is going e be like god don comot hand from anything wey concern nigeria cause whats all this sad news everyday,2
is like want depression to catch me before he see me vbank i get vtarget i get betway sef i dey inside even video sef i do bikooooooo naaaaa,1
plantain don scarce sef omooooo this lagos no go contain us again ooo yall took berry blast from the market like nothing happened and now im spending hours looking for plantain on this mainland trouble will manifest i pend the search till tomorrow ‍️,2
bro thank god dem no use vex beat me people dey para for this government oh,2
omo wetin dey happen gan sef,2
na my alcohol money be dat,2
its look like you just got ahold of this endearment e dey sweet you for belle well well sir,0
d kind waka wey i waka this night god pls i dont want to ever experience it again,2
e better like that make you no dey resemble pregnant woman,0
lol nothing dey work well bro we just dey patch patch am atimes self man dem dey wish he follow boys do game but,2
this go hard ooo albino go throw e neighbor pikin up but e no come see the pikin catch again we still de settle,2
na dere dem go see u,1
small thing dem don vex like those videos where you give dem small food too,2
your own sef soft my dad will send me numerous videoswic i never get to download and later he will ask mewhat did u learn from it even funny videos and those short clips in chinese how can someone learn something from gifs,2
see dem dey wil not mind dia business,2
caleb university babes dey knack fire fear them them go knack you till you cum blood like say boys no dey the school ‍️ make babe dey tell you say youre not that strong in bed after four solid rounds ‍️ if she tells you faster fasternigga just pull out and go home,2
we love playing around with beautiful fabric d work wey we dey do kellyzafricana,0
lol tgis anti corruption package nor dey tire una we don wise pass that level e nor work again start doing it with your achievements asap las las na daura loader,2
i dont like the way your header looks at me when i enter your page e dey look me like i wan thief something,2
saga maria wan marry you you dey follow sunita up and down like say she lost dem don use indian jazz for my boy o,2
our last born name na ilias but people dey call am iliyasu na my name fine pass habeebllah,0
but e get as una dy shoot am out like this especially when on a short gown we don see the one wy no reach ur own na and e make sense,0
u n e d i t e d s e r i e s owambe saturday bookings ️ we also love our walkin clients muse ibukun,0
gran ma wan change oil dem catch her na once she change mouth,2
never man will call me for hr and its full of insults bants abuses but deep down we know the love real af something we will never trade what is kiss smiley and mwuaah na abeg abeg that boy is foolish,2
e still far o,2
confusion break e bone e yeakpa na double wahala for deadi bodi and the owner of deadi bodi,2
omo person wen i dey depend on for christmas don dey call me boss,2
good no one tagged me to this today una don dey forget thanks,0
u still dey laugh na,0
i gave one small boy ogogoro dem catch me e beat me had to act like i fainted e use cane wake me up,2
congratulations bro your girlfriend dun get belle and scan say na triplets she go born olohun a ba e wo oo amin,0
to be last born ehna crime these ones don turn me to house boy igwe unijos like me,2
with that kind english way dey him mouth,2
the owner of that car na olodo me i for don dey hail by now,2
see how this fine lady feature me abeg anyway let me digress a little bit come and buy wallpapers ooo plenty colour and designs dey for una need,0
i hope youre not talking about shema lmaoooo because that shema sef dey wonder how your money dey color,2
karius was woeful biko ahn ahn e be like person wey nor dey chop protein,2
i sabi say na me,0
wait oh i hope you know say some people never see iphone you kon de talk e be like say you na de mad,2
omo i won start to dey beg na cos im broke,0
day was going great first time i drove to the mainland and back without so much as a dent or scratch on my car enter studios open laptop and voila the screen don crack i need to start dey do fowl sacrifice everytime i venture to dis una crazeman roads walahii f$,2
barka de sallah im sending down your own meat abeg cue in awon temi by for my goons,0
you de mind them before,0
with the way things dey go for this country eh i am very very scared no security no job no comfort no peace nothing nothing wtf is going on in this life sef abi angel gabriel should just blow trumpet now sef make the world kuku end mtchewwwwww,2
i am sitting here no leave no transfer abeg reply his apology e sweet me o na atom special,0
even me wey dey baby pep with fraud talk no fit talk that kind thing,1
what is happening here okenwa so you dey come awkaetiti every december make e nobi where i dey think,2
ofeakwu scarce for this benin oo howfar na make i come for this weekend na please,2
what amuses u might not amuse me after all basket mouth performs to a sell out crowddis una nobody from ur native is no where close is nonsense,2
abeg tell us for dm na,1
person way chop ordinary slap e rush go dubai,2
you have been giving entrepreneurs students hospital bills what of me wey be doctor i like freebie too we sef na fans,0
the kind snore wey dey go down for this camp na vand v engine oh,0
school uniform in the game house hours after closing time it was on a friday my guy na we them use end assembly the next monday nice strokes of cane for yansh they called my parents it wasnt up to three weeks them don dey label me and my guys bad students,2
i swear jide read pass me for that exam i was too confident like wetin baba wan set wey i no go sabi baba sly me,2
seriously why dem no dey call me for the dollar rain sef its no fair o,2
nithank god i no sabi danceme sef na only today i hear dat kind song,0
lmao na so dem take thief my phone i go crash for class wey no get light with chima,2
tell the truth but you go dey fear you crushing on hershoot your shot but you go dey fear you get your moneyspend itlive your best life but you go dey fear yes am talking to you i really need to meet this mr fear,1
na who get sponsors dey go school na street i dey full time,2
what is these peoples problem sef now now dey don form swat but our demand was taking a process shey we are a joke to them in short ehn ‍️‍️ did we say we want change of name ni ‍️,2
dear lord when my wealth finally comes please let me be humble cuz as i dey like this ehn as i no get shinmgbine tin tini pride still dey on the loooow o god help us all money does not change people o money enhances the inner you,0
lol he say na winning mentality for draw wey una manage get oo,1
as in i don dey save for months and e never add up o,2
some people like us dey die for here just to see you ooo baba see me na house cleaner is enough i fit dey sleep for floor abeg,2
abeg na beg i dey feed me,0
i sha no understand my ig‍️ i dey see plenty followers for my tl but the number of ffws dey reduce e dey pain me,2
na only me dey department na me be head of unit and team member like say dem carve department for only me work wan kill me,2
na today una know say dsf na liar if she fit talk say cab guy be wan rape her for am when she nor get destination she can do anything just to be relevant failed actress abi wetin she dey do for a living again tcheww,2
wetin again you fit dona u wan mix cement and water,2
like this this guy go fit dey knack threesome while me dey feed mosquito here,2
you carry olosho dem say you no get game you took care of yourself by yourself dem say na lack of confidence please wetin go for next boss,2
you dey craze you sha understand just choose one of those una embarrassing moments tell us how e be,2
lmaooo see how they remove d man head we no dey kidnap am na,2
wetin i do moncheglabach sef na to rebet lie this,2
e don tey wen i see your post correct guy,0
as human no want dey give there babies direct breast milk naso dogs self don innovate into something iconic dem just need the help of humans lobatan bayii vitamincole gamebman,2
only god knows the number of times buharis name is being mentioned in this countryeven the one wey no concern am you go dey hear na buhari,2
make una dey try make the zobo cold before una dey serve am oooh wats all this,2
cant they just say i dont like you or im not feeling you and let the person go ee de pain sha hope u no de do like dat,0
lemme show you wetin i dey sell please check my ig page i have more lovely items for you laycon erica lagos yoruba abuja wetin africa boss burna nigeria may allah,0
e get some wey dey my kitchen now like this wey my mumcy buy from effurun market,0
make i wear mask for inside car again e dey bag,0
ee be like say tunisia inner gingah don finally wake up dis final quarter fam pts back to back thanks to imen jedidi mistiri wen sink in a surprise dem second for the game revival,0
una wen dey receive massage na wetin una dey enjoy be this omooooooo,0
thats how an elderly man wont shut up till one small boy told him baba e dake jare awon egbeyin se subscription dstv won wo nile e lowo ra gotv e tun pariwo baba no gree come viewing center again,2
lol why e dey pain u na not all of us dey wank,2
in wizkids voice hey sexy lady i want you in my life i want you to be my wife o baby girl just you and i o my baby you too fine oo you dey make me dey lose my mindskrskrskr fuel don finish,0
abeg e b like say hushpuppi don hack nysc account o allawee never enter o,2
bros na so e dey be for here o lol,1
is it until i dress in rags that people will know i dont have money yet and i dont even show off on sm cos i no get una dey make me wan depress say i never get money to help you oo,2
mad oo you for tell them wetin you hear na,1
hai god comments plenty o but any how my head dey game i sight you well for that secs for your right corner but i couldnt screen grab that part but this na your drip e also dey your dp everywhere as the song dey bomb,0
even me sef dey laff dey doge bottle,0
una wan start like this lol abi the virus catch una,2
make una help me oooooi don put hand wey i take blend pepper for my balls when peeingim burning now,2
omo women dey suprise me o how one mumu joke like stingy boys association go dey make una chest tight and tbh yall know its a joke if boys stingy hunger no go kill una nau or is that the case because itll explain the pains about it,2
haan na everything be red flag sha wahala for who dey relationship,2
dem don remove e sense now,2
e be like sey una know this guy make una gist us the twitter bird dey hungry,0
e pain me ooo me wey single like this she for try look my side na may her soul rest in peace,0
seyi do well for the presentation sotey them dey talk say e over do ham dey no fit handle the brilliance again after you na you seyi i stan pka dr seyi awolowo bbn mbbo phd+ gon clo pepper dem bsc ‍ rt,0
oau people e be like say all of una don enter express oooooooo egungun was not careful enough ‍️,2
the way when time take dey go eh e be like say end time don dey reach,2
bros na pidgin we dey do for hia how di reception be like for your area,0
screenshot abeg somebody help me abeg wetin the tweet they talk guys she don block me someone help me screenshot,0
my belle dey pain me like this sef,2
na wa oooooo so somebody cannot wash her pants and spread on the line to dry again so one fool will now come and steal the pants at gunpoint and use his destiny to buy benz which kind wahala be dis this is becoming alarming with each passing day no safe haven again,2
ughelli titans how una dey i dey asaba the come your area o a tacha tacha,0
if na this oscar award winning actor now i will understand na person way no fit navigate elevator dem dey do like this,2
na the work wey we dey do delivery is our calling general errands,1
if this ship no work i fit die,2
abeg all this money who dey collect amwe way dey grassroot no dey see anything oooooo anyone to reply me on this,2
the kind lie people na e dish na this twitter na agba mụ anya mmiri makachi people can lie ooo,2
the person no gree na why i dey help am find buyer,2
my bro replied wetin happen i call you tire switched off i even come use microphone dey shout for manuwa busstop say if you know madu onyinyechi for banking rd year abeg tell am say i dey find am o people dey pass dey laugh me,2
this bro no nice at all upon all dis message wey you dey hear im crying for you,2
e be like say that ogbono soup don dey twist your brain you no fit pick call again abi i blame myself for being lonely and bored eediat,2
seriously i miss bhadooski his tweets and his mind your business lifestyle e get some influencers her e wey they like drag person unnecessary,2
u see how everywhere quiet imagine say na apc state all those way u see say dey always make noise for don do thread,2
lmao oya na motivate how the goat go take survive na na una,2
some no just sabi put points forward without throwing insults dem go say na bants,2
i actually cannot stay up late and not eat sad part is i enjoying watching movies at night but i no wan dey chop like this,2
wetin psg dey do no dey moral again na,2
you go dey work to get dough they go dey slow the tempo,2
you just dey use this page dey advertise clothes with your fake fake predictions oga shift abeg be like say na you dey make we no dey score plenty goals again,2
na glasses i dey sell abeg please patronize me,0
someone said landlord carry side chick come house tenant record ham show landlady e don happen,2
james don go talk the one wey don vex zidane em no go see ball play again this season,2
family dey call ooif no be billing na something dey sup oo real st come and drop your wetin my eyes don see vibe on this guy track abeg worldbest na skylevel only ️,2
nope rosicky na reus idol if we fit buy am e go like wear rosicky jersey,0
see wetin dey happen now because some evil people wan chop bat soup e no go better for dem,2
nne please kuku ask them the type of twitter wey dem dey use make we kuku go download that type cos the thing sef don tire me oh,2
dem scatter every where from the beginning and still dey scatter things wicked generation how can a country like ours still be struggling with electricity upon all the professors and self acclaimed visionary well positioned leaders dem even get gen for house and office‍️,0
ahh i am smiling brand ambassador of smile sef,1
you fit listen to this o would make you fall in love ‍️,0
na secret cult you don see dem dey see you,2
go do something without telling us in order to celebrate jp i don vex sef i no go congratulate u for your pop,2
ive been waiting for you patiently like a prodigal son waiting for his father dem no even sabi na hospital bed dem dey use,2
chai from number one to number five all stunning lemme goan admire them again sef,0
i don try my best on it tho e no dey show,2
kwanar ina ppl like u wey no dey comot hakkin allah inside ur wealth get mouth abi,2
thiago na them dey win buh na we dey enjoy ball pass alcantara,0
im a tall slim dark man i cun be aa join so if you think ill stoop so low to beg you to dm me then must be jokingly right ooni shoriburku dear cobweb don dey my dm,0
sugarman dis ur tips hmmmm ok we dey wait dem,1
weeks to my friends wedding and i never get style i don search sotey i don dey loose hope oo,2
na empty belle dey make man dey feel some how,2
lmao craving sea food pasta from lmao which kain wahala be this im far off in anambra rn but im craving something in lagos,2
akpos my own na watchn a futbal game wt a guy fr big tv and he wil be askn u who dey win wey he fit c d scoreboard clearly,2
these girls must be drinking some special kinda water down southloving this glow loving this sass chai roast us small small with dis una swag abeg we are your sacrifice chai,0
girl you just de blow my mind,0
na partey dey sha collect and e dey pain me o,2
yoruba people like anything owambe i stan we just dey look una like ehn ehn wetin una dey do we dey wait for una in lagos ooo,0
na me still dey sell quality abaya too ooo its part of the hustle make i sha drop everything in my gallery today been a while abeg pls be rt all edakun,0
e be like say na everytime you tyre dey get fault,2
youre not doing anyone o na all of them dey do you,2
na the kind people una dey argue with on twitter be this,2
calm down even your location sef is working against you,2
this speech dey vex me nothing even makes sense this guy just dey yarn dust i think itd be better if jubril no address us this video was obviously recorded nowww,2
as in the guy brain dey there,0
im certain say na nigerian dey run this,0
if dem do am wella how dem wan take come chop,2
omo ive been on steady data subscription since the beginning of covid i need to applaud myself and add wire wire to my nameko easy rara thank you oo week subscription na days e dey last,2
those guys finish me the day i bebeto enteras i wan run close door naso ozor shout my namei say enter i knew its been for me howard just dey laugh like idiot as ozor dey shout this boy is a criminal,2
you nor say na mouth una getwe nor shout,2
if na for money g et am plenty sending my fbn account whenever you see am another reason i go dey feel am and i go dey twale when he show for tv mavin,0
bress and yansh wey i de re serve for hubby ooo they wan make i do am public property alili umu ogbenye,2
hahahaha e be thingzzzz today ️,0
dear god if you happen to see this kindly know that i cant be a citizen of nigeria here on earth and still end up in hell in the after life you cant punish me twice na i dont wanna be in hell a second time abeg this one don do,2
by the time beans done who cook indomie go don dey hungry,0
na wa oh because you offered me sex and i said im not interested you decide to go around telling all my friends that im uselessladies is this how you guys do now‍️,2
gone are those days when we used to have rainy and dry seasons in nigeria now we have the e be like say rain wan fall season and the this heat wan kill person season,2
tb joshua no fit die now na wetin dey happen self this cant be true o,2
bros thank u e dey pain me eh me that from day was smooth sailing up to now only for them to my dear bros dirty laidis e dey pain me walahi i really hope d number goes through and good service to ease d pain can resume just finished a guitar tutorial on youtube sef,2
you no hear wetin malaria dey do us bah na proud you hear,2
omo na wetin be all this one na gig don finish again wey na monday afternoon i suball this isps tho,2
why these players no ready to score bayiii make all the chances wey dem no use no con koba us bayioo,2
na so dear preach the gospel abeg make e sink in,0
whats wrong with this people sef haba lets us eat food finish,2
we nor dey taya oooi love wizkid essence video be wan restrict my period flow but becos na wizzy he still flow,0
there is one guy on this app thats not fine but una dey always hype am and e dey headache me,0
lol una get giroud wey like fa cup pass em carrier una dey bench am for nothing hudsonodoi is there as well confused managers that always want to prove useless points,2
this fake life has finally land me into trouble when i think say we dey plenty for single life omo everyone don sort them selves out sha dey con dey use the singu life we gather dey before dey mock me,2
who your birth month help for this lockdown period abeg carry your birth month go one side first make we know wetin dey play for area,2
na whatsapp contacts wey retweet my links i dey loyal for,0
forger hype abeg because of the love i get for the guy i play the album overnight just so the thing go enter body but as i wake i still low on vibe the tracks get as then be jare all na low vibe things and den fit putset you for boredom moodmode,2
wetin person go chop like dis,2
lmao na she unfollow me too oh funny thing be say i dey try interact with the babe for tl dey always retweet her business whenever i see am them dey slander edo men regularly nobody dey take am to heart aunty dey provoke cause of brows and bear bear,2
wetin dis govt don fund abeg,2
guys dey always dey careful with una una fit even break person head,2
the hole wen bob don put for that yansh na the only risky thing oh some brothers for don turn cook for am,2
shout out to ma men burna wiz n david ️ say dem dey wait make i drop dat new fire tomorrow first before dem drop their album whos ready for vaseline mafipara about that time for our yearly dance music,0
by now i for don dey chevron drive dey enjoy this,2
heartbreak wey make person drink to stuporsmoke igbo like say na doctor sens am dey vomit dey cry,2
vector after all the warnings the super eagles dont play against the falcons worwor pikin they form handsome only one kelly dat i kno how come you didnt pay attention to all of this vector,2
if you know ezenwekwe n margaret street na there e dey sup if you know me wella even my close pals knows ion dey brag bout this things,0
kai fine boys like us we we no dey too look for women like that na dem dey rush us,1
na since yesterday i just dey vote motivation i hope say everybody dey vote am,0
sapa no good at all see me dey find atm wey dey give,2
abi na me dey overrate pogba i dey expect like de bruyne from am,2
ah dey here dey rack my brain god too patient ogun sef no dey kill again karma doesnt happen these men will still be looting money and living large may god help us,2
people telling me congratulations like say na me win milli provided say na my president win am im honored,0
u don de spread am already make i dm my details asap abi,0
the responsible well mannered christian groomed and from a good home dont get to be picked but u see those ones with big bress and yansh freaky freaky and all controversial looking for victim men to drag for something that they both enjoyed na dat type una lyk,2
na all those kind guys for exam hall wey go ask you whether you dey sure when dem dey dub,0
wizkid fc una bad ohi don laugh belle scatterlas las na wiz inspire all their mcm,0
na wa me wey be energy god,1
person wey crazeman don bite bwen e see mechanic dey comena once e dey take off,2
brooo you get eye i know wetin i de talk,0
just for the fun of it na me sef dey go buy cake for supermarket too,0
haaa i like remi gan o coke studio dey sports centre i no gree go as i hear arabinrin mon ba e soro o n se fala folo for biobaku i run reach sports centre,0
una just dey scatter ground holy boy like me no fit take anything,2
d kind talk wey dey spit out eh u suppose be course for skool abeg and na first class student i go be ah swear,0
their pikin dem papa,2
lol why you con dey vex na,2
lol its kuku all of you im talking to small thing una don dy analyse they apportion blames,2
na this kind video dey make me dey hungry for marriage but na money and babe remain,0
life in uniben anything can be disrespectful in ekosodin cultist so you feel say you fit just turkin dey spread chest dey waka anyhow oya show make we we reason only,2
lmaooo guy i don tire sef belle don dey big anyhow,2
which kind rubbish be dis like dis now i tried recharging my phone with k las las na k airtime i buy ‍️ i dey sell card oooo,0
abegi where una d see boy friend wey d assist una financially na cos i am tired of all this broke ass niggas that never appreciate the little you give and they will not give,2
are mfm doing that if so when did they start doing it make olukoya carry him wahala go soda place na because na poor country we dey make am get levels some of these demons they want to kill are simply products of bad upbringing or poor education,2
i jus dey feel dis and biko meanwhile if you bring your own oh or you want make we help you go anyone we dey our sweet~belle go be to make sure say,0
peru peru shey make i send bvn join anytime i hear send account number i dey clean my lens still dey loose focus camera man wey no get headshot access bank,2
lmao not chisom i been dey look when dem dey drag you,2
fat boys like us we dey find wife but dem no dey rush us dem no dey rush us,2
people who bought phones at computer village and saw fufu in di pack when they got home how una take do di fufu you chop di fufu abi you troway am i want to know,0
ahhh you saying rich woman i just tweeted about someone calling me big woman ‍️ i don tire please im broke i need help yall should stop thinking im rich now,2
breaking news the matter wey dey our table now be say aka starboy don talk say him go die for the matter one go let settle so simi zlatan adekunle,0
wetin dey sup nah is it that people are not seeing my tweets or they dont just want to engage them please im new here o teach me what to do abeg thanks,0
lol chief hustle red o e no easy,2
here i am baby practice what you preach fi di gyals dem karaoke was super litty last week friday hope yall come through this week im your host so come watch my fire moves too this friday at by pm,0
e dey enter extra month why why you dey like this,2
lmfaoooo wetin u dey find,0
dat na since nau,1
the passenger don shit dia panties wow,2
why you come dey do like say you no wan dance o looking at you pretty face theres mistake that im crazy about you you bursting my brain baeby youre bursting my brain i no go lie o baby me i no fit lie o oo hassaniiii i live you die,0
na so na so na so,1
now now you don reach owerri i think say na ihiagwa you dey,0
see gist yakpa everywhere where i wan start sef,0
life in a useless country haha lols abeg make we go back abeg i no want make de shoot for lag ooooo lols,0
ermm the way awon olokpa de use agidi jump enter motor front ehn no wahala for that wan o but wetin me no understand na the way them still go carry the same agidi no pay conductor money ‍️ thats a negatively correlated shii,2
e get as my mama dey take do her eba e go con be like fufu,0
thank you lord for the blessings of today your boy don chop na your doings and i dey grateful,0
twenty wetin for where ma hand no dey oooo the guy wey be grandpa choi nigeria footballers sha,2
i dey kanpe saudi man like me don settle down nd he don get two wives,0
las las u go dey alright,0
na their ministry be thatawon alabodo dedehausa girls and correct knacks are like anddem no dey wear pant sef to make it easy,2
oga boss this your avatar abi na caricature get as e be o like custom officer wey dem transfer from port to desk,2
i dey see them on a steady a certain time one even use shoulder jam me and apologized if dem stop me i dey stop give dem phone to check e be like say dem dey use jazz no say i no get bar,2
so na so we go dey see bruno give assist for another team edward go dey keep face like who them no give kprash for house god is edward woodward bigger than you please nahh sign bruno,2
now no guy will truly believe is in love because no be only food them dey use you fit just dey your house dey like girl when you never talk to before or liked all of a sudden youre in love later they will be shouting men are scum women are scummers,0
na so i go glo office upon then on hotspot for me naso i say make i download army of the dead only na so i see hours left i think na all those play wey download they like play like u get baa omor after hours i go come i still dey mb i just give up,2
na why i dey ask abuja when they fit cheap like this,2
when did catholics finish lent here sef na only dem sabi fast na,1
have you seen a beautiful arewa girl today dont say i havent done anything for you o see beauri now a full spec and more sef anyways makeup by me beautiful belle then im available to be booked for your events pls slide in my dm,0
how you want make e be sef,1
i wan change am for am buh na public place sha ah e pain me and my guys dey another table dey laugh,2
wetin you wan use age do please retweet or geddifok out of my tl,2
omo na spag wey me think say dey oh na hin as i enter kitchen now boy don finish am,2
e b like i chop jazz inside this man vegetable soup because wetin b this feeling,2
momsi dey beg me make i stay house my sister dey beg me make i stay house my cousin de beg me make i stay house never have i felt so important in my life before im literally in tears because i know i wont still stay home,0
yesterday fred bin marry today e score na wanbissaka do assist we no sabi the kind wedding night knack wey hin wife give am but make she continue the good work,0
goddddddddddd dcode na lie abegna alupu dey set rules for the house give mulla e ogaabi nor be mulla be oga for the house,2
falz just dey air the eye signal bovi dey give am,1
this one wey years old kid don dey use twitter like this nawa o ‍️,2
good morning kemi of course my fellow woman would tear me down me wanting to pick from a range of men to make friends is now a crime secondly me wanting the man to pay all the bills on dates is now a crime lmao if that makes my tweet smelling make e dey smell dey go,2
tigernut drink is what you need if you really want to go to war i mean i just pity person pikin wey i go handle today fa all the women around should be guided please body dey totori mi,0
na we dey there na we get am,0
na just vex i go they vex because i would have wash them again but heart break,2
ati your head don dey shake well well,2
e be like na eric brother dey handle this bbnaija handle because i dont understand the jump on this ship since morning,2
my fellow e be like say na so so battle we go dey fight till this season finish,1
dont say that na broda na the twin sis like fetish stuff,2
las las d ashawos wey d twitter ehn their thunder just de different,2
d food go de somhw i go de eat done nd undone beans,2
i broke a sweat when i saw your post had to confirm no wahala sha e dey happen to even the best of us,2
relationship too hard abeg man go dey vex say you no call am woman go still dey vex say you no call am abeg i want to be hoeing around quitting dating both gender for now till i mature enough to communicate better,2
imagine person wey chop garlic wey con like to they whisper for your ear,2
try dey enjoy once once cuz bet wey go still cut go cut e don clear abi you need antenna,0
im a cr real madrid and chelsea fan im done no more argument messi na goat god punish am,2
e pain me sha,2
las las na akon cause this see finish for him self why u go feature nigerian artist so tey e even sing with bred if not where mi for take see chance misyarn like dis,2
omo e dey vex me,2
wetin him de see for ground u no de see for on top treerespect ya elders,2
where dem dey see this kin people,2
oh no while some of us in karu de beg them for light,2
it all strted wit rats chasing pres out of his office fulanis killing fellow nigerians cos of cow and nw snake swallowing mill wot d fk is wit dis country leaders dt dnt cre d citizens employment ⛌ security ⛌ education⛌ health ⛌ power and infrastructure ⛌,2
lol wetin be your own na by the way e check dm yin sir,0
na dia way bruh,2
you way dey talk u don go into farming make u dey sell beta prize give us,2
just when i was wondering when next youll tell us a story i woke up to this nice piece and yeah jos cold die at least you don dey get expo in wetin to expect for canada,0
i dey lament you dey call me boss plis dear im in sifia pains,2
im back with my rants tonight i am uncle veccs because i dey vex fuck everyone elses thoughts and feelings i have monopoly over truth i know truth is relative not absolute but today truth is universal my emotional state is unhappy rn enhen so fuck everybody ‍️,2
thats me london spain anywhere i dont mind na the visa be koko abeg make una help your brother in need o im considering gay clients too,2
as in the word strong ehn so tey e fit break padlock,0
even me sef dey laugh,0
omo we don dey march go calvary o meet us at interbau roundabout asaba by am today we moveeee dem must hear word for golgotha today any roman and pharisee you see knack am something we must stop that murder this year anything wen wan happen make e happen,2
rubbish everywhere and we don dey used to am,2
my own question for pregnant women before person pikin get belle for me be say why una dey scratch under abdomen till he black with craw craw and they spit for wall up and down or na me just see my neigbour like this,2
he be like say i no go dey enter this justrite wey dey my area again na soap i one go buy how my hand go carry wristwatch i no sabi i don pay finish before the charm clear for my eyes,2
i don see people now wey be,0
lol na lounge very chilled e be like say na princess una lodge abi,0
where una dey see these twins dey born congrats bells we tap into this double blessings,0
babe babe babe o shèkpe e get the feel feel feel feeling o wey i dey feel for my my my body o oh make i dey démo i say oh babe o e get the feel feel feel feeling o wey i dey feel for my my my body o,0
na make as u dey grind make u still dey watchso pepper no go enter another man eyes,0
air peace don delay my flight ️ for more than hours na their logo i been wan post yab dem before i just control myself cus i dey hear people dey shout calm down inside my head benin nigeria,2
yes na the only team i wey no fit support na man u of which i know say man u no go sign am,2
butdis vmoses sefim own don deymuchwhy e be say everytime naim dey come lastcampaligoodimma,2
so them no return the rice na the rice them wan share now so them go say na seyi give them,2
warri twitter una head dey shakeperson nor fit get girlfriends because i be una guyplis dears ive moved to ibadan twitter,2
na wa ooo so even if arsenal win na still th we go de and if villa win na back to th trust the process ba,2
$ dollars the only time i go enter motor na if i dey comot abuja be that oh from lokogoma to wuse suppose be like mins with leg,2
you just dey know e don tey,2
keypad dey press hin sef ‍️,1
i beg oooo no lady should disturb me before during valentine ooooo because when i dey reason you you dey form like sey na you dey cook for joe biden,2
so at this sweet juncture its time to attack the third task of s programming money lots of it that root of all evil wey dem dey hide i don buy shovel for am oddyandoddreamythe economist‍️,0
omo na blank my captain dey so o,1
for this market wey we dey sona who him goods finish dem dey see as craze erigga,2
ozo think say because him na fine boy automatically dem go always reason am dem carry am handicap and o housemates where like you dont have the facilities for that big man,1
oga make you rest when u bin leave me e be like say u just wan go downstairs but see where u end,2
i dey suspect say dis man don get belle cos any small opportunity he gets like dis na so so sleep,2
girl wey dey gimme joy con join my club too,0
so women still do dis nonsensedid he tie rope around the mans neckna whoa oh,2
i dey wait for client come see this woman with plantain buns bruhhhhhhh i don pack am e don tey i had plantain bun and e soft die,0
boss mi i swear i no know how god take create u ooo all i know is dat my god will judge u oooo al dis good jamzzzzzz wey u dey give is non stop,2
cum lets goan marry nah my ovaries e don dey do me jigijigi,0
omo feminist life na struggle oo its stressing my ladies out you men should stop this rubbish behaviours na make una get sense life don dy evolve get sense,2
imagine wetin go come dey go through people mind weh never fit secure any job before so sad,2
im not talking about rema peace of mind or falz or michael jackson im only here to say pick one as e dey hot and have it delivered to you for free price frame n frame n please rt help my startup grow,0
na how i go end up for cell dey scare me pass omo i hustled cab when she got herself pay make e drop her for her house mehn god,2
as eleran ara i vex tell my paadi day and for this reason i must collect my money see life ooh out of nowhere i receive hin call months after our last convo say make i no vexwan manipulate me again mi ode rindi oooh na just cos i get soft spot,2
una nor dey tire for this app sef agenda abd reaching everywhere,2
sugarna wetin u call that sporting director wen deychelseesugartht woman na d most yamayama sdirector wen i don see,2
everithing abt gej no dey work even the gbanjo card reader no work but see gmb dat one own na one time,2
e don be power bank don run down im now at the mercy of my,2
the expenses i have for this december is too madddddddd i am weak already my friend wants to do wedding aso ebi k i have fyb expenses wey don dey pass over ki no fit buy phone this year again see you next year,2
chelsea must win oo even if na chelsea mcity no wahala,0
i don chop three different types of rice and chicken my body don calm down,0
peter wetin concern you for fire wey you no wan make govt resti hope you didnt take photograph ohrember unibens pictures oh,2
loool i just dey look u how much me sef get,2
mercy don pepper dem for dis party,2
you sure i don watch am taya na she i dey see,0
my eye red one time i go dey play offensive dey replicate war films as i move in i dey expect my team to cover me dem come rush me like say no fight we dey fight refree dey shout nice gameplay team red alaye koshilo i no do again why my team no cover me,0
hahahahadem don do you,2
i still dey reason wetin better days dey do ahead,1
the way e go be no fit pass the wey e be like this,1
m calling my producers de act like de dont see d calls its later de will want to start doing rush hour for someone,2
lowokan sha i called orungbe to tell him he said i should cam dan cam dan bawo i was inking my hand was shaking dem thief my gen before that week na candle i dey use the torture jury morning i didnt go o i off phone dey ink for house i was the class rep,2
somebody should please help me tell phcn people that rain has stopped since wire sef don dry abeg i need to use the microwave please,2
wash the inside of your mouth properly and regularly yansh dey back e get why,0
‍️ one shoulder top color soft skin sizel uk price n̶ ̶̶̶̶̶̶ gt n̶ ️ off dm to order whatsapp shakarashop online shop wen sabi you sef go,0
if na love portion de inside this fruit jibola babe bring omo na me go love up,2
dem b useless people dey just dey spoil my tickets i cant carry winning for utd again,2
omo if im moving to any woman i go first dey sing am for your ear small small make she dey know and make e dey master her small small,0
na lie u lie or u don fall your hand u don fall your hand,2
where are you people seeing all these true love youre doing na me too im finding na help me to find na,2
recently i have seen usuk citizen type wrong english and i dey here dey think how i wan take pass ielts wahala for wey no get better government o,2
if e nor dey e nor dey why i go boast put,0
nah nah e done forget say day like this go pull up head his fmr aig tiff done dey e blood,2
i always dey pity for some people wey dey talk say them no fit dey fear god make them still dey fear human being like them ur name nah sorry them go chop yah raw flesh you don see where wife they tell husband say nah me dey behind your brokenness,2
wetin i fit tell don jazzy wey go make baba dash me money like this,2
this country eh i don tire to laff abeg,2
if i should win today née na life time memory and i not fit forget the day wey tunde eddnut so my birthday well abeg choose me in jesus name,0
e be like say na only me remain for this country oo‍️‍️ every body dey use welcome to a new week dispensation hei im happy for you all,0
bros help ur gal na i don dey engage since u knw dey look my side i don dey engage since i open my twitter abeg look me side help ur gal na,2
dat one sef dey base on ‍,0
happy birthday to you if today is your birthday ladies and gentlemen e follow my business page kindly retweet pls abeg i wan sell chop help small business grow interested buyers can dm or whstapp me,2
the kind water wey dey drop from my body eh fan dey on oh malaria is shit ‍️,2
im excited tomorrow is the birthday of the best man on planet earth the yin to my yang my partner and support system my lover and friend his first birthday as a dad omo i cant wait e dey sweet me for belle,0
se na like this we go dey dey e haaa don na like this we go dey dey e,2
she dey vex me,2
tweeps tweeps tweeps i call una wetin they happen now i don reach like years for the twitter ordinary k followers i never celebrate just now now just right now motara create acct e don almost enter k plus oh god of followers take your people to my follow button,2
this dress is so comfortable i can say this because na me dey inside what im driving at is you should get yourself one or get one for someone ️️,0
incase you didnt see the previous tweet i said you can start bringing your clothes for sewing o im out of camp if youre just knowing for the first time im a tailorfashion designer and my brand is please patronize me aswr i no dey disappoint,2
that guy dey buy player like say na fm he dey play ni,2
this guy inside benz almost brushed my side i don frown face say i wan do small tout for the guy driver smiling devishly og no vex you sef go buy moerow winks teeth im so happy right now but wait fes whats moerow,0
help me tell my family members im normal oh abeg no be mad i mad na blog content i dey create now that youre here please take a trip round my blog,0
shout out to my niggas wey dey sub for me the one wey dey help me pay for sitehave already reward them broski,0
we know as e dey pa,1
good shape good shape belle don dey come out,2
my bestie is off the market na countdown we de now to nov peep what the husband to be has to say about the matter if e be u wetin u go do congratulations ndi nke m new bestie needed apply within fun guaranteed,0
lmao shebi na una wan dey carry mata for head enjoy,2
maybe coz dem nor who get the belle wey egg dey inside,1
when i dont have money i no dey at peace na why i dey sleep,2
am yet to be a mother na i shock self wen i come online come see happy mothers day women wahala too much jorhow many times wey dey celebrate one tin,2
so na wetin start the quarrel be that,2
done turn rich friend oooooo abeg where una dey see this money,2
i got an alert but i dont know who sent it ah god of umu ogbenyi i bless your name god of ndi ne ewe gi nne na nna i thank you na me you dey look after like this i will always speak of your goodness in my life,0
amaka so from imo state to portharcourt is days abi up till now you still dey road no wahala enjoy the k na me fuck up,2
a broke guy coming to profess his love to the same woman for the th time womanthinking out loud wetin this guy want nah e no dey taya,2
dis my voice tin don taya mi ooi ordered some fabrics online delivery guy called he was outside told him i was coming got to him nd he says who was i dat he cant give d fabrics to midat its a lady he spoke tosumbody cannot ve fine voice in peace ni,2
youre mad see you wey you want use ₦ stake to win ₦ for bet naija who dash you crypto currencies and forex your ₦k bitcoin wey don enter dip you better go an start selling gala and get a life burna boy,2
dr dr we are waiting for you o this children talk is so apt please bless us with one na,0
dis internet providers are extorting us gb wey no dey reach one week like say i dey run cafe,2
the worse na when sleep dey sweet you she go wake you to walk her to the toilet ‍️ na until i hit head for wall,2
see na wetin dem like be that if na hospital now dem go price am like kote,2
no problem iyaboyz oya drop your number make i do the gb i no say e small but me sef no hold you know say sapa dey much love from this side,0
some matters na inbuilt e nor need settling abi you wan go ask mad woman how e take carry belle,0
manyooo fans una good morning o how is the top of the league abi una don change address,0
the matter serious ooo when dem dey chop nothing happen its my time now theyre misbehaving,2
all d chairman make he dey call him self since na for mouth make he nor try me ooh nor send oh na d cc he dey bet so,2
the guy ear e be like say e don spoil o,2
no vex we came to carry our unfortunate friend from here e say na lets date,2
thats ugly men wey no get money but if money dey dem go cheat,2
lol you sef see am but when they were insulting his bestie na opponent e go hold lmao,2
make them no shut down o na there people like me dey take chop no godfather anywhere fa,0
which kain wahala be this na naija no good naija no good but people go dey carry sickness dey come naija i pray it is contained and we find the cure here amen,2
motivational speaker wan commit suicide na we dey settle since,2
order pizza e don dey hungry me since,0
both of them fine die they fit act they fit sing they have money god look at me neeeooow e still possible for me too,0
uti na d double wahala u just dey see so,2
even the man wife dey vex for am e heart na stone,2
make u follow back as e dey hot,0
but dem dey dispossess the m midfielder na,2
you de carry me go bistro,0
dis bayern team wen i watch dem play or run wit d ball all i think of or see is german machine,0
he bargained to be cbn governor na im own bag im dey tie,2
hey guyi was on my own jejely o wen i got a dm ur number msg on my tl as per obedient pikin wey i bei kuku send the dm sharp sharp next tin i see na sms alart say don butter my bread and sugar my teaabeg my peoplemake una help me taink am oo,0
just tiri days into the kind of lies i dey see on this don dey off me,2
up on the wahala wey nigeria get now na concerned nigeria government one word for buhari and his cabinet like lai muhammad,2
meaning you b legendary for expo b dat na,2
y una dey lie like dis i havent even sworn in decades,2
las las na god go punish all of una,2
for this ja omor na sense dem dey take live you cannot afford to live anyhow,0
i dont wanna b on any ladys fucking dp next thing a guy will c u on de way and b like guy ar u hitting dat toowe hav been hitting dat for de past yrs welcome de league please hit de follow button,2
today de gea tomorrow de gea,0
that naira wen dem add for drinks dey scatter money ehn,2
so im at this house opening ceremony at onitsha mehn d house dịkwa bloody chai soso entrance door bụ mil naira frm tokyo pure bullet proof mbia banu parlour mehn e be like say i enter anoda world e fine pass office if to say e fine ihu tv bụ mil,0
you people na dont let me start begging for money na i can work i want to work i am ready to work please come and buy jollof rice for lunch tomorrow place your order now e jor biko mbok da allah kindly retweet please my customers are on your tl,0
yeahabsolutely true na me dey always use instinct give her surprise alert and then shell be like baby why na god help us,0
lol tho they no dey spend reach glo wey dey carry all celebs put inside ads wey no dey creative and their network no worst reach glo own,2
when i tell chelsea fans dat when kepa starts it means we are goal down already e go be like say i just dey hate let us enjoy our kepa,2
chei oesophagus killing nigerian girlsmke dem dey run as dem see camera na,2
very boring and dry partybetter jams just dey waste the guys dress like say them dey go traditional marriage ‍️tacha if na instagramshe go one naked dey shake all her body parts oya shake body now no way‍️,2
i joined the flower gang happy new month im a little bit too,0
afp go to school you no go hear na main market ur mind de shebi you don see ur life,2
jack don vex,2
person wey i don air,0
ill download the app bros abeg make e reach me for ph i done paste my aza for your wall like tread ️,0
thats why mentorship dey part of the link up listing i sha don set finish to dey game aje,0
ozwor na we wan tell you weda you go stain yourself or not abeg dey go e draw if you wan draw‍️ draw draw,2
won get e gidi sorry bro naso me sef wake by past slept back thank god say my brain wake me say i don sleep pass hr,0
guy i shock too in this generation ur acc na wetin dem dey use grade the love dem no send you,2
to play sef don dey tire me,2
this sapa of a thing is now an everyday norms e kan be like say credit alert dey go call debit alert come one credit alert laidiz debit alerts will arrive from nowhere,2
so na now dem dey follow me reason say one of the confirmed convid patients for kt today na for our area worst news is he lives on the street next to ours next to our majlis and he came in contact with people i was with today so help us god,2
na only him waka come,1
everybody don dey know you small small remaining the girls wey you dey deceive,2
lmao omo that time person go dey record rhythm and ray power jamz on don moen tapes chop beating after sef,0
finally someone said it been telling people oh buh dont wanna get ahead of the scripture e dey happen for real life sef you go dey hustle babe months finally you get and knack then e go clear you say the babe no fine sef you go begin wonder why all the stress,2
burna boy has been nominated for grammy wizkid dey eko hotel dey reason davido dey house dey celebrate birthday with manager how come wait for your time dont rush it,0
this matter wey dey ground hmm don tire me oo over rating na keep person like this now the lawyer wey for settle this case still no see e wig ooo oya another lawyer biko i don tire na the matter we dey try settle oo judges and lawyers wia una dey,2
na wen pikin greet good morning na im him wake up good mor mor,0
sugar daddy everybody dey manage e reach your turn you kill am no be so dem dey do something oo,2
pls magnificent no go face bokoharam oo becus of money demfit kill u oo dat tin wey oga fayose talk na true talk oo,2
make him dey sanitas dey flex,0
when it comes to the stomach im so concerned for your partyevents home made food na me dey run am please patronize me here in ikorodu lagos you can check please rt,0
emmyars board are wicked ooso with just a£m wen no reachbuysuper playerdem wan make wenger win epldem wan kill am,2
that relationship wey you dey build your sure say another person never dey roof am,2
hmmn bros come visit me with that automobile for my area for one month the car go turn motoodey nor dey tell person say sun hot,2
the alcohol ive consumed in recent time though the crazy thing is e don be like water for my body i no dey high,2
i really might not be the best but im such a baby girl porthacourt peeps always asking wheres landlord na so una take miss landlord yesterday ooo even called me landlady,0
lol u don dey already na u go speak big grammar land inside otto soup,2
the wahala now be how go fit understand this english someone whose only qualification is waec,2
whatever you do in life dont be part of those sitting at the overflow in church e just dey like say you dey listen to audio message im fuming at myself right now,2
na wey tin dey really play like this like this i really dont understand all this nonsense have been seing so annoying and irritating from one matter to another now this i am so pain right now those fuck shit,2
make my content be my followers will never engage e dey be like say my tweet dey smell to them e go be sha,2
gaskia na true ooo why you go like my sister nah when i know wetin you dey do other peoples sister,0
you people no rate me na my bike man just called me from sokoto say him say make him halla me better pikin baba don miss me,0
like seriously if i catches falcao one on one eehwetin i go do am eeh na only god save am,2
seun abeg na illusion o,2
boy you already know as e dey be na if na for uyo now person for pack banana n groundnut fries n grilled chicken then buy that indomie man coconut rice,0
boss no vex say i no dey ball like u pikin wey no get helper supposing knw god,2
bro wey sabi,0
oga go and sit down who wan beg you werey all we need now is anything apart from this na opata,2
the last person wey enter hell no close door well,2
dear kings i no go talk say make una no marry breast and bum bum o but try marry brain join o dear queens i no go talk say make una no marry physique and preeq o but try marry purpose join o e get why o ire oooo‍️,2
no go dey vex for who no send you o na waste of vex,2
love love this cuppies the write ups but e sure me say adults go still chop am,0
i told them i wasnt pregnant oo but dem wan just collect that k,2
which kain useless traffic dey on ikorodu road like this sef one hour from tejuosho to palmgrove this uber charge go gangsta,2
wen me never buy one sef this life no balance truly,2
invite him to come over‍️ kiss him play with him hug him cook for him to eat wen he is about leaving look him in his eyes tell him how much u love him den give him k for transport hr later call him to know if hes home den surprise him with airtime,2
like where i wan dey see k monthly where i dey work,2
lmfaooo i can relate season still long sha bro i joined paid league nd i no check whatsapp group for link to join league till my guy ask say e no see me for there i don speak english tire the admin just dey whine me nd i don tire,2
please someone tell me theres a gb twitter because i dont get ‍️ people meeting on twitter me na laugh i dey here dey laugh,2
small k when i dey owe aunty remota na she dey lock store against me for two indomi eggs one pepsi and bread yesterday mtcheeew,2
any man wey use him teeth cut shaki from pepper soup with him eye wide opens no dey fear anything again una good morning wazobia fm onitsha,0
i just dey do boss boss for one small boy for twitter until the boy said he was i wan mend am slap wey go cause headache fat cow back head be like elephant ponmo fucking years older,2
so im returning back to school and also writing exams that same week and im hearing the will do social distancing untop examomo e don red,2
twitter ng is the new drug everyone wants to get high one love it on a work note who be the nigerians wey dey manage or teach these people make una tell us nau me sef wan do,0
me e don tey wey i dey atikulated,0
block him sef,2
how will i tell my keeds i gained admission in and resumed university in them go con dey look me say i dey lie say i write jamb more times,2
good country like nigeria but na bad leaders dey rush us na na na dem dey rush us,2
send your woman money your woman god abeg na,2
e be like say na as you speak e dey happen boss show me love too make better no pass me,0
me wey dey edo state buh i dey enter lagos soon sha,0
i want to love somebodys daughter so badly na me dem go dey use as model husband for prospective suitors coming to marry the other girls in the house,0
i don finish crap wey dey smell like adult own no more eba for them more coco pops,2
uriel don strt wit englishsha go n eat d disgusting food n vomit well cos u don dey practise since,2
im taking time to go on my annual leave this year i want to travel to enjoy my life somewhere im saving this money e never complete jesus pls safe me save me lord,2
lil wayne don vex me im actually not excited again,2
maybe na the style wey una do dey cause the headache,2
say na e caftan dey fitted and the guy don dey wear some kind nice loafers whos this,0
i don officially comot hand from anything wey resemble nysc allawee congratulations to everyone passing out february blessings to all of us in our chosen careers unto the next,0
we don see you na son of solomon,2
dem go say na u advise them to do anything that make dem happy so u go come share in their sins like that better tell them to do godly things thatake them happy ooo,0
oyaaaaaaaaaaaaaaa akure is just dry no shayo nothing nothing my people for lagos dey drink shots like dis for mall i dey here dey dullll,2
im not even talking about jungle justice he is talking in the nonsense and they are looking at him saying he was asleep and all sort hin mouth suppose don tear,2
but come oo you want us to retweet till it get to ceec n leo this one dat u fine like dis ‍️ and body banging see standing bres go wear deeper life cloth or abaya come st den we can allow leo see n wish u have a good one ️,0
when they no ban okada sef person dey trek ikeja to oshodi like say na stroll how far ikeja to iyana ipaja daily which way now,2
buhari son kee hes probably well secured even agbero chairman piking dem na yankee dem dey,2
good morning my yard people hope say una don wake tgif im here to take to take all your orders for food bowls and inhouseprivate chef booking ‍ watch video to the end to see the outcome,0
a spec and half sef,0
fear this man during his test period dont even think about not reading for his test if not na na na failure go day rush you,2
lol noooo send me money all ur flexing money i nvr chop ur naira before na woman dey always chop am and dem dey defraud u on top,2
which bar we don dey drink chop catfish for this side since lockdown n curfew started sef,0
e be like say we go get one wey go dey cook for us steady sef,2
una jos attitude no fit let una meuvve till yall learn to appreciate the truth learn to appreciate talent not connection and small money songs only get played on air or talked about online wen him show loyalty to yall wen last artist blow from jos,2
so yall are dissing ooni of iferight i laugh oonitically if you turn to shigidi now they will just put you inside museum ti e baje ni yen ohhh ni tori tweet ti o fe je ki won like o di tourist attraction le fe lo fo,2
oga de ask questions about age you comot tomorrow na your mind go de boss,1
baba na who dem give dey give thanks i don drop details tire make i smile like others na,0
neymar movingpsg£mthat is absolutelly crazyso if na crormessi nkoe go be£mna waoo,2
penissilin na pain reliever na,0
her thigh see as the pant fits well aswear she fit my future,0
skales don dey keep hair agnmtcheeew,2
na wa o if what im seeing under this tweet is true my wife go hate me gan o cos im too lazy cant even get myself food,2
mercy mouth smells body smells she only has her shower once in a day guys una dey chop shit,2
na so them dey do bro and must of them are new comers from facebook they will be posting pictures here anyhow like say twitter na instagram,2
na wetin de pain me for justice be that the crime don kill one person,2
bia divine anytime i see this ylur beards na to kidnap you keep for house de plait the beards de my mind,0
the one weh pepper dey inside weh dey move minds,1
god ‍️ two bowls of ofe akwu plus goat meat wey dey inside i gave the boy living with me to warm so artisans wey work for my house go use chop cups of rice wey we prepare the boy burn everything to ashes ‍️,2
meet one our amazing volunteers of ascf my name is chizoba chidiobi im yrs old im a pharmacist an entrepreneur and a mother of im also a certified genetic counselor and a volunteer for ascf i,0
the weyrey say na group baba e group,2
dem say na aikin allah we de do our reward is in heaven,0
abeg rate my pidgin we dey come through with your favorite products wey you fit buy at boku discounts free gifts products trials and education sef dey we nor fit wait to you this september,0
happy married life john adedapo and regina titilayo god bless you and dwell in your new home john youre now a married man make sure you chop well and get fat abeg na bachelor like me suppose dey look thin and dont forget to name your son adewale,0
lmao na only reason i fit reason am na there e stop,1
go market go buy cow skin na cow skin no fit sweet like ponmo sef imagine person say peppered cow skin,2
omooo which soap dey use baff na baba has been on hits for the past few months now ive not recovered from cash app baba gave me triumphant im still tryna recover from that boomfade wan kee me,2
omo oh i dey mortuary dey book my dead momma them call me oh i was trying to explain to the bastard that the timing is wrong the he should come back some other time baba dey raise voice say he tracked her from onitsha that she ignoring him was rude i wan stab am biro,2
i saw dis girlmy self esteem wen to i cantbut na money b fine bobo sha,2
once e reach marriage men dey forget big breast and big soft yarsh dey find big heart why,2
like i dont understand how this things work you dey vex for me on top my own money again because you have a hole in between your legs haaaaaa nne adiro m enye onye na a di abalu m ulu ego m this stupid sense of entitlement is messing with my sanity mentally,2
i dey from owerri imo state resume work on monday morning for anambra state sef,0
come my igbo brothers una no go travel leave this lagos ‍️ haba e come be like say una move frm easy come,2
i have the prettiest and most sophisticated clients see fine girl na customer appreciation ️️ bag from us stores enugu nigeria,0
as i finish exam so na parte afta parte,0
omo you dey yankee still dey say make i dey pay you monthly salaryagain i have useless friends,2
lol na wetin dem dey promote na verbal abuse,2
the way e dey take sweet me when chelsea fans dey follow lose game,0
this nigeria we no dey chop food na sweet we dey lick,2
no be small thing e be like e don dey on the border o,1
bros calm down now we sef won blow all tracks fucking lite ojoro don dey this industry,2
sips b milk fine aunties of midnight twitter e don tey wey we commune how una dey ooo una still dey this time zone make una come out make we gist abeg,0
wen u go show dis side,1
hahahahaha if i hear say them no dey well matchesi fit swear self say them dey sell matchesfucking,2
thank god say woman no dey here because i for give her belle this night sweet belle twins one go be lukaku the other go be rashford the referee is invited to their naming ceremony ️️,2
miracle always brings his a game everytime dude is always making efforts and doing us proud why wont i vote for him in fact i registered a lot of peoples numbers just to vote for him me sef im bringing my a game to vote for him im a big fan biko starboy,0
everyone is always looking at gods face small thing na gods face i dey look if looks could kill e ma ti pa creator but can you even see his face,2
bae wit sauce be my sunshine,0
how far na wetin dey maximize,0
after i have abused you you still continue to view this thread wetin you dey fine you dey madd you chop winch you wan die oya geddifok fuck you damn you,2
i nor wan dey see this one,2
lol i don chop gbese as i dey drive out,2
wen sapa wire u sumtime u no go even remember say u get dick no vex match teacher,2
lol yes na see the yab abii joke wey he give timaya i wan cry ehn,2
warri prayer walk i dey therewer you dey,0
wetin i do una wey una massacre broke man account like this k for sms charges on account i barely use im done with yall,2
de gea that free kick was like that dude said wait hol up yoh degea hold ma beer im crying now my wey i for use go buka chop just waste this afternoon so manu don collect,2
god have mercy youre cute even gap toothed na waa o am married abeg make una no come for me o just admiring gods curious art in human flesh,2
una still dey post jokers cannot beat villarreal yall should stop posting except its a new signing or when season starts una no get shame,2
this is so sick asin which kind stupid police report u won tell m say if any of does leader way pass dis sick law geh accident dem go drop police report before dem attend to dem ‍️,0
lmfao i cant hold this laughter again like guy wetin dey happen make you no go dey say what was in your mind when i booked a hotel ‍️,0
aswear na dat novel wey i waste ma time on it come score de lowest score among ma subject combination,2
i hear say all the matter wey dem put table dem settle am na only bobrisky matter dem no fit settle,2
me wey dey bear that name sef i look like agbero in real life the struggle us real sha,2
we don lose elections i wan move abeg,2
na like dis pesin dey take enta wahala for ooo,2
una see the sequence dem dey share am,1
ahhhh na man u dey fall in ove with,0
see if una wan abuse arteta face am cuss am well but this saka and cesc matter no follow e no blend at all no matter how you wan cook am,2
e don dey show ooooo,0
epele jor youll be fine im sure person like you wetin you want burn flesh no dey anywhere oh you want to turn to spaghetti,2
na by close eyes fuckboys dem dey close eyesclose noseclose earopen trouser kiss person,2
shesi fans na una way,2
anybody wey dey do birthday now na prayers i go send,0
person fit use that majesty lyrics get babe ohh i no fit move until i see ur lightill cry a river if i fit wahlai ‍️ baby malo gbagbe say na ur cruise i like i jus wanna say thank you for blessing us with dis jam,0
e just be like say make i don close cos as ukeme dey tweet the for tl i feel like to cry o,2
me wen don gin up,0
ant wey dey find workapplicant,1
choi dis pple sef im innocent biolas sexy eyes be making my d feel,0
boss my model abeg show ur boy love la me self wan use iphone x even if na second hand god dy with u boss,0
that crocodile wey dey front ba if i am the one na him go chop all before i get my magnitude and direction,0
done ive been begging since three weeks make una help me beg cus pple will just comment once and they get credited abeg boss wetin dey occur k for me no go shake your account usman mubarak eco bank pls,2
for whatever reason u are angry with me na only god fit give u peace o cus rai naw im broke spent stressed frustrated and angry at everything n everyone including you sef na all of us dey frustrate laidis ko bo she nshe e siwaju my friend,2
in this life bros fear women same best friend dey here dey chop her friend man buh my babe friends dey do strong head,2
na so dem dey talk eee,2
wahala for who no snap wit today for esut o everybody just dey shout iyoooooooo god when me sef go blowcongratulations jeriqqqqq,0
next year na all white party i don dey plan am already,0
omg this kind next level wey we dey for this nigeria e too much mcb don reduce one year oo now na three years course,2
alcacer we all know david de gea has de worst defense in de league how do you expect him to keep clean sheets,2
oga nor dey laff me joorbellerin done start again infact all these teams wey i dey support done dey disappoint me see barca na,2
okay well na una sabi las las,2
wahala be like bicycle ooooo kuje rain don commot person roof breeze carry roof hit person windshield spoil d person gate breeze lift roof again to spoil another person house god abeg they still dey commot money for this house,2
nna ehnn im just tired the thing don dey do me like near success syndrome cause im looking at my money rn,0
na wow ooo nigeria number again for illuminati make una suffry na ah,2
you guys dont even want to know na so i no even sew sallah cloth abeg i cannot be tempted ‍️ the was missed fiesta last eid na so i go miss but sha we go dey alryt,2
na go visit this one if to say na my money be like say you dey crase,2
akpors gud morning abeg help me wake my guy emmanuel james aka change oil and him wife to be weh be favour amaka den make you wake ebuka and wazobia beauty and kings warri boy abeg pour dem cold water,1
babes go ask to go hike after una don hike finish dem go dy complain like say na you force them,2
please no body should tell me she was nervouslook at the confidence and alacrity she was speaking withi dey shame her abeg,2
person wey hin team chop still dey talk curseabeg who curse dey worry if not your team,2
to those ugly and beautiful girls wey god create wey no recreate come talk sey god dey create i love yall,0
wetin you dey chop like before,1
e be like say magu na picker for hushpuppi,2
happy birthday bro god shall continually enlarge your coast after the order of jabez in the name of jesus i no far from you na i dey igandoikotun anytime we fit link up,2
una never observed say na boiled meat we they chop nowadays for suya spot instead of dry roasted meat,0
e dey your town na,1
gbedu wen dey burst brain na today o,0
ode una no sabi reason u think he will give u no wonder nnamdi kanu dey deceive u people thank god he is late now even in his death una no still get sense,0
god de create sha,0
why be say na if you enter gbeke or if you die pple dey love you pass this one that everybody loves is plentyyy faahh pesin wey no dey pass dis street b without sum pouring sand sand inside his garrie choke,2
god if this thing fit just happen again,0
e dey give cancer,2
dear lagosians if you dey come to farm city ogudu ojota today abeg wear your jersey because premier league go film am time pm come early if you wan make dem interview you you go see yourself on tv,0
or you go don broke shame dem on top gender war some idiots said never pass border i fear people wey no fear their self,2
nah pride dey kill dem,2
haba the gbedu don dey enter,0
all this slow motion snapchat video uploaders ‍️ hot fire camon mashmellow kit kat ‍️ na una upload pass just get a phone with an iin the front better dont ask me what im using,0
after mehn dem don wound preeq finish dey for hospital,2
i sit down jeje and you said i should come to whatsapp so that you can kill me with stickers now you don dey fear ehn that have not even started anything with you so nah still friendly i dey play with you so,0
lmao you dey tacha cartel na,1
just remember that my neighbour got pissed that in his absence his wife paid their bit to recharge the prepaid meter over the wend egoistic men like this disgust me you dey vex say your wife dey pay bills something wey i go come back buy thank you dinner for her,2
now i caught her with two different guys nacking her like ashewo and she be giving the other dude head babe wey i dey manage nack we broke up after she carry scan results come my house dey tell me say shes carrying my child abeg nah my pikin,2
lol i don tell her make she dey go say i wan sleep,2
im looking for a brother musa my lover oe dey russia e dey play nigeria ooo,0
na una sabi the one i know just proposed to the same girl that he said doesnt respect him my friend doesnt joke with her but she doesnt treat him good do una too de disguise,2
guyyyy e show say you get children for house nah the wey dem dey take praise person be this,0
una wey dey receive salary before month end dey enjoy o na whenever we see,0
na question na my g,1
wetin ole no go see for old trafford,2
we go faint with notifications today i don put my phone for silent anytime you post like this my phone battery dey die quick twitter dey shutdown you get force no worry you na igwe,0
na over sabi dey kill monkey cooking basmati rice then decided to spice it up a lil i added cinnamon ginger thyme curry and pepper now its looking like brown rice,2
rich pesin i hail o,0
ahswear not only that my dear i even thought bida was moved from it original location self the journey no wan end e come be as if na one state i dey go,2
how e dey go,0
do we look like terrorists mugu wey dey yarn dust when he don see microphone,2
no dey stress me,2
baba big amen wit some blessing to my account,0
but e no go better for arsenal sha only them spoilt my beautifully cooked odds something k for don dey ready to sit for my acct now,2
abeg na people dey work for now warri nigeria,2
yes na oh pap is not ordinary abeg a girl dat cant prepare ordinary papsigh,2
i dey ib na my problem,2
as if to get the cash na joke everything she dey like dey expensive infact the least i saw her crave for is k guy imagine gambling k only for her to say shes takenor isnt interested ️️️️️️️️️,2
your guy dey drive benz but him dey sick everyday you no dey drive benz but you never sick for like year now grace comes in different ways be grateful dear,0
see person wey dem dey drag for tl mek she free person boyfriend dey call me ashawo my own na for imagination e stop sha,2
dj wey wan finish my money for abuja thanks my gee na you make abj sweet ️,1
all this our babalawo just useless if na to do ritual now boom dem don see head awon werey,2
shey na cruise una dey use us catch for this country,2
baba good morning but today is the abeg credit me na k na something oh,0
na so polio wey we don eradicate b take come back o thanks our able pmb govt,2
today na today see as them dey drag men and women like baby generator if you don get small inconvenience with any twitter babe fear go hold your penis today,2
this table everybody is shaking na twitter e end the standards out there remain the same,2
na why you wan succeed am na best beast,0
all the fine fine girls wey dey diz world my eyes no see dem to date na man im crying in egbira,2
when babes like una no come toast me na one gardi dey do am na una cause am,2
pesin go dey save but money go dey leak,2
e con be like say na final match dem play,1
im telling you now i dont wear clothes till afternoon anymore na to remove wash and im looking for strong perfume because ehn,2
the woman wey dey supply us moi moi no dey add egg for am again o‍️,2
na tailor wey no sabi work no go disappoint customers my brother na lie akeula trendy sabi work and he no go ever disappoint his customers be like akeula trendy,0
ahn i be your boy na na me suppose dey but your form,0
me wey no like yam before,2
be like say no be first time wey dem don hide face for guccy snaps,2
lmafooo na me wey no fit marry ni,2
seconds everything don burst o e get d love i get for u na maarama e too cost o she ask me wetin i love for life i say wetin no go touch us oo everyday mek i see my mama smile na make me de pompus ooo,0
please i want to sub na since morning service temporarily unavailable na hotspot person on for me so please na i want to sub and work the hotspot wont be on forever na whats happening,2
this ones wan force babe for my hand sha abeg i no dey interested money no dey,2
wen dem put moth for watin nor concearn dem u tell dem all dis one,2
swipe ️‍️ elastic hem short sleeve tshirt color red size uk price n̶ ️ dm to order whatsapp shakarashop online shop wen sabi you sef go dey do shakara warri nigeria,0
wetin these ones dey talk like this where me con stand,2
see common arsenal sef de pepper tottenham ‍️,2
s e a s o n s ~ g r e e t i n g s thankful for sweet clients like you you made awesome merry christmas and a happy new year,2
you know those little liabilities that you cant really account for na hin dey make person ask this kind questions ‍️ awon owo epo pple,0
una to dey fear,2
the kind curses wey people dey give sanwoolu this morning ehne don pass the amount of prayers wey e don receive this year,2
i dey stroll by i say make i hail una how naw how market im sure ive forgotten many pls friends should reach put to lnow arsenal people at this time,2
hey cuzzzo im sure she kept the phone somewhere elsebut were home sha see you soon,0
please gift me data i no get money again shake body na ur boy has been loyal and this period management de pay me end month,2
overnice haff killed meaunty don go use money for goods do birthdaycome dey tell me say nothing wey i fit do about it the way my head is boiling and people asking me to go to her housei go rough handle her which i will never do women can pretend o like fucking pretend,2
im ok with not having light what i dont like is this unnecessary teasing dem go bring light u go off gen dem go take am back do i look like a joke to them ill lay curse on them o,2
i dey ask simple question still some people dey find my trouble wetin be your plan for christmas and how you dey celebrate am very simple,0
waka far omo dem go waka loss,2
woss wobi pls can somebody help ‍️ wetin dat guy do mourinho wey make baba vex like dat after dat chelsea second goal,2
chief don taya him don signal to close,2
the pot holes in the road didnt help matters i nearly fly comot from keke finally we got somewhere n hid till the police passed he offered to drive me back but abeg i carry my two legs trek this na my birth month make e no turn my death month,2
no light no football to watch no game to hold body sef transfomer don spoil no bae to quarantine with some of us no go dey well in this social distancing period,2
omo when don baba j go bless me like did i get frame i get twitter i get vbank na only send me your account remain god abeg do am for your boy,0
how your sunday dey go oya time don reach to pick your number make we sama u d song wey folo onto inside w d u fit drop am for,0
i was about to sleep till i heard anybody lord help me i don dey zanku dey gbese for mins now its am‍️,2
nigeria university will not stress me na person wey dey happy go write exams️,2
i don tell u say na wetyn una go play since morning this is d end chelsea scorednot from a mistakenext game p,2
random fans like us we no dey too do anything than to pray na pr na pra na pray we dey pray mk we random,0
im not even exaggerating na big ass fit kill me inside this life like wtf why why i cant resist,2
seeing my selfie youll assume im fat wait till u see me i be like pankere ‍️ i just carry fat face i don dey tire please does face yoga really help with cheek reduction,2
for men that can relate you know when youre walking with your partner and she happily links her arm in yours or youre seated and she rests her head on your shoulder you see those seemingly insignificant gestures e dey sweet my belle ehn requited love has its sweet moments,0
e good ooo i hear say you don come back and i suppose con collect dubai gift oooo but unto corona you no fit see me i no fit see you shey make i send account number our account fit see ooo,2
omo una suppose thank god cos the way wey una jack pon pon and amapiano,0
shay u no sabi pidgin english again simple singular and plural u no sabi as you use s for cupcake na una you suppose use no be you school for ja u no gree we dey okay dj,2
traditions can be crazy yo make we bury person make grown men fit stop dey cry una say make we dance around am,2
i don wildcard na salah make em rest na hazard i wan dey captain now,0
im sure you guys had fun but youre not showing me pics of the oba na all these men with big belle you dey post,0
abeg i don off and on twitter for data becos of this likes dey kill me i dey play for my crush birthday jesus,0
i hear say wahala don burst na who go there go chook am pin,2
nawa ó na epistle dem dey pick for ebuka to read,2
lmaoo yesterday one bike man was like shey tori corona yii no e ti e le,2
so na u they reply on his behalf weldon,0
wetin dey happen make rose dey calm down,2
na this people wan carry e casket,0
baba support we too wey want read please i need laptop i don dey tell you since daddy,0
be like i came to church very early o sermon no wan end and my stomach don dey para,2
my spec na the one wey gree for me,0
me wey never chop shawarma finish,2
as you dey buy gifts for your girlfriend abeg dey try buy for your mother too god bless you my son still better pass awwwn baby,0
i have never love anyone d way i love wizkid and davido wen i talk abt dem u gat to think if dey are related to me weird ryt anyways i still love dem like bad hazel lil gal️,0
abeg make una dey eat well oooh for us in the north we get food slow down on pastries eat more veggies and drink enough water do walks daily dont sit on the couch watching zee world and playing ps we need everyone healthy and fit detox tea will not to every thing,0
oshay your kingdom wey suffer violence na im you dey take gragra recapture am ba,2
gej mumu aboki wey dey claim igbo,2
me trying to make people recite the alphabets with me without actually telling them to me a them me c them what me e them you good bruv me g them snap out of it me i them total silence e de pain me nau plis,2
my brother even if dem dey make money these influencers dey lose their account for here small thing jack go change am for them but the thing is they already have followers and have made a name for themselves so rebuilding isnt so difficult so why person go wan commit suicide,2
make una dey drop names of these restaurants and city na person fit get girlfriend there so e go fit carry am go anytime e enter,0
after if dey see couples dat met through twitter theyll be like god wen or sis which type of twitter u de use it all started frm dm dat u gals are rejecting,2
parte after parte young but might na me wey dey popo ur anty afrostarstv smallingoriade paramountkomedy laughpillscomedy mtvbasewest,1
hmmm apart from me who else never faint since dem born am hmmm how does it feel rt lets know awa sef,1
i want to do so many things in this lifeee but na money dey delay am,2
na so them sabi ooo you think sey na one better money them want withdraw,2
im telling u like this very painful u cant listen to some songs anymorego just dey skip the thing dey go,2
who get phone wey e no de use again my phone has spoilt last last the screen be like e de high dey touch here and thereyo type this tweet na war epppp,2
no be everybody you go gree for now who knows maybe the person wey you no go gree for na hin come dey shoot for tl omo e no go sweet ooo,0
money no dey o na love we think dey now we don know say both money and love no dey na just to dey survive be d tin now o,2
nothing fit happen i get you for my back joor,0
dey don comot me for work whatsapp group i never even curse anybody yet why does bad things happen to good people nau,2
omorrr dis heritage bank adverttoo get sense ooo,0
i don de retweet my data crying my fingers crying,2
see dis ole fawo oooo police don relis u pls go and settle ur case den come back for reply,2
buh seriously u quick dey vex small things paar dem don slap bf,2
yes but e be like dem just wan do me and if dem no do me our friendship fit cut,2
most anticipated mr p show ur boi love na me self wan use iphone even if na second hand,0
las las na una dey trend the kind invisible by unaselves by asking who she is‍️,2
i know as e de go bro,0
i always leave my credit alert notifications on my notifications panel e dey make body dey sweet me,0
im trying to write my brain is singing i see i saw na like this i wan take graduate,2
me sef na learn i dey learn to type o are you from anambra too,0
awwww thanks a lot man na the prayer be that o make e end well baba me sef dey learn ooo see how you just dey make me blush,0
lolz me no even send football na no be my thing so how i wan take know make she no vex i still love her,0
lmfao don dey leak wale turner song too waawuu im just hearing this now wale turner did afrench cover of ycees juice but is still yet to be released not anymore bloggers don leak am,0
whos this person always talking about dick on my curious cat please abeg stop e don do,2
e dey pain me cause una get edge over them nobody fit beat una like this,2
you are a spurs fan na cotton wool dey una head,2
i no fit even beat my sister bro last last na to shout so heartless,2
wen i yarn wuna make wuna pay me so dat maka wash ajebo comot from wuna body and teach u beta pidgin wuna bin dey behave like orpioro mango ‍️,0
so dis housemates nu fit sidon eat dis chaw ‍️ see as sir dee n tacha pack tins lik say moro nu dey,2
if na like this dates dey be ah we all should be hanging out more na,0
i dey game o connect me to dis mama na,0
and somebodys daughter thinks she go born pass one for me even that one sev make e no be like say person no born ni‍️ abeg i no fit stand these things women go through biko,2
ssgmessibe resteddja game next tuesif u ask mena afraid dey catch amandd argentine team shld be arrestedcontract breach,2
you sef you dont have joy and romance sef its village people and sars shot that should deflect in your life not my own shot,2
wahala dey smell,2
omo u just start na if na fligh ticket u dey talk about i for understand o but make i retweet am sha maybe ur luck fit shine,0
why you no blowchuk hand inside dat bastard eye this is sad my gender keep shaming me,2
who go kon marry me now old age don come na money dey fvck me up or true love,2
na so i buy laptop and wifi wey i no plan for now im broke,2
please be d reason i smile tomorrow today don already go at a at all na witch mama eno get were e touch jus tell me make ah send acct,1
my favorite ddnt even let the oppo phone shine for long phone wey just dey come up im scared for my mercy,2
honest to god im still a learner e dey shook me,0
last man standing in this bag category people when don buy this bag don testify unfortunately only the white is now available with n only this baby can be urs abeg make una help scatter my dm,0
na movement una dey like this oo,1
im enjoying these heartbreak stories mehn e dey sweet like dodo ikire,0
too dey hear gossip how sure una dey say the snitch dey talk true,2
he needs a strong vehicle to movecos apcna jeep wrangler them dey usepdp fit give am benz jeep,0
where do u buy ur longrich toothpaste abi una no wan carry better toothpaste brush una teeth with longrich toothpaste say good buy to teeth extraction and pains toothpaste g = g= delivery available n lagos,2
uncle calm downno be when we see if e reach us we do the needful thé embelembe way na meanwhile cheated on me yesterday e dey pain me,2
the way im rushing this series ion wan make e finish na to dey watch episodes per day,0
aah baba na you dey run am for general hospital,1
person wey carry league dey improve squad the idiots wey come at rd position dey do like bastard whats this stress,2
na man de break woman heart all na raise to power man,2
ask for more accountability from your governorgovernment instead of trying to drag ncdc by saying what rubbish your governor failed kano by reopening mosques for prayers amidst clamours of the raving virus wetin dey do una for this bird app sef,2
exactly these players wan dey give me orgasm this morning shaa they were sooo good football no get the kind of hype wey e get now that time if not ehn,0
ahnahn why are you trying to spoil my good name nastop using my name with dont trust in a statementmy wife might see this na,2
ofe owerri with a difference made with goatmeat pomo snail cowleg smoked catfish smoked panla stop killing those that are patronizing me na person wey dey alive dey chop i deliver to anywhere in lagos,2
how far na make una help me post my ownnnnn or tell me how i go take waka am na be o,0
guy people dey misbehave,2
bruhhhhh e dey vex me,2
na the wc wey she go sit down on top i dey pity,2
indomix e be like say yu dey chop indomie wella abi na yu own the company,0
lol this tweet just made me laughbecause im always broke everyday but yet i still feed myself well and still i no dey off my phone data how i manage to cope everyday i dont know but i know im broke it can only be god,0
open letter to my future husband dear hubby how are you today hope you doing great i still dey hustle dey go for the future i know there is too much tension around the world about the future abeg no kill yourself oooh there is something i will like to let you know,0
wahala ma wa de o you people sha no wan make we chop if you are do this bayi delievry fee go increase ijoba emasewapa na,2
imagine bab go dey chop yur money still dey stress you on top i go craze oooo,2
goddy those peeps they make me para na only dem we never finish sadau own hisbah dey there jumping on saudi arabia king again cos of handshake,2
someone wrote on facebook and said those girls looking for god fearing men i just dey laugh una u see all these men wey remain na god dey fear themo have a lovely day,2
thiers more joy when person dey to hold u cold fit dey last last,0
i need to find somebodys daughter very soon mehn cos right now e be like say i don dey tire cant keep waking up to battery full na,2
una no fit make am for this life una no go pass round of stage una go see useless nonsense club una just serious de cast my winning e no make sense na,0
wahala dey ooo amodu don follow keshi waka oooo,2
dear e jo e help me i had naira left in my account una still come comot naira for sms chargekilode im heartbroken,2
who u dey even talk to sefu have the worst skills in clout chasingu cant even get any celebrity attention againna igbo people u dey attackna blessing nkechi dey ginger u now abimadam go restin ur next life pray to be married to an igbou will never chase clout,2
if you don wan me den don talk to meee,2
geezussscherryi didnt recognize u againna ur eye be dise don tay oooi just read a chat we had wen i was a,0
liquorlions are we voting cus e be like say na only me dey vote o,2
e don tey naaa,1
me wey don imagine myself tire for bg make i just they help dem handle anything computer related,0
make we talk for bbm your drug sef dey,0
husband no go fit talk cos him too dey chop from alanu things,2
sadly e come be like say artistes dey mince song kai,2
the fact that abdullahi is a clown and he refuses to believe is the matter we don dey settle since last week i dey court like this,2
since its your job to keep defrauding people claiming youre an artist na that cancer go kill youna people like this no dey make some clients trust us them don dey claim your work o,2
baba don pull stunt dey trend now damn,2
lmao na faith dem dey use buy cheap oga,2
na who get money pass me i wan dey challenge now,0
lmao you never see my team una ke my guy na only classic i dey focus on as e be,0
somebody cannot even plan surprise for this one again small play i go don dey ka boroboro bi eye ibaka wan ti get mi,2
alhamdulillah my money wey dis ppl dn chop,0
dis is happening in badore road ajah if u see dis tweet kindly retweet so dat d world may see,2
lmfaoooooooooo you self see pizza you dey buy what were you expecting please,2
lmao abeg make dem no vess na,0
you still dey wait for my failureyou go wait for eternity mr haters god say our blessings na forever say go fall for our side but e no go reach us,0
bro i swear i feel very uncomfortable wen they call me sir for my mind i go de say i hope say dis man no say i b small boy or mayb my voice de deceive them,2
e no just work for me,2
me i don know say na wetin go kee u b dat,0
online i want to make mama proud offline am leaving this house na only me una dey send message up and down,2
all this plenty question on top wetin na,2
so na ontop me you con use am abi na my head you dey flex muscle abi my god will judge you,2
if anybody dey wey i don offend in one way or the other make una please slide in my dm imma apologize either im at fault or youre at fault i go apologize and let all go its december thanks love always ️,0
if nigeria na series e go make sense pas game of thrown,0
lmfaooo i don win themabeg dey find party make we dey fresh out go this period,0
man nor dey fine we dey dey good looking ni,0
phone don spoil gen wey i off bout hr ago no gree start again abegi good night,2
peruzzi too sabi abeg the guy dy sing e dy sung e dy sunging finally a fan of peruzzi,2
even if na am dem must treat your f up for this app,2
na people wey dey carry arsenal straight win i dey always pity for,2
where una for dey see this money take dey buy car for una wives namake una show me na,2
make one fine girl for uyo carry me comot tomorrow na babes im calling on you,0
i don confuse self e be like say factions dey inside this shii sega vs ogbeni dip vs ydp,2
if i enter uber from apapa to iyana ipaja tomorrow e fit cost like m naira where i wan even see uber for apapa self,0
or you can choose from our daily menu but e go gats be lunch spicy noodles and turkey or catfish pepper soup dey available for you this morning just call i dey wait orders ooo,0
my dear jos people make una remain silent oooo na only zoo una sabi talk about dem momcy and popcy money wey una giant cat press una lock up i dey watch from afar retnan daser you ma keep quiet oooo izzokay,2
made me laugh today untop feminist fight wey dem wan fight cool station,0
awwwn julia thank you but i aint a troublesome pesin na,0
where all these girls wey their boyfriends na yahoo boys make una do give away na,2
una even get rejection emails and notifications my own they kept saying youre in our minds until it became obvious i no dey their mind na that time i comot hope o,2
boys i wan pound yam like this so the yam don dey fire shey una go like chop since doppelgänger don chop k,0
correct isiewu wey fit cure hypertension even covid sef we always give you a reason to return please disturb us with your orders were capable biko,0
oversabi don dey enter this thing abeg,2
niggas wont say this but guy why e be say na when guys break up with babes dem dey overfine just saw my exes snap and damn,0
look up the word clown why are you making it look like he said something abominable if a white man calls you a clown im sure you will smile and tease him back but because na your naija brother you want to start reading deep meanings into it na wa for this country o,2
e go right na shey e favor us,0
who has a high end phone to sell for cheap na,1
what is this end whyyyyyyyyyyyyyyyyyyuu what type of accident is this the end mba im not watching again minutes left but i no fit do am if someone died ahhhhh which kain rubbish twist is this,2
in essence youre a selective person and disinclined to talk when you dont feel like but still as usual na dem dey rush hajiya,0
this kind hustle na hustle wey dey put food for table,0
im a product of grace everything i am and have are because of my faithful god if you ever ask how i made it when i do and i say na god no vex for me,0
aproko wetin you wan check,2
too many cute things this young man has been around this his little girl ever since they moved into the ward already singing sef haaa all no be money o,0
he no go better for all those telegram channel whey dey forecast games una don wreck me finish all my money don finish one game i no see chop bastard people,2
the guy tell us say him don go heaven dey chop shawarma,2
wait o my own dm no dey collect una messages nii abi weitin na i no understand again o my chest,2
i need suggestions abeg na which country for this africa go make sense if person wan relocate im genuinely tired of nigeria at this point our relationship is now toxic and abusive because i fucking want out i dont like it here anymore,1
seme ke kilode you no even give me better country i don vex u had the chance to say canada na,2
we thank bar fred latimore wey be the executive assistant to the governor okowa on communication as en come we studio today kon touchlight some kyn matters wey dey gbege for we ogbonge state,0
good morning khaddiesians just because its wednesday and we gats to have fun p s abeg enter my store to helep me buy wetin i dey sell,0
girl na ya love wey dey ginger me you dey give me the love and the energy only you wey dey give me melody my baby morning yall,0
my friend go charge phone for business centre come forget tally for collecting the phone and the owner of the shop say he dey travel go village like this i don dey reason as i wan take settle since pm,2
you don buy your ticket for s wey go shellle by pm for delta mall,1
even if he had his dark shades on drunk or something couldnt he tell that he would be killin dem fans of his now omo wey get waist like groundnut not fit keep secret,0
my brother context is as critical as choice of words if you dont want to be taken out of context na to choose your works carefully na him sure pass happy new year hope you travelled im still inbth village for the primitive celebration,0
i love manchester united lukaku no de fail a goal before best timing up man u,0
you sef check as this fruit cake rich now everything balance die abeg make una place una orders now before you hear sold out ooo,0
man o man beautiful girls choke this twitter o ahhhhhhh my phone don dey lag cos some of the photos dey heavy before loading bless you guys,0
im straight im straight im oclock im oclock i like boobs and pvssee you people should leave me alone na,2
nope the way dem dey mark me eh,1
abeg make una the caption pishure well na make person no go the ask for person number weh don go great beyond,2
you waited for a day before making this statement this thing nr dey pain you as e dey pain us see if you want to avenge them you guys should address the reason for their deaths otherwise this country nr go contain all of us o,2
my belle don dey come out dear fat why didnt you just go to my bum why my tummy,2
if they remove you then go because no be your house since you dey chop you call anyone to join you now when e reach fight you remember nigerians to retweet,2
so j cole and i are currently in the same geographic location azin same territory and i wont see him na wetin person dey do for this benin sef,2
baba me believe you gan na na our guy zubi thank god he comot for limit,0
na una actually been dey rate all these influencers too much in the first place,2
na so e dey do you you don start e dey shark you abi,0
ken no fit make heaven sha,2
if only kidd is directing dia thursday task bcos me i dont understand what dat boy tricky tee is doing,2
true life storyseeing regular tickets ki gas shout nononodont say soabeg abeg abeg tho i knw say naso e spos be bt help me run my race g make i show make speakers blast boomboomboommake yawa dey and on that tonight youll know i like to party,0
lmao i workd dis lady who wud send me on nonsense errands small clerk job i applied coz i was bored in sch day she needed a doc i had gone home wit n decidd branch my house on her way d office bedroom n my bike was parked in d parlour stopped paying me afta dah day,2
so nysc sent some female corp members to my place of work and i am supposed to interview them lol me wey no get sense and they get nyash interview never start but i don accept dem already,0
giveaway na im you dey call party crash,2
e come be like say na my room be the headquarters of all the mosquitoes wey dey my area overnite i shld av known diz last nytsmhmyself,2
now say that again without crying una madrid dey happy sey the little devil dey comot,2
i forgot that grandpa had bought something and asked me to pay i come dey scatter house like mad woman morning don come now bill don start to dey show i no do adulthood again ooo,2
i dey warri oooooo who dey warri,0
pele o aburo jack twitter police be like you dey solitary and just want to dey talk abeg i tire you don win use am go become governor,2
you dey vex for dem before,2
who know make dem warn them this night oo which kind nonsense una dey practice na person go load card to credit person na problem to call for una to answer na problem if una allow me call my village people this night e nu go better for una o,0
chai see my friend️️️ pesin pikin,0
bros yu sef dey join use this caption na wa,2
e pain me she even liked from why please,2
this shawcross injury is horrible i just watch the video and dont know why atink im crying,2
swipe off shoulder sundress with tiered skirt in rainbow stripe ‍ price n̶ ️ color stripe size uk dm to order shakarashop online shop wen sabi you sef go dey do shakara warri nigeria,0
na that same ibom plaza mad guy de mast in broad daylight im sure its that same idiot that slept with that mentally challenged lady‍️ this one no sweet me o coming from my town gan gan,2
so today na your birthday no wonder you dey vex anyhow yesterday happy birthday my love may god bless you and increase you abundantly in jesus name i love you from here to the moon and back baby up arsenal,0
why you carry him go up like this person wey dey up now use him own hand run himself down now you dey raise am high biko na otecefa him be or otecedis gan sef,2
i don follow them since but e be like say i no dey get luck for this giveaway stuff,2
should we start monitoring hens in d area so we go dey tyk deir eggs dat ll be beta i ll colonise and hen i see,0
person talk say even kdb no fit assist you in this kind of position im dying,2
so una dey take their women,2
tonypls stop calling tht name corsecana whch kin country be dat sefin all my yrs in geographydat name nawaa,2
abeg make una dey use una brain sometimes abeg,2
so ill be respected more shebi dey say e dey bring projects and respect,0
wait make i enter house finish na what if i no find love ds one wey for real life i no get touchy bodi partner who knows might be where i find true love n did it i can did it too,2
na from crawl small pikin dey walk,1
you bin dey whine us ni,2
i was when i knew nigeria was not suppose to be a country e don tey bros,2
we no de too speak the language like that na them dey rush us,0
wahala for guys wey their babes dey your area,2
go just dey flex and even vex for us ontop our money wahala for who no get big brother oo,2
if any law student or practising lawyer open hisher mouth here again eehhnn na slap una go receive una oga dem don sell the country,0
good lord in heaven spare me bad energy and bad vibes ya allah help me i gats to use others bad situation as my prayer point so wetin dey shele to dem no go shele to me,2
i weak oh even visited nepa office to complain i surprise wey gateman for nepa sef dey abuse nepa then customer care said there is nothing they can do about it that it is accumulated bill from transformer that was used in my hood this country na scam,2
come be now wey i do see woman wey i love abeg o,2
so u think hussethaul will let is top defender go like datno way abt ryan betrand wen una start dy sign arugbo ojo players na so una gamble on the mf willian,2
na person wey get money dey go on a date na if you no get just find yourself someone wey go happy come visit you even buy food items on her way coming,0
one pisfu aftunui decided relax my private prtpenisafta a min of relaxing it and d tin dey pain mei go wsh am quicklycon see miracleas i wsh am finish all d hair don comoti be like i no use shaving stickclipper or blade nah wetin con hapentill now hair never comot,2
if na the game na she go taya,0
only god know the reason why dem dey put me for high class im over the top is a,0
my people how una de its been a while i still de for una sha lekki leisure,2
lol u cannot see my familys net worth cannot enter k e sure me corona con dey again one mouth don commot for their food niyen,2
i for like dey somewhere with my phone off enjoying life but i dey here dey para on top basket of tomatoes,2
who don sabi don sabi na sabi guy,0
went to winners chapel for my friends dedication and im more pumped up for shiloh see ehn you cant be at shiloh and not shake body during praise the praise session is where i show god how thankful i am for the year no shame cos i dey commot slippers like dis,0
me my guy abeg take earphone upcoming artist thank you me dey plug am anytime you dey play your song around me upcoming artist ok,2
people wey dey carry this pose dey like amebo die,0
make me regret not moving you as i was moving to take my place as a marlian oh now see you seeing heaven and i gotta wait till weekend when im less busy when before na one dm wey sound like bro are you back real inside life,2
if by tomorrow i cannot make transactions with my account ill be done with yall and thats on period i know the money wey dey there na small thing butmake e work well napeople cannot even help my lifewhats this one na,2
im so fucking pissed like what da hell im just loosing money anyhow and i cant even explain august abeg no dey disguise tell me who send you come biko,2
na dem dey sweet pass ‍️‍️‍️‍️‍️‍️‍️,0
abeg were una dey see love now,0
that time wey dey level but we dey dates level studentswhen i remembered this it makes me laugh well well,0
all your followers na sharp guys o them don laod all the card finish i give una hand o twale,0
how she dey feel if she dey see this pikin,1
im chatting with my long time friend on whatsapp and he ask me to send him one slippers he saw on my phone that time i said lemme check my phone and he be like che nah dat phone you still dey use e shock me,2
e don reach us now im ready,0
i swear im not understanding again this brain don dey dull ooo unilag has killed me father have mercy,2
e no get who no get him own wahalaeverybody just de smile de waka jeje so if person no fit helep you todaynwannem nwoke nwanyi understand and move on if you continue to worry am and him block you patapatae no mean say him wicked o e only mean say you no get sense,0
i did not say anything first i just tasted it first and ate to a certain level then i went further to ask ehe bros how much be this fish again sef baba said oh bros na change na just i lost appetite immediately,2
na drip sunday african version na our list of the hottest african women wey dey support in order if you no make our list no vex we no fit contain everybody,0
before i took this picture ehn the kind of run i did anyway who don fine don fine im still your surest plug for quality bedsheets and duvets made from the finest cotton quality for your kids and you come and patronize me today and testify,2
dem fit na sabi people,0
first day at the hospital and i don dey use sheets my exam sheets no dey even full like dis,2
im stepping out tomorrow with my jack nife any body wey devil bless make e try rubbish,2
poverty na fire edey hot body like sun o lord i don taya for k pam the struggle be like skebis e deybody dey scrash,2
haba i don respond tire i never still win nawa o mummy go help a brother na,2
na this kind pose cause the matter wey dey settle for my house now,2
today marks one small milestone in the beautiful journey of lifei believe dat im the equivalent to a fine wine or a delicious cheesed older the better im trilled to be another year today i create within me a vacuum that no one can and will ever fill except god,2
una get mind for this app o so even as i carry trumpet announce say today na my birthday nobody fit just wish me happy birthday its alright keeping my comments and compliments to myself from here on out ‍,2
uriel ur time is comingdey form caring wit ur black assacting like she caresand gosh she can talk africa,2
u dey vex thunder fall on u,2
since you na no wan buy car again i don dey sell trucks now come let me take your orders,0
so if that one talk to me anyhowyou sef want get mouthif i slap una,2
damn im listening to this jam and im like oh sht the gbedu e tight gan,2
good morning teddy soldiers we don wake up again na god do am we go trend again today that one na sure banker,0
bros if na peace of mind you dey find na wowor girl get am oo,0
i dey look as people dey do testimony me still dey wait make reach me if i no wait wetin i go gain first bank dada modupeoluwa,0
okay explains why you dey vex for this guy,2
tiger dey sleep monkey dey wake am,2
its ginger tonic hahahahana girls dey form that nonsense pass,2
i be the nigga wey go ginger you agali wey go head ball clean my license and focus my eye on you camera man with the head shot no let champagne popper dey dinger you apprentice wey dey learn work o come through give me kiss ogini that red handed,0
pls and abeg make una stop the im tired of m my sperm self don dey finish abeg pity us,2
mavins crew oh abeg na make una dash me money na,0
if say as i dey think na so e dey happen ehn na norway i for dey chill like this but here i am unable to sleep because of toothache,0
congratulations to on new ep more to come man what a talent dey discover talent sha to sing don dey hungry me now ooo,0
this rain don spoil fun we no fit do pictures stories like uyo my equipment no fit stand the rain,2
he say ayiri dey laugh am say nobody from ugbori don blow and its an insult unto him e come be like say na bros gandos be oba of ugbori because i no come dey understand again he even say when dem build house on top him papa grave ugbori peeps no treat the matter well,2
boss i no dey see for twitter na and i dey watch your online show now bros my question is do what you know how to d best gtbank kareem yaqub,0
na so d protest carry dem reach d spirit of benin protest atleast does ppl wey dem manage release go tnk der god,0
the babe wey wear bodycon and hat for the first frame and the one wey wear vans for the second frame dey play basketball i need to dey watch female basketball be that nao,0
if i see am for road i go s drag am he say i don cum like wtf me wey no sabi anything,2
na malt dem buy for me wey i dey smile like that so imagine if you squeeze the least k put for my hand,0
loooool u don vex,0
my nigga na her typedont know if shes still in tho married with a kid now haaaa this hit me in the heart man the guy con dey bear my name again brings back so many memories i wanna forget god is good fam,0
×+= thats the number of emojis on your caption mama youre truly sad me sef con jobless and you reading this and trying to count the emoji na you worse pass and you wey wan skip the counting your matter de bob risky hand,0
nothing exceptional about ronaldo lolzzzzzzzzzzzzzz sometimes before una talk this banter thing dey think am through na ha ronaldo not exceptional quick question are you exceptional sir,0
years old pikin done dey run call e papa name for house,2
them done start everything na kill for una,2
make una dey look back before tweeting ooo because of ordinary covikk i said oga police come carry me for house oooimamofpeace e no go better for you,2
okay marry otis,0
one problem i don get since primary school i no dey hear word and i dey chop indomie sef e no do chop again wahala for who dey chop beans that time o,2
lmafoooooooooooooooooooooo and una say jazz no dey,2
valentine never even come you guys are already talking about it like its tomorrow na singu pringles even come carry di mata for head pass,2
preacher of love ️ wey dey call em guy retards e no make sense now bros ‍️ you self check am out,2
nah man wey dey reason dey scratch bear bear~ best birthday wishes to me kindly drop some kind words,0
na my area be that oo i dey awada,1
abeg be quiet you are not even the champion in your family your younger brother better pass you and i still beat am join who una wan call for me your ancestors go sabi play game na,2
omo i don chop press phone taya hungry again and this lowbed never bring these machines come i don taya here na,2
yinmu you no see the storm of fixtures wey dey wait una una go hear wehn,2
david tar who be dat no be me dey pay am wetin you dey talk sef na me dey pay am so therefore what is his is mine joab big bros i no go advice you make you near there leave mata for matthias you know as e dey be david you wan die,1
you no go wan hear sef the kyn gist wey dey there,2
amin jesu both the current past and future politicians of ogun state e no go better for all of them if you dey aspire to become politician in ogun state in few year e no go better for you too,2
lol oga even if i want to wallahi i no fit na this kind i dey talk of,2
i don talk before dem wan kee me,2
wait sef dem send you tell em say you no meet me for house how dem dey block for twitter sef please teach me,0
body wey i don shake tire next,2
smh must u eat we bam i don chop tire lol i dey okhow ur side,0
im drake dem no born me well to be like kanye west at lagos fest dem go slap me for back steal my phone for front,2
the only thing wey these psg team sabi na to dey drip for ig outside france they are just an overrated swansea fc,2
lmao hahahaa u go soon go jail na toh continue na im nt a complete gentleman im a fan of chris brown,2
congratulations baba on your appointment when you geh chance enter abk lets chill at oopl we may see chance see baba say e don tey wey he write letter more blessing baba,0
lmao i been dey run up one invoice wan come start to dey lament about the bar when the thing hit me,2
baby your beauty got me feeling insecure im on my goddem knees no let them laff the boy see all i ever want is confam loving no jagbajantis and i go dey go dey go dey i go dey dey dey ooo cos you no dey do me nothing but girl im walai,0
they said im eating like a thief in this house no be una fault o na corona cause am,2
i still cant believe that upon how our mom used to tell us datmy pikin keep urselfif u near man belle don come ooit didnt stop us from tasting the d we still went ahead abeg fear nigerian women rt lets know ourselves,2
dem no go hear now o na wen e don dey be like say e wan dey late na im them go con dey shake body like na them do pass yeye pipu,2
mehn we cannot kill the spirit na body carry am so body go chop so the spirit fit get house to stay also arizona to keep sharp witty and happy also no forget to smile,0
see obinna avoid me i fit injure you cos of this spoiler i just started season ffs,2
roviel mud that babe she go her tl go dey retweet all messi and ronaldo fan contents,2
relationship wey they lead to marriageabeg where e dey pass cos i dey junction like this,2
spurs don dey find their level,0
babe make we gather beat dat person wey write dat tweet bcus d tin touch me my left kidneylol,2
na yesterday na e don pass,1
the house wey he dey scot now,1
e don tey brother,2
over sweet my guy i dedicate today to my dms from till date i don laugh tire our gist back then ehn that short babe suppose dey fine e been end along the line,0
pick one na call us na,2
the things u people fancy sef make me feel i no get hope dis life,2
people wey dey wear clothes sleep wahala,2
the same babe wey you you wan die on top her matter for this lagos nah him some boys dey use do point and kill for sex party,0
belle get why e dey for front ooo,2
idiot you sef go dey do like person wey no get sense imbecide buruku,2
lmao i go make money she go enjoy life,0
true love story this one is for you you you and you baba don enjoy na same situation me and you dey but no worry the man above go help us,0
the traffic is crazy if you want to form badass and take taxify youre on your own opay sef is expensive its too bad,2
dat even small some elderly ppl will jst come from no where nd blike my son am rushing to church can i please blah blahi will kuku let dem use out of my time b dem use ma destiny play ping pong its annoyning,2
i don vex finish just carry ya dimple and go pleaseeeee,2
sis thank youthank god say e still dey sef lol happy new year in advance oo,0
swipe ️‍️ geo print asymmetric jumper color brown price n̶ ️ dm to order whatsapp shakarashop online shop wen sabi you sef go dey do shakara warri,0
my mums ringtone for over years now has been my song i released in come everytime her phone rings close to me omo e dey put me in my feelings,0
my screen don break,2
still unto the bitcoin matter many of una don know by now say na be king for dat level for una wey never know na the gospel of the bitcoin we arrange give una so so make una offload all una,0
guy that miss still dey vex meto say we no win ehn i for don fly go spain go beat am,0
abeg i no dey see your emoji i no get good phone,2
i no fit burst for joy finally got her attention,0
pikin wey fine like this suppose dey with me oh,0
ur just my type much love from here as a guy if u have self control believe me dats wen u will know ur worth even wit money or not no be only girls sabi do shakara wit there number i come in peace ‍‍,0
you dey mind the guy people just tweet without thinking through what they tweet make e go carry ak na im we go take do example,2
wetin even dey wring with your head wey you rest abeg,2
omo na true oh money wey him borrow me he dey collect am back,2
everytime this shade is thrown e dey pain,2
hello is this how mikel or the entire gonna bring back the world to the this one wey dem jus dey fall fall for ground where dem confidence dey na na like this dem wan take face iceland,1
good morning big bro abeg na vn u go de use reply my whats app now,0
the only thing wey pain me for that mi and vector diss na say e call am lanre like say na him born am,2
my follower ke ontop twitter this no be garage na when i turn motor park chairman if na play stop am abeg reply am abeg and leave me out,2
she gosoon buy jeepna her market she dey showcase,0
you sabi wetin dey my mind,0
them no dey know na,1
you sef no say u dey lie but sentiments no fit gree u,2
all these brand builders trying to manage and monitor nengi lifebetter patronize her shoe line cos una noise making don too much from one complaint to another una no dey tire free the girl tufiakwa,2
everywhere just boring nothing to excite me its like ill leave this twitter for good sef una nor dey kuku patronize me again,2
guy i no fit my hand dey told warm water but e be like hot water the cold don mess up all the receptors wey dey my hand,2
where be that place una dey chop bole for awka oh agu jim,1
please lets join hands and find that eagle in our coat of arm e fit dey police cell oo who knows,2
vex na understatement person wey carry am under him wings and this the thanks he gets,2
anything weh give you mansion for banana island na work e be,0
antonio valencia na the first man united celebrity wey don repost us on hin instagram story wow ️ thank you one way,0
na true oh u don dey old oh,2
where the guy make we ask am how infection dey taste whether e salty or e dey taste lime,2
e be like say na legtime this new phone dey use o the facetime just dey commot naira everytime wey network off i weak,2
this nigerian dey vexx abeg cc the real accounts make them dey hear u well well,2
if e go cause wahala oya lahawa am,2
ordinary things don finally dey move me ooo sapa dey do me strong thing,2
i think its annoying how we want people that dont want us woooh las las the one that wants me wont have melet us be doing ourselves yeye lai dah till jesus comes,2
omo i sent them email taya o like say i dey find job i went to their office twice and still dem no sabi as my money waka my god is watching them a whole k,2
poverty get levels o my peoplesome people don suffer so tey their eleda sef don japagod abeg bless me o make i use sars as my entourage,2
kaka go and seat downna all of una dey they game,2
person dey beg me for money because of tl joke part of the reason why im taking this social distancing and isolation seriously is because im very broke nobody should mock my situation this morning please,2
thanks boss na me kuku do those ones wey dey the picture,0
lol na normal na dem non promote for la liga ni,0
una nor dey update for aftanun abi na us work una dey do,2
am finally e don happen first official kiss under the duvet lol n weldone o even if we no fit see unawe can hear una is now a ship lol wellwe are watching you both,0
na whyning una two wan whyn,2
wetin this girl dey sing ni,2
de don na today today i must win your giveaway ive gone to the highest mountain to pray im a graphics designer,0
yes i made it timesi hope by now you guys mouth will have swelled up it made my day i dey for you by ft for you i dey dey dey,0
ịdị correct dey learn better ones o know say na bad bad ones go dey your head,2
this irene babe be talking about sex everytime like sey she sabi give hmmm i just hope shes not those type wey go just dey cry,2
the way zlatan dey do me ehnnn i for nor dey play your music again oh how can i tag you for post no reply treat your fans nice na k is nothing just write paste your aza na haba,0
dey go dey do like say na only them be student na dere cds i dey for service i dey always change am for them ni,2
i swear na plain mirror from their house dem dey use rubber hold for the plastic,2
see as she dey talk to me sef yall unmarried friends of mine are in trouble ahbeg lemme instill fear thatll remain even after yall get married and i cant yab you again,2
police driving audi without number plate wants to arrest a camry without number plate okay na so wahala dey start its like the new cp is worse than the last one,2
im the kind of person that laughs at jokes even when dey no involve me i dey like stay happy,0
thank you jare e dun tey wey i comot for school,0
na wetin nigerian film dey cause,2
sips water my personal o jewa ke eng the evil caterers of the dream realm decided to test me but i no chop last last i woke up very very very hungry the aroma of ewa and dodo breezed past i dashed to the kitchen pots were clean na next house dey cook am mi o jewa o,2
where una dey find this love abeg if you help me see,2
chaidose skool gals wey bokoharam kidnap go don get bele finish ofed govt but y na,2
delta state where our own palliative dey na how can people be going shopping and im just home doing nothing,2
u know say na truth i de talk,0
barca yea sorry i dey vex for setien ni he cost them that game wish foolish tactics if he had set up the team properly they would ve offered more at least if they ll lose it wpnt be disgraceful like this the players didnt help themselves too thoall of them dey mad,1
lol me sef i cant get rid of my coffee habit and fit fam food no dey quench coffee induced hunger,2
howll you just text a girl and send her k just like that you wey you collect the money sef you no dey fear,2
wetin i wan do bayi light no dey gen sef don pack up and i get whipped cream cake to decorate and i dey go work too wetin una dey do no good ooooo,2
lol e get some kind pictures wey even if you wan shoot your shot the picture go warn you‍️‍️‍️‍️,2
the one wey i sabi don comot but he still dey support from outside,1
abegii make dem run tests sharply make we no go dey hear another case of weda na zoonotic disease or not,2
i was jejely trying to start something with one and casually babe mentions her boyfriend see i don tire bross make this rubbish corona just stop make i go dey shoot my film i don tire,2
im having digital systems exam today and im reading hse types of fire extinguishers dear lord your daughter dey loose concentration,2
bro in dont knw what u are talking me sef tot he don score one goal but im surprise i no even see him name for score list so shut up,2
una fit don jam for that ur amala joint na,0
bros today na my birthday abeg choose me make i flex my day,0
e don tey wey i kiss sha,0
the woman fit tiff person boyfriend o,2
nna plenty talk no dey full basket o if someone wants to make change the person has to get involved and thats exactly what im doing im going back to nnobi on thursday the fight is there and not here thanks for the acknowledgement,0
na una type de run like never before,0
una dey craze tik tok and d husband and wife person wey post this thing rie nsi,2
this your theory sef,2
omo na who popo catch na him b criminal,1
toronto raptors in the morning west brom in the afternoon na to go find cake and caprisone this night because my mental health is in the potopoto,2
baby geh go soon ball in for with base on say we nor dey talk weti we nor fit dochilax make i bring ur mind down untop we nor dey fail lia lia ask persin,0
come be like say na only women come my show guys what is you peoples wàhálà na una leave phone for house,0
this woman here dey cough like she wan cough out her lungs abegi oh me i don go inside,2
oh me sef suppose attend our general cds tomorrow oh but ib still dey sweet me na clearance own i go attend next week sha,0
people just dey lie on sapa head ‍️ person wey we dey complain about sapa don leave me go cyprus ️ sapa nice one oo️,2
i know say no dey carry last in signing good artist omo this good o am still listening since morning don pls send me money now make i use flex i know go vex i understand ayra talk am,2
e sweet me as dem pick david silva for pfa team of the season than fernandez man utd fans don dey cry ontop tl,0
this na wetin you dey call small matter ehn tell me na how the political journey of one person for kubau wan take affect the rest of us for nigeria positively tell me o make everybody get out jare,2
na i wan dey discuss ideas with now na wetin i wan dey do now be that,0
man im so pissed even when im not watching them play because what in gods name does that nigga do how does he think why play andreas and shaw why keep greenwood and mata on the bench,2
this girl no too fine laidat but oyan e wumi,2
omo wetin be this guy na person dem they flog with iron so,2
md talk say she no dey see me for work madam plis its december na night shift i been dey run ive been a very good boy dun sack me,0
ok na i tweet u on dat day,1
god im so pissed reading this ‍️ na lie go finish all of una whether you like it or not justice will prevail,2
lmao me i no dey even want make dem start am im sure ill get it more this year,2
make hin dey there dey blow hin mind,2
i used super apetisleep no gree catch me insomnia don see me finishi don die,2
na una dey carry go give dem na,2
she ws floggin me dat very day d beatin ws so much dat i try fight back nd dis man came rm nowhere omg i almost die dat daydat my head wey no correct full of koko nd my mom was there watching dat ws d last day she floggin me always sha obt i see hell return dat day,2
big waist fine face i don dey wait for you my chargie can i can i can i slide in pls na in advance,0
omo i just dey remember say i shazam song wey been dey play when i won buy bread and egg from aboki yesterday i see am for apple music and i jam am i think ive lost it,0
dont remind me again abeg i fit dey cry again,2
people just dey like my poverty tweet anyhow oluwa wetin dey occur,2
you dey find him trouble oh ion dey,2
you fit send lati number abeg,1
bros this give away way de hungry u let am reach us small na xmas de fear us like dis,2
im trying to get back in shape for a groomsman duty later in the month but this dumbbells don dey make body pain me omo i no do again if the suit like make a no fit i no fit kill myself,2
iffa tell you say i hear kpikim na lie i talk break am down for igbos na weytin dey yorulate,2
e con be like say i no wan serious with my life again,2
see hypocriteafter you don japa you come here dey yarn okoto my friend will you keep kwayetlets trade places na since you love nigeria so much,2
e be like say oga chairman true colour don dey show cos dis him determination on top dis election mata ehn don dey pass be careful o shey politics na do or die affair ni fresh episode of dey show at pm on top dstv and uhf terrestrial,2
omo na as i dey reason am now i con dey code oh,0
lmao dem don dey sub oddy,0
doctor what are you looking ️ for abeg shift doc wan collect fainting dm for ads and promotions tundeednut loloifunanya,0
oluwa wetin dey validate,1
no light heat come dey againand our forever tenantmosquitoes dey also do their job which kind wahala be this,2
lmfaooooo fine face wey be sey bola wey dey sell bread for yaba get,0
una don first increase petrol we no talknow nah our small small money una wan still chopkukuma make am naira per transaction idiots,2
oya share this one na eye wey see dey chop oo,0
aje baba table water from to malt from to na rich man dey chop beta food now when i go blow to take care of people god when,2
hot sale️ abeg see customers review e dey gimme joy come and get yours tasted and trusted polo old gra maiduguri,0
when rain dey fall na nigerians take dey show their true color,2
see this agbero you went to see a therapist for oshodi bus stop or ajegunle where you dey live agberos now know a therapist b b na only baba ijebu dem know,2
i swear na wetin me sef dey fear be that ooo make he no go follow trump mouth support one side of the war cause we go suffer gan we wey we never fight boko haram finish na wan con go face iran single technology wey no get omo make we forget ham we are all dead,2
lmaooooo na wetin nigeria dey do to us be that sha,2
so because na year end na why i go work kill myself ‍️ to think i will be working late today again auditor sef don go holiday wetin come be my own sef,2
some of our religious leaders nor dey hear word even word of god dem nor dey hear maybe later shall they will organise healing services for their members wen nor die cox their immune strong nonsense and religious ignorance,2
broke people like us no be us dey rush airtel na dem dey rush us,2
generally speaking with is here again whole lot been said about the previous editions but you see this edition e go madoooh with alist comedians,0
e shock you too abi,2
this ramadan im reporting plenty people to god una don too do me strong thing,2
na you be that na god be that foolish boy i rush enter room go lie down on bed to make a peaceful and romantic call na so his stupid number show up,2
you dey dress forget,0
person go baff up tush up slay up na oda road dust go humble you ontop bike i go reach work blue jacket don turn brown black beards don dey tinted to brown already,2
guy if this tweet fit get likes before pm today we go run live commentary in pidgin on the man united vs tottenham match ️ btw bruno fernandes sabi see as e dey unlock liverpool defence with ease,0
do i blame you no i sha dey road dey come kd all do na die plus make mouth again and see what ill do to you wicked somebody,2
una way tell me say make i just enter school say like play like play i go finish i no know say na rough play be dat see me now yrs one level,2
withdrawing my last k from piggyvest cos na who no dey hungry dey save money,0
how ur sunday dey like god don arrange everywhere for us oooo time don reach for us to appreciation baba god as we pick inside make we sama u d sing d,0
nothing is there just big eyes e con be like say you wan beg ‍️,2
the phone de add more years to person age abi na motor,2
lol my boyfriend will na see thishe will na say im always looking for attentionhe will na say im grounded for a few weeks,2
don jazzy dr sid dprince korede bello dija and all other surbodinates or mavin records cant even come out to compare themselves with olamide whos rema una sha dey find talk for this app,2
na true you talk baba but the thing be say if you stay indoor hunger go kill person u go outside corona go kill person either way na die na god go help person for this great dilemmacoz as take dey real na so dey real me self dey feel am now,2
update first dance video for this year drops tomorrow pm nigerian time i wish i could drop it now sef but we wait leggo,0
e dey pain me my hard earned gone like dat,2
you wey dem wan date you dey live alone,2
uche abeg e don do na,0
e don end im hurt,2
children of these days oh chai that was how one shouted for me in the studio one day like that pikin wey come serve for my office oh i just smiled and looked at her na people for office come dey advice her self,2
if you are single please avoid watching erica and kidd tonight you fit use vex go entangle your maigard for outside or worse still ring up your ex,2
yesterday was a movie your babies chemistry im not sure you will understand sha but i enjoyed myself mr intentional was on duty they feed me yesterday na i say make i give una small,0
i know say conji na bastard but niggas make una no let conji get hold of una common sense always stay strapped,2
i think say na only dey expect to see am,1
no vex e don through i still get one sweet red go arrange nkwobi join am,0
omo e b like say dem dey increase their salaries anytime dem take the light then at the end of the month they will now bring billdem nor get conscience,2
na twerk we sef dey twerk oo no be like say we no go like shake body when you tanana us,0
the fragility of phones tho at any second it could fall off your hand and the screen is shattered just like that wahala for people wey dey use expensive phones o ‍️,0
good morning una don wake and bake now una still hold unu joint scrolling through feeds from tl remember make somebody today my please smile,0
after shouting my year of positive vibes now im seeing just vibes wetin do the positive,2
na u wan captain them,1
e never even play beta ball dis season sef injuries since,2
lol person don owe me money but e dey pop don p for club,0
if preeq see toto e go charge like say e fit do something but if e enter see wetin others have seen e go bow,1
die it which one be werey werey dey disguise access bank and diamond bank no be same thing we no want to dey see your men dem for road dey search and stop person stupidly,2
she no go o make i come tell you where everything spoil as we reach hospital past pm them put am outside dey use hand fan dey fan am every mins and light been dey inside the hospital but because we no dey around them do the babe anyhow omo we tumble the hospital eh guy,2
no dey do frontman when it concern fighting for right in nigeria‍ if u hear gbas gbos na oyo u dey ur supporter go talk say u no suppose talk like dat na there u go hear if na me address d issue e no go b like dat peele awon eniyan human right,2
all i want to do is sleep once i close my eyes phone will ring aunty the customer duvet na how many im not sleeping again make i sit down dey look,2
lol kilode now i dey my dey please dey your dey oo,2
where una dey see this strand of weed,0
anon wey dey ment,2
the things i do for cravings ehn na only god fit help me lai se oloyun tori olorun,2
na arsenal dem dey do like dis go lingard make my fpl smile,2
that is the reason why when a call for peaceful protest is made they wont come out giving silly excuses na segalink good to dey front while una go dey behind una phone dey trend hashtags mtcheeeeeewwww,2
the mumu na bamteddy fan since e nor blow he wan dey insult laycon wey don blow clown,1
alabasidi odumeje i dey kuku dance am naked inside shower sef,0
true love deh measurable by wetin una don sacrifice but no be by knack knack wey una deh knack everytime,2
lmao na law school abeg we don get marriage order ope first collins last,2
️️ boss i hail ooo hwfar with de iphone give away way u say u go give for video i don do my own tag u time but i no hear from you,0
na glo give una chance to dey gimme got spoilers like this,2
abi o my brother me don leave my own for god o i no kuku kukuma like wahalla na only me waka come,0
abeg make dem no insort me na play,0
omo i check email and sms no alert oga boss month don end na,2
whos dis girl dey jst sent for erica what was dat,2
wicked after u don drink people hennessy finish u no want make dem come drink ur own lai lai e no go happen,2
wey dey hustle for transport but god abeg bless us with passport,0
this one rich pass dangote oh na im train esama make una bill am,0
kamaru usman bin wan kill that hin opponent sha naija to the world,0
person wey dem go sell tomorrow buy ozil,2
na for this kind stage juve dey know say na ronaldo dem buy,0
why laykon dey vex for everybody,2
who dey sell this kin wig mbah wan run something,2
you dey do ojoro walahi no be like dis e suppose dey go ooo baba,0
dem dey drag you like tiger gen them con drag me join,2
bia sammy how far those musketeers for una set and una junior colleagues una follow go collect babes for esm like us abi una get luck dem dash una abi girls,1
i hate you so its me you dont like cause im short im not even short im small fun size,2
you never help to dey gather money den they curse you on top your voluntary analysis wetin dem go con do if you dey help raise money for voting and stuff oga abeg reason am well o,2
chop your invite na im not igbo im efikibibio or inemesit sounds like an igbo name,2
no dey ask me whether my day was productive again abeg i no dey do anything,2
wetin dis one talk again ah dis app,1
enjoy again make una know waiten una dey talk oh,0
me sef weak,2
is really a cheap blackmail buhari shld v b talkin about how curtail dis threaded terrorist instead he is talkin about militia b funded by d gov wen d head of a family is brainless d family is in big trouble but wen a pres is brainless d country is doomed,2
mehnnnnnn na those kain things dey prolong man life o,0
nyesom wike is this rochas okorocha is that apc is this pdp is that lori iro na people wey dey fight dirtyto death because of them i pity pass,2
thanks love na the god work wey we dey do,0
as you no con like me now wetin con happen if you are not careful we go present buhari again in and e go enter una go protest and riot for twitter for day afterward una go rest,2
if they wan hack na video tutorial you go see,2
ọmọ mandem dont to chop l in the name of chesting it like a king na only one or two of your close circle go sabi wetin dey burn you under cloth,2
thinking of going for bbnaija but the tot of leaving my business for months unattended to ha i dont think i can do it abeg what if person no con win double wahala for deadie body,2
make biola getat him don dey banter arsenal since ltv and top radio days small manyoo wey i banter on twitter he block me,2
if you go buy buy market e je ki ori wa pe ninu bus yi oooo no dey price market like say no be money them this sellers use buy am sef now kilode gan,0
bros stoopeet if na joke thats beyond mistake i call that inexperienced a ball wey for easily push over without using a muscle e dey beat him chest from disappointment atm,2
their love i want my own simi this im serious o marriage don dey hungry me,0
i thought you are supposed to be lecturing us on healthy lifestyle only for you to be asking where is my king e dey kingdom for gwaragwara nation add value im ready for fight come o or say thank you,2
boys dont cry this weekend im so ecstatic,0
all i want for christmas to follow back oooh bbs for the win im even speechless rn na she mayorkun sang drama queen forthis one go call pesin papa,0
na only here dem de see you ‍️,2
una remember the festival of our politicians don dey act the remix festival of campaign blood shed,2
this song dey molest abt but the song dey romance,0
u don finish work abeg let dem,0
lmfao you wey no fit open eyes wella wan go pilot school tearssss,2
im scared to take this loan from my sister her terms na die like im your baby brother oh this girl,2
motivational speaker wey nor dey do wetin he talk don drop quote,2
dont mind usgirls go dey shout you get small carrot meanwhile men sef dey shout big carrot shows big boybruhwe are just being naive,2
girl took weed from the ash tray my niqqas dey smoke put for my mouth bro hand wey i hit for table eh madam run go inside room lock me outside for lounge say na there i go sleep,2
ag no sabi dance sha dey do like earthworm dey pour salt,2
na small boys una sabi oppress hiss,2
emmywhat is all this noise about vmosespasthrs nowshey chellostarsandsince thenhell was let loosehabana wetin sef,2
charley u dey mole de thing,0
the thing when you dey do dey sweet for body like sugar and honey e dey make me wonder eh,0
lol how many ratio you don chop on top this tweet and e never even blow my guy o,0
your prediction pure o abeg e be like say you fit see my future,2
lol e don tey i deserve to be rushed,2
abeg no dey sweet talk me forget alhaji and that engr na ceo better pass,0
and this dumb fuck had the nerve to say that thing wey you dey find you go soon see am and then goes on to say as long as i use protection im good and he raised both hands to support his statements i guess im shookt i pity his babe,2
my last visit was chilling at marco polo hotel n suite na kilimanjaro everyday went to mainland to visit a family friend as uber drop make i pay my guys don rush enter one buka order chaw pack gala dem say we no go back island again oh naso we begin chill for mainland,0
lmao this brt don climb bump sotey breast don commot for bra,2
all these gees can lie cos i know say she fine she wan de use me de shine by and,2
good girls like us we no dey hurt feelings na them dey hurt us,2
no b only u guy my eyes dey act like say we slept during the so no qualms i need sleep e no wan come,0
remind him say morgue dey in front of my house na room dey go give am if he try nonsense,2
e dey pain dem die,2
na de gea saved u dat day bro,0
lagos people please na we use god dey beg una stay one place haba new cases ‍️,2
my guy said mefemoi wan buy car transportme thinkingthis guy no get sensecant e see i need moneymy advisegive me the money flex broif you buy the car give driverno ever come cry mefine boi wey wan do hustle wey only werey fit survive,2
yes na na dem get d cup,0
small change i lock somewhere for detty december e be like every go dey dia problem done plenty pass money make i face am head o,2
e be like all these coaches don dey mad wtf is wrong with tuchel wtf is chupo motim wheres icardi if only these guys are aware how much ive lost to betja,2
rubbish club don spoil my ticket join,2
na love letter go kill ozo biggie don hammer am second strike thankgod mango tree no dey house if not rd strike straight for staying under mango tree let ozo just leave nengi for now,2
where e for dey try abeg u get light,1
lmao alex dey there dey cry like idiot meanwhile leo don reach door,2
be like person put boiling ring inside our over head tank cos water wey dey comot from shower and tap be like wetin dem wan take make eba at am god abeg april no too early for rain to start to dey fall everyday nah abeg,2
just type my handle under it na why are you just dragging my shirt like this na ive picked my sub thank you im not even crying i,2
aswr de join abuja rich men gang,1
im d friend who doesnt settle for mediocrity i push you to your full potential im the ginger man im the strong friend with the pep talk decisive advise d one everyone waits to give final suggestion im the honest leader cos i go tell you as e be in d sweetest way,2
lol do you know some of your other stuffs have been before you got them or even the fast food or snacks you get sef maybe person don scratch yansh before dem carry the bread enter nylon,2
that time wey caragher dey play wetin he achieved,2
ok na abeg i go help you carry bag when you dey move in,0
abeg where i fit see true love if na buy i go buy i am tayyyad,2
after this ehn you see all this lecturers that fail students for not buying their plagiarized textbooks we dey come for una the sex for grades lecturers in that faculty of arts uniben una go hear word the na god get a all of una go dey baptised,2
abobi don say make all of una focus,0
twitter dey ask me whats happening na dey happen,0
una wicked oh make una wish good for our country for once nah person use fone record una de attack nta,2
make e sabi cord,1
swipe tall sweetheart next bodysuit with cap sleeve ‍ out of stock shakarashop online shop wen sabi you sef go dey do shakara warri nigeria,0
liverpool na express you dey o,2
whenever sensitive topics are discussed here some people tend to just be stupid just to gain followers god punish all of una wey dey do that,2
dear god i just want to know why you give people wey no get sense money ‍️ how can person born of a woman went to university married born pikin dey pour water off the balcony from nd floor ‍️,2
in warri how much i dey owe you sef na today den dey owe pesin naija sef dey owe nah nor dey stress me,2
bro na this thing weh children de suffer inside birth asphyxia oooo,2
dem dey chop you like that,2
my friend just said if corona virus wan catch me make he catch me now wey ventilator still dey available before the disease spread and ventilator no go dey again,2
the thing wey dey pain mena im be say i no fine reach this niggah,0
person wey i wan shoot shot to don egbonzone me again ooo,2
e too sweet abeglike things ehif pastor ask me for special number now to drop some lines oo na this cruise na we need ooo e day enter brain pass some pastors messages,0
if he no chop like that how e go sabi play that football wey e dey playenergy,0
na when sleep de sweet na ein b d time de sabi disturb pass,2
i don carry mat enter your dm its like it is there i will sleep e dakun e reply message mi,0
worse day ever at work today the lift was faulty and na th floor i de,2
lmafooo i fit break up sef imagine a whole days without her thats like yrs man,2
this week has been a crazy one but first off guys this lagos traffic can make you rethink life o omo life go tire you sotey e go be like say na you dey work pass kilode gaan na shey we cant relocate ni and keep patronizing each other,2
i need to stop drinking henny when im out na why my voice dey disappear after,2
yansh be trending all of a sudden as i no kon get yansh laidis wetin i go do,2
he de fast de answer,0
di programme na speak people answer and na zainab aileru dey torchlight wetin dey di headlines for inside our newspapers dis morning tune in make you follow put mouth for wetin dey occur for our country,0
mtchew baba d guy dey unnecessarily rude abeg na im type dey digest everything for google without reasoning,2
lmafoooooooooo the human temple run ‍️ tueh him dey run pass ball sef,2
them never see anything everyday for the thief one day for the owner e don tey way dem de chop our money na time to vomit am now,2
so all this guys dey see my normal tweets and i go still dey get likes una dey mad,1
i dey road dey go mosque,1
guy na thing wen i day study for house,1
lmafoooooooooooooooooooooo na slap you sef chop tueh ‍️ dem use table knife wan kee me,2
na person like you dem dey rush,0
to be honest i thought everybody dey marry for dis december na so i mistakenly go print my wedding invitation card na for morning i realize say i no dey among people wey go marry this year,0
una dey see una mates oluwa which kind friends dey occur gimme,2
ruth no wan sit on top lap again na lao dance ruth dey give now,2
na make hin ride last forever be our own prayer make hin reign be like royalty way dem no fit sack no leave no transfer,2
i nor know any matter you nor dey wan gree before we go hear you don tear g wagon for the street,2
i get husband na lol who for marry you e for fit u sha thank god im not gay,0
wetin you go gain if you decide to ignore this s album album wey we anticipate album wey we use bet against youd be a loser fam,2
please next time stay at the back with them put in selt belt bro me as adult ion dey do rough play there sef ion wan stories,2
the matter sef don tire me ggogbo eleyi ko nexcestri now,2
mastacard na why you sef go blow for the abroad me sef i dey talk say i dey proud of you o my able course mate,0
i was so tempted to join the oluwa wetin dey gang,2
are nengi and kidd dating too una globe people like to insert una mouth for matter wey no concern una if we come for baby elephant now you people will start crying,2
atleast try follow back na make i fit dey steal some ideas from your tl before i come collect the soap thank you sir,0
calabar don comot theretheir body don calm down,2
men dem shey una no go do giveaway for customers like me at least make i do lockdown shopping abeg nah thank you and god bless,0
na why your life dey like this you don chop all the suya it don full your head,2
he saw one handsome man and said madamthis man fine well well o una fit hes coming to say hi give him your number o no go dey do i dont need men today him too fine me,0
why you dey whine me na,2
see una dey struggle like say na mama putt,2
its ok bayern una too dey vex sef wetin dey work una,2
nationwide abi na una wahala make i download porn now,2
but you knw say u get wahala bah pipo go troll you one find your trouble you go give dem followers like that k followers you be charity ni,0
no na my guy na,0
so i guess america is poor as well for asking people to donate as well sometimes una no dey think and every na joke to una ki o to de fi la si ori bi apeja,2
oga omo barca abeg make una take am easy ooo with manchester united o we know sey una sabi murder people like you did with athletico madrid recently that una messi alone na distroyer,0
maybe person wen sabi neva tough me na so all of them dey talk end up disappointed,2
do small giveaway na just to celebrate the ferrari with us your loveable cupcakes na,0
penalties in one season haba na only una waka come,2
what kind of heat is this sef im tired i just wanna shed my skin cos e be like say my ac don dey back up,2
e be like say dem don curse these guys o,2
like i never chop belleful i go come dey fight woman wey buy macbook for man,2
lmfaoo this nurse doesnt know im mad dey slow am i go dey increase am,2
same foolish boy that just got outta sch serving wey dem still dey feed from house na una dey rate them sha influencer ko outflenza ni,2
bros u fine die who dey chop all dis freshness na,0
phyn boi wey come sabi bake again ️ we are your best cake its not even a competition sef abeg oooo buy what i am selling pls if this comes up on your timeline retweet thanks,0
no look away na i don comment kpa twitter self go dey reason me say i like give away,2
guy e no work,2
this one was sent to canada through someone travelling i no dey scam oh you can try me sef,0
fake dudes be craving honest baewen dey aint honest,2
just tey dey for this week oh,1
i nor even understandna she n person dey fight,2
my girlfriend just vex me right now saying na boyfriend wey go protest go collect bj just imagine that kind rubbish talk i just vex comot for house and i don almost reach lekki toll gate now i wan go vex for there,2
this lere to island road ehn the shortcut wey you pass today fit block tomorrow drivers actually need to pray every morning,2
the lady recording this video lacks respect whats i love this boy you see man wey be captain wey defend una you dey call am boy,2
you don dey smoke auchi igbo abi,2
biggie na next year you wan call kidd enter diary room to choose his deputy,2
ngwa ndo esoghim ekiri socceru don chop e be like say everibodi de watch balllemme kukuma sleep vex,2
sensationalism abi na clickbait una dey call am he did not ban anything like that why lying he only gave good pieces of advice and instructions to the public and his officers you guys are being mischievously clever by half with this headline fix up and do better,2
them wan dey sub me for here love wahala for who their loml no be chef,0
this is current situation i dey like this if i mistakenly jam egg seller na beat dem go beat me nothing go comot my pocket,2
this girl wan take style chop my money e don tey tey wey yansh dey for back,2
you wey dey owe me four bottles of trophy lager beer dey talk say you not in debt,2
this na why nobody dey rate tottenham,2
omo from their facial expressions dem know say e don be for dem,2
oya padi mi time to call me for for the segment wen jennifer omoko dey anchor for the show,0
guy abeg where the baba dey abeg,1
fine ijaw man wey get sense husband material yards,0
you wey dey form kod sniper with the range you go dey hide i dare we go free for all rn,2
na the work wey we dey do glad youre thrilled,0
ai ba im unfortunate na sa ba people dey ment for this app,2
the guy that dies in my area egbon wey gentle omo olomo wey no like wahala stray bullet pass go meet am haa rasheed footballer,2
reposted from chioma no be amaka she no dey disappoint davido and chioma una matter don reach church ooo you love our post why not follow us for more,0
na crack kaka wey be world best i don fuck up,1
bia guys we use god beg una no dey use una reggae dey spoil our blues,0
dem dey run am for me all the way from ph oo thank you so much ben you dont know how much i appreciate this i bless your career oya chop kiss,0
e be like oooo baba just sabi too read wetin go commot and when e go read wetin no go commot too in go calm down jot am too,0
i soo want to recreate this vidand very soon sef,0
u r realy wat dey say u r dat road is of d shortes roads in bayelsa in bayelsa n other oil regions local govt chairmen construct n tarred a longer rd beta constructd n wit gud materials dan dis u r preachin about is dis how road is constructed in d north,2
lagos people make una leave burna boy for a while why una be like dis nah,2
dear lord the way you pamper me enh i don too spoil so tey i no dey thank you enough you don use sweetness finish me na so so love you dey take shower me everyday you just dey burst my brain on a daily i love you baba mi and i thank you️,0
this generation is one of a kind don get radio e dey sweet my belle currently live on soro soke radio,0
she na like this we go dey dey so many heart shattering news hitting us on daily basis in niger state my heart is broken rn ya allah come through for us,2
medicine girls like dem no be dem go chase youna you go chase dem ooo,2
you remember how their mouth de sharp that year when we de tell them say e no good as dem run the guy bah especially de back de do supporters club i de wait,2
this was what a lady told a guy that they had planned to get married together o baba dey hustle big time and na only chop money baba still dey see though with good future sha but babe said he should be saving for marriage o and baba was like how,1
we dey find food chop oga we no fit save and or invest,2
lol na so we de call am oyell,1
loooli don place the order today my account no dey funded like yours fam we dey gather am small small,0
salami don send hin yearly vn again e burst my head,2
i was thinking of travelling by road dis xmas but nah some drivers can be very stubborn and reckless this one theyre handing guns frsc workers frsc hey stop there park there driver mtcheew no mind dem dem no fit do anything frsc kra kra kpa kpa kpa thinking aloud,2
my nokia torchlight don dey fall scatter anyhow dem no burn my papa well to throway my note like that oh double standards everywhere,2
esther dey advise mercy make she no break up with ikeshe no no say na her coin cause fightmercy dey cry ooo inside life,2
this man is always on his balcony haba and i always forget to drop my bathroom window curtain now he has used a long straw to suck my brezz from there this has got to stop na why all all the timeoga sit down inside your house na why upstairs dey sweet you,2
person way promise me christmas money na him dey flash me bayiii but sha all thos students wey dey write pages of answer for question una too no fit make heaven oo which mark u want make dem give us wey write,2
na wetin you mean be that na hhahaaha we no be hypocrites,2
hanty kenny welcome to adulthood na so we dey roll some months sef na to enter gbese settle some obligations sometimes one can wish the hands of the clock is reversible but despite everything we still stan u shall overcome sis,0
oya beans don done oh make you come chop,0
my phone camera just broke my heart i snap picture n my oga called me mr tycoon u looking good this man does not know na camera iphone dey help my life top league for this girls heart so this man no go wan help me again oh,2
asset to prison yard abi una never see anything una think say buhari na jonathan wey una dey talk n run mouth anyhow una don jam army general with iron hand wey fit handle all of una carry on mr president,2
last months have been d best moments of arsenal fans life until dey came back same arsenal same stories one advice for arsenal fans make sure ur d last arsenal fan in ur lineage make sure ur not going to put ur kids through dis again in dis lyf i use god beg u,2
big funds strictly bookings you fit blow k if you blink,0
na the reality be dat im just happy cos i love him as a player,0
wait na lalana una dey talk of or van dijk,1
alaye you don dey chop life o,0
imagine this weather for two abeg where una dey see love now,2
hhmmmm ezemmo ayi anwula di anwo some of us wey get shop and madam na cashersectary na wahala ooh,2
i don finally comot my hand from anything wey concern love the last girl wey i treat like egg them don boil am chop ‍️,2
swipe brave soul brogues ‍ price n̶ ️ color brown size uk dm to order whatsapp + shakarashop online shop wen sabi you sef go dey do shakara warri nigeria,0
e be like say dem don see the future i don give up already,0
looks like this writing never stops when it comes to postgrad studies thought you just finished one some days ago and am here still battling with my thesis proposal tired sef,2
boys stock shop above shakarashop online shop wen sabi you sef go dey do shakara,0
dem don dey find money,0
ooooooh boy c urhobo babes r doing it hhhmmnnn u pipo shud carry us along e o,0
fan base when nor dey show for him streaming numbers na to create multiple accounts and make noise for twitter una sabi empty vessels,2
you go dey ok,0
you wan know you go know when you see too fine tems sef dey crush go hot️,0
thats not pimple na na wetin make u fine be that,0
im a creative i dont need a dramatic or over attention seeking gf to disturb my mental state e hard to find babe cos yall be out there saying claiming baddie and saying if shes not dramatic she not the one for you bullshit u gon lose a nigga like me fr fr im busy af,0
e be like say na me dem cut off,2
lmao me wey just dey observe i been wan learn from the master i been dey watch you but all your shots for tl just dey go off target since yesterday,2
you too dey stress pesin wey dey ment,2
i go soon change this number again e dey only ring when person wan take dem no dey give na just take take take take mo need heavy pampering,2
dude i remember in jss i just got into fgc ikirun jjc i no sabi how e dey go i was flashing my bright torchlight at night feeling happy suddenly someone just flashed one weak one in my eyes snatched my torchlight and dropped his own for me i almost cried that day,2
that god forbid enter my bone lool a while iyanya wey get mad hits for west africa e dey pain me olorun,2
see me at the stadium this morning just dey look people dey exercise i came here to watch soccer joor,2
olboy speak for yourself are you me are me you is me you is you me is you even of us is us part of you stay your lane o no spoil business for dentist wey wan press bress to treat him customer o shey won bi sobi meja ni koribuku e si canal jare,2
alonso go just dey make me laff una sure sey nah ball dz man wan play before,0
na musician wen sabi sing we the retweet ooo,0
no be say e dey plenty but based on contentment we dey live happily,0
baba god na my joy giver baba talk and do even not talk and do sef join️ his word no dey fail and he too love me too much e choke mi goodly,0
make them talk oun tori lobe to fi waro owo make dem talk,1
omg another one e don tey person call me sweet names,0
honestly the thing dey vex me everybody trying to form woke on depression issue on here,2
please help me call that angel in charge of relationshipslove affairs e be like say dem comot my name for list,2
u follow me i followed backin less than mins u unfollowed me n u think u are sharp u must be mad una mata don tire me dont bother following if u wont stay as a follower thank you,2
month never reach half i don already make one mistake who send me make i wash my son bombom after he shit finish laidis tori olorun my hand just dey smell like dump site since morning,2
nice rhymes now laycon don vex dey off cloth we are here together to shake this table for strong,0
guy even to sleep sef dey scare me imagine sleeping and your mind is still thinking if you washed your hands enough small headache last nite i don dey fear,2
this town sef na so them like church ni ‍️ to eat na war to buy fuel problem barb nsogbu,2
+= so does + d way u do tins is nt always d way do dem respect oda peoples way of tinkin,0
what is he locking it down for shebi na the jumaat prayer and easter service na im dey more important our brain go soon correct,2
my neighbour baba abeg i wan tell you something me boss wetin be that mn i wan flip my car in case you get anybody wey go dey interested me okay like how much mn it depends on the mood wey i dey when the person come me junkie paraku ni man yii,0
even in his backyard he got his political prediction wrong in short your favorite eanalyst no sabi as e dey go,2
na you act feel part and lolz erigga don smoke i can feel it,0
dont bite the finger that fingered you abi how dem dey talk am i don forget,0
na person wey get woman fit chop that kind food,2
so weve added a jonzin jam on abeg tag one artist yall want me to put on dis joint coz e be like say dis my rap no bad oo sdb headquarters,0
e don tey wey i know say were cowards i use to dream of becoming a soldier after my nysc but i will wait till i get to usa and join a respected military not this hooligans that kills civilians for fun but can face boko haram lazy,2
this our friendna you e must marry if we catch am de talk to another girl we must report give you,0
my mum was a super woman always there to borrow u she be my bank wey u fit deposit but no fit withdraw rest on wurami,0
e don serious,1
i dey whisper this also dont tell anybody oo plenty fine guys dey here too my brother and don tell me b as a veteran,0
yess esp de bruyne he was a class act today peps team is exuding so much confidence and there is no sign of complacency as a man utd fan i dey vex,2
na your party na if una continue like this dem fit stone una by,2
good morning o e kaaro o your ticket seller is here o e kaaro oni ticket yin ti de o how many should i bring melo ni ki n mu wa tomorrow is grip am buy your ticket now do enjoy the rest of your day please rt as my customer and my customers are on your tl,2
ehennnwhere una dey ooall of you who engage my tweets andmake me enjoy these streetsoya make una line up ooi wan share jollof for una here oo abi una don chop ni‍️,0
wetin do una for breast sef una too dey hold am for this bird app why ‍️,2
we have our different love boxes plans to suit you budget mini box maxi box of contents like doughnuts cakeschocolates and many more never forget sey love dey give and e no dey give finish,0
only one devil abi na lucifer thats making so much retweets like dis mehn that guy sef stubborn,2
this one this man tenant just dey give me drinks since last week hmmm e say e get wetin we go discuss humans they dont give without something in return,2
please work on the riders agbero niwon olohun ngbo then the app is very useless very very useless they no dey pick their calls or make dem tell you say dem no dey available,2
na that person wey you call your man omo na that person wey go fall your hand,2
sebi ur mcm ft drake for come closer wen e view and streams nor still reach if support better things una say no,2
as a guyman used to paying the lump sum and calling it a day with the mindset of either e dey or e not dey this was quite interesting to see and also in the process of keeping the hair for customer to complete payment the vendor could sell and restock that same hair,0
this lodge and jehovah witness ehn na so i enter their hand immediately i opened my door like sey na me dem dey wait for na only my lodge dey futa ni,2
i cant even imagine what you do to them on a daily basis we on twitter na only picture we dey see but perceiving the food and not eating it,2
you welcome brov how you dey na make una send briefs come my way na,0
so true babe all those there stories na lamba me self don chop am before everything he said his ex did to him he later do it to me too,2
na this kain bruh wey i get dem never like my progress,2
i don tire for bobrisky‍️ but you sure say na der food make mompha dey shake head saintavenueent gossipmillnaija welovelaugh yabaleftonline mcedopikin abuja nigeria,2
every day una dey give order yet the man nor get una time make una rest joor giving orders like say na una be him master,2
how do you guys feel comfortable in crowded place my own house de itch me people everywhere nowhere to hide wedding don finish make them de go house,2
see as una take fall my hands now now wey i think say una don get sense so all these quick response to tweet na just forming,2
if the matter kill me dem go still show up for my burial chop rice join abeg abeg,2
the filter dey even vex me,2
mehn yeah im a lion hard guy hard guy but lion sef dey cry this is not fair this candle procession and the stories that followed really got teary where did we get it wrong,2
lol wan killi me she said ffk became depressed so if baba buhari call u on phone now to come pick aso rock job u go come dey sing e praise,2
you deh pay your babe school fees yet you never write jamb ohboy you be scholarship board uncle check ur dodo e dey burn,2
why e be say na yhu get belle but na our gals and wives dey help carry am,2
made me a millionaire how i dey work for he papa abi e don dash me kobo before hes very stupid,2
this guy never old o listening to him on regular way back then early morning jams between e don tey amazing that he is still working with you guys e go don get hin own share for that radio,0
fupa wey you fit dey romance with your and and it will be turnioniown,0
na tiff na e sabi come dey carry face for chapel that day,2
why must you catch them na y dem dey vex,2
dey do great link up play like say na wetin i go chop,2
buhari don park his family and property for inside motor dey run ooo he don dey comot for asorock una dey see am,2
ill probably cry when they play time flies siwezi kuwacha rhumba as i dey dancey jagajaga to my raga dem dey feel am,0
na all of una dey code ni your sister too yeah but regardless una two be hoe sha i dey always seem im tweets,2
going through i don smile tire,0
na for house him go hear am i go beat craze comot hin body,2
im seriousi need to blowlike used condom wen dey stretch,0
one chance people e no go better for una oooo area taxi drivers una mama now a one and only son of a widow is gone please we need a transport system in abuja that will stop all cars without the green and white color from doing taxi business in abuja,2
bae called dis morning asking me to com spend de day with her but i told her i gad be work she said on an average day hw much do u make i told her to k aunty sent k to me saying she hav paid me for de day wit a bae lik dis y wont we leave in peace n harmony,2
so na so u dey do am,1
nothing improves babas cred sef like so alhaji sef dey nak,2
i am tired of not having constant power supply im tired of the insecurities im tired of our leaders not doing the right thing im tired of the selfishness and mans inhumanity to man im tired of saying e go better im tired of being tired,2
na wenger make me stop to dey go the embarrassment of of hearing rival fans taunt you with one by one them don dey go when bayern is leading,0
abeg wetin concern phone and chest pain sha dont show my mother this video abeg if you can relate tag two friends to see this and,2
abeg make person hlp share dis video so dat okowa go talk abt dis palliative wen people de loot and e claim say e don share own,2
went to see mortal kombat at imax lekki e be like say subzero dey the cinema hall the main cold wey wan finish us ehn,2
musa sef no fit see anything for gate again cos he don dey dubai too,2
dem don finish us bokoharam pass una but to kill innocent youths no hard abi,2
bro na so mesef buy am yesterday e pain me but man no fit shout,2
im still awake because alcohol na bastard everytime i try close my eyes e they be like person carry my house for head they jog,0
se una no go return my money before i dash una something else spiritually abi both capital and interest i didnt see anything e go contribute small for my school fee oo is like you people wanna craze and you will see it,2
what do dodo na abeg na love the meal,0
lmfao i wan call you earlier sef i dey house too,2
see the fresh chief people see and say we look alike why una go dey whyne me like this na happy birthday best roommate in the whole world thank you for being my brother,0
my personal thought too and not very far from what a certain religion says that when man pikin wan die devil go show come tell am say guy today i comot hand for your matter o me just dey whisper inside ya ear you chose to do all those things by yourself ah no hold you,1
so na so all the money wey i dey expect all take castbruh im still going to ballllllllllll,2
lmao the app sef dey chop data die,2
fine girl = wahala and wahala no dey finish so dem dey fear us,2
he was asked are you a hard guy next he did this ️and i told him ooooo no dey do like that alaye no dey do like that now dem don turn him sharpness to mugun song title ballerz,0
the guy don go again catch this guy abegggggggggg e dey spoil your name na,0
i don find a good tattoo guynah money for the tattoo i dey find abeg nah help a sister help me retweet guys,2
i think im over it sefthanks dear,0
why are my followers reducing na followers wey never reach come go dey reduce good morning,2
dem don dey proud wen match never ende sweet me die,0
e say if na nigerian boyfriend them for blow you woman beater im deadddddddd,2
e get beb like this for this app me to na her picture i wan use but i forgot her handle like say na seff na she aswear,1
my bro you know this e be like say you sef chop am wella that year o,2
otis you be big man chopper dey for you na,0
compliments of the season my people how is it going at your side ooo cos father christmas never even reach here self‍️ abeg if he dey your side na beg i beg send am to me thank u in advance,0
you can compare messi and ronaldo and cut your lungs out what i wont take is coming with that smelly dirty disgusting nigerian mouth to say messi no good na make him leave barca or ronaldo no sabi na he doesnt have balon dor yenyen just argue and dont say shit,2
as christmas dey knock bros no be every call u go dey answer e get y,0
thats exactly how yall say it the thing dey vex me i look nice ehennnn add other things to the you look nice eg baby oku nwa di okay youre looking gorgeous ahhhh ahnnn see babe etc,2
e don tey wey mans begin see heartbreak,2
las las na mumu club go commot una,2
easy peeing you fit piss anywhere no menstruation una no de send flat tummy issues,2
nobi the design be the koko na say e look my pictures run the measurements lidat,0
properties wey una dey collect frm those yahoo yahoo bois wey una don burst shey na return u dey return ham to dem oyimbo people all una dey na self interests una sha wan turn away frm una normal duties nd focus on unreported ceneros,2
ill try tho e no dey hard me ooo,0
i don comot my leg oo,2
strongly feel like going out this nightbut no bae economy car no dey move everything just dey wan kain,2
happy people wetin others been dey drag for years you go pull through in days kids wey go bring follow come crown na im elédùmarè go give you small hustle plenty money with peace of mind may the god grant your wishes strengthen your medulla and make you bigger,0
don drop bars on till i open my own account after the bars na bah remain to run my fresh account over to you boss,0
my mention my following dis evening my phone sef dey freezelet me tk a break so d phone can rest ill be backim super happy,2
who sabi sabi no worry he no fit break god bless the heavenly ones mothers day,2
wetin dey emanate gan,2
na so una dey take fail exam,2
one thing you should do this year is take your health seriouslyvery serious ️️ dont neglect things that you think are trival health is wealth na person wey dey alive dey flex‍️‍️ happy new year,0
k rt isnt bigger than yall i can luckily na na to dey hope,2
dis is how blessing keep passing me by sir biko ans my call na beg i dey beg,2
gt bank no go finish me k wey i dey managethey comot sms charge still comot vat on top sms charge ‍️,0
you wan glow abi you no wan glow see skin na rush to and get yours so your skin will be perfect like ambassador maria congratulations maria hushd skin care,2
you people should try and be calming down make e no come touch us wey dey supporters club like this,2
na for where we go settle matter naim person slap me for eye i no see who slap me me sef con slap the short man wey dey my side i no know say na soldier we don dey drive go barracks like this,2
wait till election period lol na there u go know say those whites no get sense he dey sell that american first nonsense to them and dem dey chop am kwa kwa because dem be natural oppressors,2
i stopped at seconds alaye aye e de ma baje ni awon wo ni children e abi desmond think say na film we dey act ni,2
kenin fit don sharpaly decide our fate for pm make we know whether we dey rebet or not i dey comot that busta sha i fear berankis,1
una weh done oo shey na blackout things you dey give us since yesterday,2
how una dey enjoy warrii believe say una don grab enuf waffi slangs when com sooner than u knw,0
i was feeling your tweet till you got to the legend part well what is the definition of legend sef all long serving players,1
mouthwatering yeah i know you can have yours too fresh okra soup with better swallow wey hotyou know as e dey be na tasty meals and soups delivered fresh to your doorstep homemade and very delicious call us today or slide in to place your order️,0
first born like us we no to dey find responsibilities na dem dey rush us,2
mb dey waste na what happen who is that person pls,2
see this debby geh na spec her face na like but her body na solid taaaaaah the geh set die,0
even when i dey with shawty money dey for my mind,0
na anambra i come from i no need your motivational quotes i don dey see rich men since dey born me period,2
prevention is better than cure but this lock down no go work because na wen man comot na him man go chop this post is for those politicians just like una gave us rice salt and made tshirt during campaign,2
good evening my adorable followers how are you how did your day go im sorry ive not been able to post stories like before ive been really busy and not had me time i know i have some unfinished stories ive finished them in my head na to type am no vex abeg,0
e be like say the cutlass wey dey use carve your head carry your sense commot,2
i am just here trying to understand dis twitter thing oh in oda news dis is d jam of d decade dis part especially d appraisal was okay bye‍️‍️‍️,0
no competition dear anyhow u wan run ur own run am dem no dey carry last or first just have a peaceful home,0
my guy posted his mom picture and his friend commented o boy u self know this yeye woman she no dey like condom at all she fit drain person na the matter we dey here dey settle since,2
good morning my don body just dey de wait for u,0
fresh kehabi opportunity to fornicateactivity dey wey baba go do wey go make baba forget about meim not playing rough play naira,2
abeg make e locate me wella oooooo,0
ẹ be like dem don break this guy heart he just dey rant for whatsapp status,2
i broke a ml beaker during practical and now i have to replace it thats not even my problem the problem is that this is the th store im in and na for ml beaker their own dey stop i don almost use leg reach uselu market and rain dey fall god my day,2
omo my gender don dey reason how deh go clap their grandmother mate ontop this ps matters,2
say i help out now don cause all this wahala na me fuck up o‍️‍️,0
on saturday them bring am o i say i will give them mins to be sure they have made up their mind on giving us power after mins light still dey i happy go off gen as i enter house wan siddon light fiaaaaam which kain we get for agungi sef,2
debonairs gtgtgtgtgt dominos so na wetin una dey enjoy for this lagos,2
i no too get sense like that but i sabi too many idiots shigbain sense dem no fit boast of,2
take me with youmake me sef experience the orgasmic stuff,0
we dey post buh dem no dey like or comment,2
una whey dey price lawyers like say dem be tomatoes,2
chai i made dis kind of post when i came on dis app o fine girl made similar post and in d same month she joined she already has more followers than me now dis is gender inequality,2
when ure eating all kinds of meat and then ur mind is like chop am ochop am wellasna sit ur belle go suffer when sit up time don reach,2
e be like na only you dey enjoy this kind thing for this app oshow me the way na,0
years relationship ended bcoz of genotype wetin you for ask on the first date but star raddler and suya no gree you e dey sweet you,2
na like this auto correct go kee somebody one day just wanted to hail an old class mate that has been married for a couple of years without any issue nk baby na so my phone sent no baby how i wan take begin dey explain myself now,0
be like say apple dey med fireboy album wey i download full for nigth this morning them don delete am,0
the flyover itself dey cause traffic the higher it is been raised the more traffic it cause wahala fit dey when e complete,2
we dey play dorobucci by ontop wit,1
thank you for all de laugher u re releasing for us all especially dose slaps dat always drop my fone on de floor god bless u dearie,2
una dey threaten jack ontop e own property,0
how una take dey get followers for this app sef this should be my th year and im still stuck at fgs,2
you dey ask me wetin b sapa my dear if sapa hit u your life no fit remain d same,2
but you see tec from show dem camp good lord im living im living,0
nw im hungry dis type of life is hard,2
lolall these oyibo therapy no dey workpesin wey own househim wife dey disrespect am a single dose of slapafenac everyday will calm her navs,2
have you heard of make you no just dull yourself when you see say the stop for your domot because plenty goodies dey wey e dey carry waka meanwhile rush down to faith road off ikot ekpene road in uyo now now everywhere you go,0
wetin this man dey do bayi even if country no get good leaders e never reach trying to commit suicide nah,2
but u na boss na make i send you my aza,0
bros dem nor dey give s iphone too,1
abeg where una dey see this kind love,0
big brother abeg we don tiya to dey look these people,2
una no dey help me ooh with all these delivery ooh like i just stay indoors everyday except to go to work church market or park na wah oh,2
all these lies government dey throw media go make sleep fear dem say fashola saw camera after lawma clean up and sanwoolu don check am,2
i wonder weda na ronaldo tell ole say e wan rest,2
so i slept off and many things happened when i was saying stop shipping some were calling me bitter cruise on this show una no dey hear or hv a fav anywhere his or her belle face u follow it wil end in tears david is the ultimate scam for now next,2
omo child wey talk day him mama no go sleep him eye sef no go fit close,2
waste ke ijesa o gbodo sunwo nina went to see a movie with wifey i was wearing a armless top then d ac con dey blow pass normal cold start dey catch me wifey said make we dey go i look am likego where ki k jona just like that noo ma we must finish am,1
leave obi wetin him know you no say him no like wiz na song wey he say na because of wiz e blow,2
me wey i don dey fine peace of mind up n down i thank god i found you bayi,0
we dont pay on delivery as you dey fear me me sef dey fear you wahala nor too much,2
na wetin de hungry u,2
ignore me sef look my bitsika cash tag pass now uncle don wan look me pass again why everywhere just hard like this $thobiedani,2
baba why u dey do like dis nah m if u post dis hublot again i will sue u for treason,2
erica don dey morun ẹ don dey enter body,0
i dey tells una draw bois dey wait for sef,1
lol some niggas still dey around dey peddle drugs as match dey go on ahh,2
kanipe i have used the energy wey i put for love learn mechanic ni i for don sabi repair train,2
i dey look my phone dey laugh my family members dey think say na sweet emotions anyway may jehovah no let them have a mad son bcz of crypto,2
helloo abeg i don come again make una no vex o abeg theres been no light since tuesday in my street at fegge onitsha no one knows exactly what the problem is please do something thanks in anticipation,0
e be like say e don happen o,0
wetin be that cry im dying here please nawa o na by force,2
second friend a guy said na only for movie i don see una type of love before make i no see any guy with you i go take you beat am,2
make una come buy wetin we dey sell oh kindly help rt also for our customers on your tl,2
dear twitter fine boysbearded gang abeg abeg abge️️️️️️ na god i take beg una stop posting pictures️️️️ for the sake of loyal girlfrnds like us to our own tall handsome bearded boyfrnds abeg,0
na rich people dey gwt fans if you no get money na paadie you get,0
bakayoko neva still fit impress me for dis team yet defensive midfielder wen no dey impose himself na wetin dem dey call am,2
what rubbish wetin chance dey find for here andersson paak i fit managebtw wheres savage,2
d way i love dis eeh if u dont know what love looks like jst take a look at dis two and ull c it may god bless and keep u both geda kachi abeg show us your open in d next pix weve missed it,0
so because i dey use prepaid meter i dey use torch dey move around even when light dey poverty bad even in lebanon,2
wheres the dj na e be like say biggie wan atlact curses or is it years suffering,2
why una dey rush person sef let them be,2
u know say u sabi liewen dem carry u noready to explainu that is america is in possession of cbn transaction papers,2
tea is better all the arab princes i want to be in their network na tra dem dey drink right edmund no shayo abi,0
wetin go dey there,1
even if you dont know what to tweet to help during this time atleast copy and paste from verified sites and tweet surprise us small na copy and paste no dey kill my guy dey useful,2
like bro i don wait for this fight tire dem don too postpone am,2
she don set hot water down gee lets go even sef,2
wetin baba talk self koyemi well im not even surprised but i dey reason say shey na inside movie alone karma dey god shey na like this we go dey dey not even a word on peaceful harmless protesters that were killed wtf,2
as u talk say u de support man utd i com de feel say dis beauty went to the wrong person its all love thoo,2
na these women ụna wan give gun ellah cynthia blessing for don kill me since,2
make it pm abeg i de sleep,1
to press my legs yeah but na cuddle i want,0
dey reply me with one word dey expect me to carry the conversation where i wan carry am where i dey carry am go usu ra kwa nwanne gi nwanyị dia,2
lmao im so sorry i was going to read it o na so i sleep off no vex boss,0
na my location dey ment i dey school oo,2
which one con be that abegii man wey go siddan one place go siddan one place no go dey stress yourself ontop man wey dey follow any skirt that moves,0
hell yeah im a straight up amazing person mixture of craze intelligence and the love of christ why wouldnt i love me plus i never see person wey dey ever ready to improve on themselves like me ️,2
nice mama you said nice does general say tope better dont make me wake her with cane this night sef,2
no be person wey first call police dey win case cross de boss spill out dear im loving the conversation with queen cross,0
i saw it comingi know its just a matter of time bpsg finally falls like a pack of cardandcitydem own na dis wkend,2
star boy why are you a devil no cap you just drop no hype and now you dey top wey dey trend so much blessings in one human always blowing off our mind,0
i dey enerhen junction nothing dey happen,0
shey una dey see una mate we cant boast of hrs light in one week over here,2
i dont know o but this and question song dey make me happy everytime understand too go come make me dey miss my friend wey i quarell with,2
na so dem go continue to dey collide,2
e for better sef if baba dribble me i no dey struggle oh i dey just collect my l move,2
where una for dey see this money you even get balance omo,2
can you just shut up abeg like shat up sheybi na your pikin them burn you for her mouth dey yarn okoto like this,2
peopleare getting dressed una dey here dey talk mtchewwwww,2
the shoe nor even be your size borrow pose i sure say you dey carry filter for pocket waka becos all your picture na filter,2
all of una wey dey tell me say una love me make i no see una for my dm again ooo,2
im always serious because if i dont get good grades i basically have no backup plan i no get talent like thatto do skit mbanu someone will now ask me why im always in law library fimile,2
yes e dey work e don work for me before,0
and twitter erich oloyinbo wont be bothered anyway as e dey pain them e dey sweet us,0
came across this igbo guys handle here and dude tweets sensibly went through his tweets and im like okuuurrr i have to dm slide to the media and + pictures all gifs and memes what is wrong with with you guys na at least put avi make i see market way i wan price,2
aunty e be like say you go go find this boyfriend wey you wan build for your head ooo,2
chelsea the third wey una no wan give man u before una don finally give us on a platter of gold thank you livepool worthy champs,1
we plenty o me sef dey wait for my own supply,1
special greetings to my salary earning customers shey una dey alright im just greeting u ni,0
i had to remind my tailor to allow me breathe because this waist snatching is becoming something else please my dear let me breathe na who dey alive dey wear asoebi,2
kai for wer abeghmmm lv dem joh anything wey sweet no good for poor man body for dis country,2
mood finally is resuming boss don comot from office light no dey my sends me off to s high way give me transport to take go back office cos like this i don lost,0
frosh somebody freshest of his kind chairman na dem dey rush us association member beard gang group,0
oya sister rest na or you just like to cry kpele ooo continue im bringing bucket im saying it again chike did not win becos hes igbo you can die now,2
na small children like u na dey knack pass,2
guyyyyy i go dey open mouth dey sleep i go dey open mouth watch film i go dey open mouth dey smile see ehn no just worry my handle go change to king of smiles,0
anon abeg na the birthday gift way i de find be this,1
na so i fit chop am baba d swallow no go fit flow well if i no mix at least i must mix soups if i wan chop if na yoruba cafeteria na chop like or soups nd its flows tru,1
wow i give up stupidity no dey catch person for old na from youth e dey start but thats crazy except u were in a relationship with him or something,2
person say mc galaxy no get sense na why e dey always sing about soup first na oha now na ogbono very soon na afang and edikakong he go sing i felt it,2
any man wey dey look e girl whatsapp history and chat make he ready to buy paracetamol or boska,2
make person show me love buy me iphone na abeg show una boy love abeg,0
i guess has a word for naysayers speaking outside the confines of the benin moatshe said una dey craze,2
aunty sorry cardi b etim okon chukwudi afa na abeg u fit come uyo before you travel trust me youd like it here i fit snap u picture,0
i swear i no understand my account balance e be like say e dey leak somewhere,2
lol dem too dey form and las las nah dem dey marry,2
when my wife carry belle na this kind meal i suppose dey chop e no easy to drop sperm wey form baby,0
realmadrid will surely approve dat we de fan will surely be wit u on hazard up up upde galacticous,0
make e sing song abeg e voice sweet,0
am a little gangster wit de best star u can test if u r wit tester visits,0
but youre very talented sir i no fit whine you na,0
wedding don finish na camera man remember say him nor press recording talkless of save na the matter still they settle since ooo,2
i don hear na person don tell me,0
na money dem dey find na,0
u na baba dat way na em sure pass self,0
my friend dey this table sef,0
if i comot akure at all na ado ekiti i wan land ah nor want city stress ahbeg make small money and spend like a king now imagine when you begin to make money like highway robber,0
didnt i say itmo ti unfollow e na man wey wan sell fine gate,2
aligo abeg help me give akpors hot slap dis morning cus he no sabi anythingi vote aligo joor,2
im no longer patient with you people on monday im heading straight to office and every damn thing is going viral just reverse my money if you guys dont want more wahala from me,2
lucy sef dey dance wawu,0
my birthday na next month i don dey collect gifts sha,0
e be like say different teams dey lol segalink vs ogbeni dipo vs ydp the first two dey fight for who go take the shine for the last one wan hijack the protest from to but who dey fund ydp lol,2
even beebeehen never waka where i am laycon showmax wan waka ooo we are talking about countries outside africa ooo sho get like are you understanding how huge this is,0
e don dey leak,2
you brother die and you dey ask for amala,2
shebi na zanku wey i never perfect na im these hens are doing anyhow,2
person dey beat me for fifa still dey talk say bro your hand don dey strong o,2
dis na real cruise ooo maybe i go use the danomilk ng rolls do bandana catch cruise with nengi lets drink milk,0
them dey back the man e nor know say ball don change,2
okay we dey wait patiently,0
naso this morning i just dey remember the day i play odds wey later enter i just dey imagine say i put like k ontop am boom o ma ti dun ju,0
i dey toast one girl yesterday she just dey cap nonsense tope if ashawo tire you do runs which one is i can manage k but im not cheap i dont sleep out ‍️,2
no go think am oo hope sey no be wetin i dey reason you wan do,2
since quarantine started dey only baff once in days,2
the boy living with me came in october very small like a toddler today i dey look up to talk to him ‍️ what have i been doing wrong na wetin i chop him dey chop na except shawarma catfish peppersoup pork wey him no dey chop sef ‍️,2
i nor know whether na same dm we dey use,2
hunger wan kee me now you con dey tweet this kind thing,2
make e catch corona na who e epp,2
god pls show me mercy i have suffered enough me not asking much but to escape to us na my mates dey dia and i wan join them see frontja no get light as i dey type this abeg do am for me,2
as dem turn i close the video fear no make me finish am,2
im so freaking hot need a glass of chilled water but ive got sore throat so i cant what kind of wahala is dis now,0
baba e be number one man for e sef oo,0
na me be that of winners wey dey on top of you,0
i bin wan ask too but i no want chop block,1
abuja fun spots wey dey get hefty bouncers die abeg we need you to speak to your staff to support us with their strength,0
wetin i do una so them dey keep friendshipwell do ur tinno wahala,2
na wa o see how dem hug as if say na fight,2
lol just like dat send ur acct number dis i no dey watch ball but i love chelsea,0
i don catch you wetin you dey find here,2
upon all this likes na only subscribe tragic‍️ try and do am na i wont reach p secs to do and finish make una help me reach k subscribers na,2
dem go treat you like their brother but dem dey pray to see you suffer chuk dirty mouth inside your matter eh but if i call the holy ghost holy ghost go answer me answer me oba aye go fire them fire them fire burn the enemies enemies ft thxs,2
wawu good to know but bros na play i dey play o abeg no tell her wetin i talk make she no go dey reason my matter o na god i take beg you biko,2
kai this gala matter pain me pass the dstv thing sef so this guy just use style call lagosians in traffic pigs,2
i dey hear say na phase of covid we dey now is like i missed phase ooo,2
lmao curses wey dem don dey chop since omo if pdp no jazz up it gonna be bloody for them,2
like say you sef no fit join its that account balance thread im hiding from,0
abeg why cooking gas dey always finish on sunday my rice dey swell like dis i,2
na laycon dey enjoy for this party pass the privileges he has eeh the guy dey tap fire,0
bros like this abeg make una remain small for them na haba ‍️,2
shey female anon no dey ni na only macbook i need anon maybe i should update my twitter because its like im on a different twitter app,2
stooopppeeeet its supposed to be given as e dey hot,2
na why u dey tear skirt,2
i know say na this kain thing you dey like,0
only madrid just dey allow this ppl chop me these days,2
eh make una keep na cause im a star in my field i deserve star radler bro,0
on your way from lagos to abuja and bus stops for everyone to eat only for you to be told bros no be that guo you follow dem don look for you so tey the driver don go o,2
wetin you chop wetin you drink wetin you puff my house na dey play since morning ive had favorite songs since morning now its jam ft chronnix every track,0
where e wan put am,1
hunku wey dey make sense wehdone keep on seeing my rant,0
it depends on how the relationship is oooo you know even amongst your friends you have friends but me i will ask sha ooo like wetin bin dey sick you sef,2
arsenal cant make the top with them westham leicester and co na football power house una wan dey face week in week out,2
i am just so happy here i been don dey reason how e for be if my girls come up this week,0
ah con dey see am like say na only me racksterly dey fuck up since on th oooooooo ayyi its unfair na una costomer care no dey even answer person thats that worst part ️️️️️️️️️️️️️️️️️️️️️,2
lewl so wetin we dey talk before dey smell,2
successful aba nigga go loud am like mad u knw all dose china speaker nasounds so unpleasant dai kids are so lousy dem go jus de shout for yoruba ehn d others ones will be watching nollywood like say dem de mad mi am ready no sleep for d wicked i de feel d bass,2
na una go chop oooh we beat division country team una dey happy,2
dem don go arrest people wey dey settle matter say dem no wear face mask dey station now,2
na so use thief my money oh make una help a broda abeg i don send mail tire access bank deserve dragging,2
i no fit marry man wey dey fight for nxt sha na everyday i go dey cry,2
whenever i recharge my mtn line at nyt is luke am sharing my remaining balance with dat woman wey dey talk ur account balance is too low for this call dial to borrow airtime rm mtn or dial to but airtime directly frm bank account thank you thank u kill u dia,2
una sef de fear,2
nigerians selfdey judge matter with handfan inside light cos nepa no gree bring lightsmh,2
abeg cool weather no be thunderstorm na rain don stop already abi una wan sun the transformer make una restore light make dis lockdown no be anyhow,2
na the work wey we dey do we give you an i want more experience with our beautiful and yummy cakes send a whatsapp message via to place your orders ikorodu,0
mid too na wetin dey pain me pass guy mid,2
who be this new guy wey enter for ighalo wey dey play ball like insect,2
for south east na na today week dey end,1
accounts with k and more followers dey follow me and dem dey engage my tweets even me don dey form for me laycon thank you,0
but dem dey collect gbas gbos na e no matter ore mi,2
e don happn wahala be like bicycle,2
like say u still de dream or what,1
aa i dey like this i don comot my hand for anything virtual betting,2
e still dey pain me sha that their only win in games was against us e no go better for ole,0
na we dey kill ourselves for this nigeria how tf will you use rope to hold your goddamm engine interstate car o where person wan see motor like this time to get a ride,2
na craze dem de craze honestly,2
na una time na remember arsenal won the pl title at ot no side has ever done that except utd,0
its easier for me to stomach the british speaking it but im always shocked to hear asians speaking pidgin english especially the chinese which kain yeye beefroll you sell give me yesterday nothing beef about am o my pickin dey halla say e worst pass gala sef,2
chaii amebo no go kill me ooooo i just pip one guy wit one girl doing it dis morning very hot after all de say if u see something say something happy sunday frds,0
omah lay and tems wey dey give us good vibe uganda wan come kill our vibe abi them dey ment,2
peace be unto my and lfc fans if una wan carry league nah you sabi just free th place nah only one year remain for wenger,0
u people said i should send a dm buh una lock una dm ‍️,2
thank god for that password wey lasu put for lidc you go just dey cry your cry for house your mama go dey ask wetin happen you go just say you dey meditate na only you know wetin do you,2
im literally in between im confused i used to be the one in charge but e b like say i don lose oh,1
people dey get belle dey born anyhow for ja nobody dey reason dem,2
but you no de fuck na,2
lol really though why una always dey give us middle finger for your pictures na we offend you,2
nigeria we hail thee pls i know do again abeg link me with any foreigner wey wan buy citizenship,2
you will not kill me thats what i use to tell people the way nigeria has bent only god can straighten it even god sef go reason am,2
once pastor do naming he hands over the pikin bubu don do hin own na abi how u see am,1
u sef de even get warning they de snuff me out like a dothraki herd charging towards the undead,2
you wan marry,0
lmao do i look like one of their board member i think you should direct the question to barca no wan wise up,2
dear chelsea and manchester united after the whole hustle tension heart attack draws and lost just to qualify for champions league next season if una two like go play rubbish for champions league see yet na ogun go kill una papa,1
na d tin wey dey make football sweet be dat mourinho the finished one,0
this is nigeriawia everyone dey check whether my watch na original lol,2
ok today i saw not just dat we even had a conversation like he literally told me e choke️ at dis point i made my parents proud️️️️️ period,0
where dem de sell kidney self i can survive on one,2
scammer don vex e block me straight away eleribu somebody local lotto your network no strong at all na edge you dey go and learn the trade very well bastard,2
egboni dey akindeko forget food theftperson go shit inside bathroome con shit am inside dem bar soap cartonslike how the fuck did the person manage to do it,2
when i asked again now at the top of my voice the werey say he no hear english so all the thing wey i dey talk since nothing enter your head just vibes i sha alighted angrily without paying they no even born am well make he ask me for money sef cos i was angry asf,0
ordinary small office wey dem go give some of una to manage body go dey catch una ️️️,2
na the body spray and perfume be this oh container don land make una pardon my video quality,2
i hate this man baba sha wan see downfall make una free us na ejor egbon,2
biko i really dont care what part of earth you come from so kindly keep the rubbish ethnic jargon aside hungry no dey do vetting back to me talking like i have sense which im fully aware i dont ask dey know me well,2
person wey dey ment,2
lol dem for give chang noww k dolz every month for soft for dem,0
all shot on my galaxy a e shook you,0
this your header wey dey look like prewedding picture your own wedding fit dey this sunday sef,0
when i wan get money sef i need to know,2
you sef don see am its hard enough that some people will even express it and be behaving like mad people imagine say you con dey assume he would be like when did i tell you i liked you loba di woro si woro,2
reminds me of the ceiling fan i bought in uni for k na up e de blow go e no blow come down,2
you na boss already wetin u wan learn again,0
where all this aforementioned names dey when and voice out abi dem no dey hear the killing of youths,2
the old release of living in bondage na five hours that one sef na bondage plis release me,2
wow i just posted that pic saying no girl on your list can send you k now before i know it alert don enter vtu don land and one is angry with me cause i refuse to give her my acct details had to delete it im so emotional right now i feel loved i appreciate yall,2
bia madam you dey vex ooo,2
nigerian universities thank you ooo na so i for dey use dictionary dey read your tweet ma,0
me and the girl dey common ground like this i con dey throw am she catch am omo i don dey happy say i don finally get babe not until the bobo came and asked whats happening here then my friend came and said he was just watching me waste my time since,2
smalling just dey pass ball go back like say hin grandfather dey there,2
how dem take dey vote,1
i knew the case would be thrown out due to lack of evidence it is just a sad situation like they say cow wey no get tail na god dey help am chase flies just like a boxer shouldnt leave the decision with the judges never leave it in the hands of the judiciary sad,2
ah illiterate get levuls o this one na something this kneeling down has been going on in private teytey its dashed him dsp and it puts highend meals on the table you are shaking the children go know say dem papa be hustler wey don hustle down castle for them,2
walahi e dey pain dem awon feminist oniranu u go think say na man gbenro dey flaunt,2
so from staked n on a leg multibet to secure a bag of fifty million naira n jus laidat na me and una for dis matter,0
here u go again hypocrisy personified before u start guessing na me corper wen dey everywhere like mtn,2
the number dey dia call me also you too fit believe,0
lots have changed with the world but thing is constant is still the best please big ups to aq too abeg e sabi starts slow and when u about to give in jesus said use your head then you clap for yourself,0
imagine say you cast for lagos omo e don be,2
i dun evn want ebira agn sef evn if i no do local woman cannot can,2
i be ogbologbo omilla and tie neck i dey bust people bunk and dey obtain people for street corner i be nolegit,2
if you just do like jew nah wahala oh my eyes dey shine like them too one nearly pick my phone as we dey drag bus i just dey look the hand i ask am kilosele him say wetin happen ‍️,0
the one wey off me last year na one babe wey dey fully date two guys and leading like three other guys on dey ask me for money shock hol me so tey i wan ask her what about em mandem wey dey at her service,2
with meat sef but surely one day they will vacate,0
why she dey tell us she dey go for meeting kilo kan wa,2
this is my own little way of saying happy birthday i want to join aunt to dash you money its small but mange it na wetin i fit afford at least it would get a bottle water for you whole on stage i love you teni keep breaking boundaries,0
when i wake up am versus when i wake up am na me dey make makeup fine no be makeup dey make me fine × my baba and mama did good,0
abeg everybody should dey their dey my brokenness dont even have name ryt now i wee drop account number anywer drop able,2
come and buy o e don happen shoes wey dey make people turn heads shoes wey go make people smile at you no matter the situation market brekete size price dont snooze,0
my point exactly he no dey like make dem criticize him goat but he dey chop mi everyday like asun,2
this todays eviction show was very crazyyy why my guy brighto go commot jus like dat una no try at all,0
u sef de look,1
guy you get and naso e go dey hail me everywhere small me wey no even get body two guys block me one day talk some jargons i just dey look like mumu them sha leave me,1
lmao this violence pesin go think say na wetin i dey run for the podcast yaro,2
i need to leave this app coz e be like sey una wan dey wyn my brocos,2
we fit buy am sha for buying sake baba dat guy na giant oo,0
na when dem don start to lash i dey join,1
oga we go chop ur fada ooo u just dey mek people relationship dey shake god even save she no dey watch ur movie and na dark skin guys she like,2
almost every nigerian man need to watch and understand this nor be to dey knack and last longe dey touch the gspot pls tag ur bae and male frnds to watch,0
south shout to all the jos bloggers wey no dey post artists wey no dey dem area fuck yall is the next big thing outa jos,2
so una no dey go office for dat lagos shey na d same na we dey run like dis,2
your weed is getting too much my baddest producer your face don dey change patapata,2
yummii emma dey room dey wait for you o,0
bambiala ppl full dis table wey you dey shake so,2
the kind wahala i do today my body don dey pain me,2
only if agrees to this i for get mouth talk small how fa the old iphone wey u been de use sir shey u suppose pass me am e go help matters sir,2
your avatar no fine sef with your big mouth wey sabi hiss,2
naso my crush tell me sey she love me today i con dey confess feelings too like mumu oo i don forget say today na april fools naso she tell me thanks con send one pawpaw laughing sticker,2
lol i tire for the guy him dey vex me i dey pity cocoice walahi,2
this one don come with e chop chop attitude,2
i no secure another job o i go help person ni e pain me gan say i miss site work today abeg if u fit give me h of your site money i no go mind,1
solo is solo it doesnt matter anything coz if na wizzy get am una go de brag about it more dan una de use one dance sef,0
ah swear e pain me oh because it was a close relationship wey we gather dey same room dey connect but na when i wan go out go ease myself for the dream i sharperly wake up because that one na trap ‍️,2
dem don dey post dms ha na only money me i dey beg for dm sha,1
klopp tolerates his bs na why e dey continue dey do the rubbish when e dey do jose mourinho would have sold him or benched him by now,2
lmao na real period ammean bro the period wey dem put much fear in there life about it,2
omo job hunting go humble you you go just dey greet everybody good morning sir im fine ma alright sir thank you ma the banks wey i go this morning i don waste my sir and ma on top their heads,2
new followers so calabr people dey here like this oh mad stuffs make una begin plan next hangout oh e go lit believe,1
e all the way,1
seyi go dey brag dey raise shoulder who the hell does he think he is na im grand papa we sabi o,2
dem plenty wey de call am like that especially for this location,1
hahaha i dey tell you as i dey watch the video i still dey fear say light go come and those pikin dem go die but e no happen,2
omo if by next week i start dropping motivational quotes abeg send me money cuz e don happen e get the kind balance wey i see for my account now e fit cause depression,2
i remembered when i use to describe with butterfly labalaba etc because i dont want to her directly luckily she doesnt miss those tweets belle dey sweet me see us now this year really long ó all being said im still crushing on that butterfly girl,0
abeg you fit give me your baba number me sef wan do ritual o,2
una dey vex this night,2
my guy na d gods dem won live big n see how dem de now na dem de make some of our people mata de go easy n well as dem enter real mata,0
these people no go hear word e be like say dem swear for dem na so covid take start,2
today we dey celebrate the ceo of gt stitches wen be warri pikin also canadian citizen we create the nigeria team official outfit and dem con even rank am the best dressed team for russia we salute you bros cc,0
dem don finally see who dem go give all their problems,2
missmrs doeyhin i would appreciate the opportunity to interview for this role im certain i will be a good fit im not crazy though,1
bros e be like say wan fold up dem use diamond collabo cover we eyes dem claim to debit me for sms charges twice yet i no receive any sms,2
baba i get work na why i no talk anything again e dey pain me walahi,2
not saga fans calling emmarose love forced ship for this their yeye group wey i dey wetin my eyes never see for this group,2
calling a girl by her isnt always romantic nah una say we no dey romantic we trying to be one una they change story again what do yhu guys really want ehn,2
️️️️️️️️ wetin we go dey chop again now,2
even for court sefperson wey dey innocent go talk say him dey guilty after seeing your beautiful facebeautiful agbejero,0
i don get duvet and person wey go share am with me dey remain,0
champions league never start and leicester don dey lose guard alreadylife fit taya them dis year,2
glo pesin go borrow data una go still dey help pesin regulate amlike wtf let it finish na my money i go pay,2
na only iphone x dem de sell,1
bossu na valentine wey dey med go follow me,0
audiomack sub sef na n,2
‍️‍️na so dem take dey start,2
how una dey do this love thing sef bcs me i don tire laidis,2
omo see fine bae bae hw far waiting u dey look for here if na bf i dey here for u,0
na sound of gun shot i just dey hear from am to am no be say dem dey fight oooooo dey just dey send aroko to them billion boys mushin no get joy oooo,2
i too carry erigga matter for head i don use erigga replace pastors too much luv for person wen nor know of i dey exist or not,0
e bi like say collect na turn by turn today na our turn,2
so that line in motivation wen say weda pikin no go chop go school nko,1
na we dey supreme court dey settle since yesterday oooh,0
asiinnthe thing dey like f pitstop wey dem forget bring fresh set of boots,2
i love ️ dis boss like kilode na he songs dey gv me joy warri to d world,0
just to let you know that if that your regularrandom knacks fall in love or wants you and you dont want e fit be your burial unto say if i cant have you nobody can have you my people say if fowl no chop e go scatter,2
cant stop laughing aswear down even rojo sef dey laff as herrera dey declare im luff for hazard,0
abeg this country don tire me laikdis ooooo‍️‍️‍️,2
i told one i wanted to know more about her she said her sub go soon finish like girl im not even toasting you dem think sey na everybody won toast them,2
so we plenty wey dey wear glassesnice,0
dem say na girls wey nor get character nai support ceec is that true one girl on my snapchat confirmed that tho she is mannerless lets hear your opinion,2
thugs don turn inec officials see as dem carry ballot papers like say na dem get am‍️ nigeria my country,2
you don ever see me one day say body nor dey sweet me you dcodenor answer shuga oo na lie,0
i pity short guys sha you wan suck brezz your dk go comot from py you wan put am back your mouth go commot from brezz that thing dey pain,2
na wetin man of god dey tell us,0
lord am grateful na my song white woman they vibe to like say she dey with me for studio when i dey record the song believe in your self and never let any body tell you that you can not do itgod is with you,0
nengi dey try if na me man dey follow like say i tie his destiny for my bra strap i for don rake for am since you dont follow woman around like this and expect her to rate you women dont want a puppy,2
see talent wey gather for one place yet majority dont know please make una dey wake up time don reach,0
na to appease the gods to break the curse but even the gods sef dem don tire for nigeria matter so tay our early morning kainkain to the ground nor dey make sense to dem again,1
is pregnancy really all that bad i mean labor pains is just one day na but this cramps na day we dey like this wey wan kill pesin already,2
una governor said him don do roads finish wan enter airport gon buy jet,1
lmao dem send am e wan spoil your new month glory in other news wetin u wear no proper,0
wtf why that guy dey go mark them like that them no dey vex make for ball oo damn that was dirty,2
e dey pain me cause i dey fry plantain like this,2
mood if you get partner wey una like ball una dey house watch this england vs colombia,0
person bin tell me say if i open abeg account i go receive money immediately its been hours since i havent received anything make una dey talk true sometimes nah,0
atleast tacha dey try show us small cleavage is she not cold see ehn leave all this people them be scam some of us dey work for cold room we still dey naked waka for house wey get ac dey don scam us im hurt,2
haha dem wan chop oyibo,2
but wait oooo na only mercy and tacha dey always trending ever since bbnaija don finish im aware mercy won the show but shey na tacha carry second ni where all those people dey,2
free money no dey again him com dey vex unknown to him see how him dey tell us how dem dey slaughter nigeria money by just passing a call through their designated insiders during their time in aso rock now we know,2
guy e dey shook me oh,2
lol oh so no be say na the food actually no make sense na because of the people wey dey eat am i get but akpu na bottom tier good or bad all dey smell,2
me wey i been dey think say i be fine boyi foh for this one this guy cute abeg if to say i be gay na him for dey burst my nyansh,0
chei you dey show today i dey wait you oo,0
lmfaoooo e be like the harmattan don dey worry u people because kini gbogbo rubbish yi lori tl,2
when simi tweet em tweet oga come dey look for clout say her music dey make an sleep na wetin you dey find for twitter oh oh,2
thank you ️️️️️ this review e don tey i don dey wait for am ️️️️,0
efc c don carry one commot,1
una don start una own picking beans may god help una oh,0
make messi con perform and win trophies make e collect th balon dor next year the tears go dey immense,1
person father die this ones dey say make dem stop to dey cry,1
abeg help me beg maazi ighalo jude make e help my life o i dey suffer gan you too i no mind if you help me o gtbank adeyemi peter,2
what kind of dark joke is this this night ehn abeg its past midnight na now ghosts dey waka o,2
i don tire for this country i wan comot for this country to my village for ondo state,2
no go find the street davido wey give u belle,2
twitter wosup una hands nor go catch fire if una like and retweet ejooooor edakun‍️egbami‍️na crime if i get likes to start with as e don reach to beg for likes and retweetsyou see that pic im sitting thats my little pride im sitting on already,0
who started this look at your whatever thing e don do oo my tl is mess already,2
if dem hype in here run well apart from chikes boo of the booless that one na,0
god i am so drained feels like ill faint sef,2
traditional marriage abi na court wedding una wan do,1
see montero don win set for cash out odds,0
oya oogather becos today go make sense wellalike dis eh nai dey with jennifer omoko why people wen dey stay for face me i face house n share one toilet dey always go without flushinge don happen to u bgive me line for,0
abeg tell dem oo dem even won finish my whatsap status with laycon,2
abeg don baba jay no get wahala for this life again do us give away na infinix we want,0
abeg gimme ur address make i begin trek come dia,0
no use laugh kill pesin abeg,0
sorry guy no vex abeg,0
abi make i tell your woman say you don dey follow another woman wey get big yarnsh pass ni make you be the first person wey go chop breakfast,2
sir ken movie go fit me o make una help me help my spirit i don dey dream this dream for a long time now make someone wake me for this dream but before u wake me make sure na reality oo i tire,0
i dun tell you this thing back then say you get very fine legs you looked at me like i bin dey yan okoto meow meow skrraaa well im glad youve realized not just legs sef the whole package is on point,0
me sef just dey shout like person wey pepper enter him yansh oo,2
but everton and west ham dey vex gan oo seen their acquisitions,0
i de vex for you you forgot your lil sis,2
like dis like e be like don lose dis election,2
even in my own house na me dey last hear gist or see wetin dey happen my folks will now be like are you just knowing im like a stranger in my own house,2
shey no be you talk say data is life ni now you won chop our life gig no de last minutes i no de watch youtube na please if you see this tweet help me tag there manager or company,2
me im waiting for it ooi wan dey enter your jet with denye go vacation,0
i won cry on monday when i discovered that the package wey i won send na vgc be the placei weak for body bcos i used gokada logistics na i pay ooo,2
patronising alternativemedicine vendors dey cum around on saturdays stay d bstop and stat blastin ru deir loudspeakers about d various cures dey ave esp stds and stis den my dad wud b lyk go an buy agbo jedi me rm dose pple kuku kil me na,2
happy democracy say to those who preactce and still believe in true democracy for my country because last last all this old men dey use our future abeg na how many future person dey get democracy,2
i say i build house sidon here if i earn i dey fling a portion keep make e dey grow the plan na in yrs time lol,0
na if u price below wetin e no rich her belle na our women mostly dey do am,2
man god forgive me i didnt mean to cheat on my wife its the devils handwork man abeg make una no burn me na devil make me tiff the phone woman father its not like i intentionally stole the money its the devils handwork devil,2
stop looking for a perfect woman to date or marry na we wey remain be this you no get choiceunless u wan check heaven,2
its hour now beans no wan gree soft instead na burn e kuku dey burn abeg who i offend please forgive me allow my beans to done na i need to chop before i go work,2
na person wey get money dey tweet like this,0
kaiiii na segun de cause this thing oo you de make people think say i get money i need cash now see oga deola de scope me god de,2
lol bros na so d tin dey do person o me sef ask if e nor come be summer nko mtcheeew,2
las las na all of una go dey receive,2
onwa i no lie you dem get fine babes gan na there wey dey go comb babes during christmas,0
na frm friday night we dey take sabi how saturday morning go take be,1
doctor wey won deliver person wife don go finger the woman burst one of the baby eyes oo‍️na we dey settle with the husband since oo,2
dis goes show d level of maturity n intelligent of feminine folks i respect una seriously d wife in question knows her husband n she is happy with d beautiful things in life dat comes with it which i respect her for it take a look at baba wife nah see glowing now gives a,2
rich infectious and more that na wetin ona go get with today on top make ona stay with the mazi of all radio stations everyday as we go give ona tori wey dey totori body well well,0
all those he mouth wen dey make go stop,2
the next days is gon be fun never been this excited before una wey dey go leave before dey enjoy ooo,0
na person wey no fine dey fear breakup,2
that is the problem a lab in usa got a way to test corona virus within a space of minutes and we are lacking testing kits i will say again wetin una need na chisos,2
which username na when i buy the sim una nor gimme username na ahn ahn number location osubi warri delta state device name k,2
heh godt see finenesssss na why you dey torment me like this na xzee,0
abeg i no ask again small kweshun wey i ask dem don hammer me,2
wetin dey play na you dey marry,1
you sabi wetin i like i don see am thanks,0
but why una de hoard the camon x pro,2
lol toh wen u go jus dey disappear like fuel wen person nid u nko,2
that goody goody na where my offering money dey go,2
ha youre mean its ok no be your fault na origi wey no gree score one on one against burnley,2
khalil million nairana d whole world matter e dey judge,2
this guy ehn e say na guinea pig experiment,0
egbon for your mind una dey deal with manutd now ooo,2
oh i missed that that team don frustrate me sef supporting arsenal na extreme sport for us,2
my belle don scatter with laughter oooo,0
oga was like mr y im sure youre the one blowing ac on this children in this weather pity them at least cuz theyve no one to warm them when you get home shey i can vex an marry like dis cuz whats this dragging home and office,2
please if you see me and i dont smile at you no vex abeg no be say we dey quarrel or anything i no get front tooth na why abeg no reason am as anything plis,2
oga u don dey port,1
e too sure me dem for too beat you,2
oya over to them may the truth unveil followers dis na the time to know really truly sabi god,0
ikr agberos for aba and onitsha parks dey even do am to each other when dem wan fight what is now crocodile,2
hear perlople don too chop my money yet i never fit win mins draw,2
planning a wedding na stress weve been on style since morning we finally decided next thing the bride wee say is make una ready to wear girdle oo cos belle must enter inside how rudee na to stop to swallow eba till april,2
oluwa wetin dey nakedwireate,2
na so me sef shock dear na me fuck up sha,0
i never fuck almost years now and sapa still dey deal with me like this wetin dey xup na,2
me abeg help me check wetin arsenal dey play friend arsenal dey lose + minutes me chai,2
well im here im back im taking over i dont drink i dont smoke,0
be like say this woman dey check out my teeth before dishing my meat every goddamn time i buy food na bone she dey gimme,2
me sef dey think am oo,1
loool be like sey dem don dey put magun on top shaft ooo,2
looool food wey i don finish already,0
hahaha jason pls commot here i don buy new one sef chinenye,0
throwback wey make brain if you siddon for this kind setting you no go wan comot again i swear na correct decor setting to remember chai,0
e dey be like dat sometimes,1
if you like show us where dem dey behead people shooting people etc even show us lion tiger leopard any sort of wild animal eating people were still coming to join you make dem chao all of us together i hate nonsense oshi,2
i dey ur entrance already u no fit block urself maybe i should kuku assist u sef in finding the money its a good thing to be of help,0
na meat you go dey chop anytime you come house now cos you be man,0
nwanne the kind babes wey dey here eh eh go mad oh already called madam that im coming home late cant miss out on these owerri packaged babes,0
some of dis artist na just money make dem fresh make una see fireboy see as d guy be na e be like who no dey see food chop,2
the guy na confirm pdp crook i think e clear for buharists eyes na that the endsars protest was a guise it was pdp brain child their undoing is they played their cards so early,2
fine deal like this na dem dey rush us,0
e fit cos conflict unto say why the man gats rescue the woman say the man dey try talk say the woman dey weak next thing the two kingdoms go get issues and like that hatred go start,2
thats what im saying like what i tweeted while watching the newsscam that has been refurbished for ages but im not opposing the authenticity of k if they really want to do it its freaking possiblei had access to one document when i was in campthings dey happen,2
i just remembered this girl i paid her tfare this evening refused to gimme number wherever you are rosemary your conscience will judge you o wetin dey even pain me na say she was smiling all through the refusal,2
husband wey dey check wife phone na sars,2
you dey squat for person house you dey wake am up for morning devotion,2
be like his own yahoo juju don expire so na like that dey wan take kpai him how will a right thinking human jump from the th floor,2
guyy na so we dey see am oh,1
abeg dem don finish the walking dead,0
now i can sleep we go dey watch the remaining for youtube later to live streaming e go be,0
you dey among people wey dey cause this confusion,2
me were no dey watch ball ohhhhhhh i say make i watch this one them flog us é for beta say make i no watch am now e dey like say na me them flog outrightly,2
leaf is a leaf but i kno ull get tired too just dey waka like dat u still under nothing to see,2
then man and woman fuuk for bible na the woman dem wan stone then drag am go city center go meet jesus now e be like man priick dey raise untop e secretary wey no know anything na the woman dem still sack religious men wont keep making women the victim e be things‍️,2
nah this week weak me pass atm sef no gree dispense money ah jes dey like sae i no dey,2
lowkey we suppose sue that grammy award winning singletwearing short man you sef listen to this fire na dear na on sight if i ever catch you on why do you like hoarding music like its indomieeeennnnnnn why,2
you no dey post your trekking record again baba don tire to dey trek,2
the peak of negligence in eksu health center is alarming worst set of workers ive met my own experience sef dey its better we know theres no health center than people dying anyhow we don dey rest ontop matter,2
wetin praise band dey sing sef,2
dat ur face ehn priceless,0
she no go disturb you just dey your lane if you dey ninja let me know make i flex you i like your way meh im just trying to make a joke nothing attached follow back,0
na so i take dey toast one oh i don send send money i never see am buh madam don turn me to maga thank god for inmessage na that day my guy introduced me to it,0
when mayorkun sang na money be fine bobo bobo im sure he was referring to yonda omo yonda don fine finish,0
see d way my guy wey be doctor dey prescribe orals and i dey whisper injection for inside e ear eh,1
come make i call you boss na dey nack,0
abeg all of una wey dey do brazilian waxing how una dey take do am i wanted to die was legit crying i told dem to stop half way i wld use veet to remove d rest mi o le wa ku,0
subhanallahi i guess dey no fit walk,2
lmao im thereabout but e be like say fat and big belle don make me they look like gbemi,2
address i wan dey chop am as e dey drop,0
its trust not truss but im sure i will let him go dick no dey fall for lunch dates unless he is a hegoat and im sure i dont intend to marry one,2
na alert i want ooo abeg coz who no go no go know ooo hunger dey kill too yhemu anything at all i go manage am even if na kalert alert alert and please can someone tell ncdc to stop with the message my fone don full while my belle still dey empty,2
tag me to better things na i don commot hand from chelsea matter,2
na only me no gree baff soap and e come be like say i no serious for my life chai,2
trash talk all of you are mad plus the teacher oh plus the police ko ni da fun yin shey naso dem take treat you when you dey small be that omo if na my pikin dem do like this peren na gobe oh so long as he didnt steal or kill someone una don die bdat,2
like this i don dey rehearse how i go take vex if dem talk say gas finish for house e go be baba,2
im always active on your page but if na giveaway time u no see me again why nah abi i kill your pikin inside water,2
boss make call na enough dey where that one been park na,0
even short time here na from k sef,1
omo na yam and plantain go popular this christmas oh since rice dey fill say e be yahoo boy,2
i don de old ooo,1
na why i don stop dey post dance video nw make i start dey act my age,0
i always picked a quarrel with people dat disrespected my bamteddy dat time it was war for mewhat our faves will make us doi guess some people thought i was d most disrespectful person dey ever met then,2
na wetin i go dey do o,0
dem dey use people dey catch cruise,2
e don tey wey i hear our leaders talk about vision oooo abi prophet don get stroke for mouth,2
i no dey carry food play abeg na god name i carry beg you delete your tweet abeg dont be like this its to early on a friday morning na,2
abeg rest for the matta who dey chop dey continue dey chop see the simple question she cannot answer,2
whys supersport doing us this kinda strong thing naaa na bad chelsea badno be say we be alaba nollywood movie wey don crack finish naa,2
men dem dey chilax,0
kí lon shele gan gan shey i go finish money i suppose use build house on top data ni im tired ó but i did more of graphic and product works this month na not much websites ‍️ ps thats just glo o mtn and smile too dey o im literally crying walahi,2
or i dey come make i reach front first na here i dey pass go house i dey come now now,1
ozo pls talk sum sense inside dis girls head bcos you see dis gurl am shipping her with the money,0
say na child of god person wey be omo wobe,2
guy dem vlad say the pikin nor literally fit read book say e papa talk am for the video im wondering where he said it abi this statement why the hell did you come back with results like you cant read equate to you cant literally read a book,2
wetin she dey find after years make she dey go jejely abeg,2
stanley small match person match hin feet e don headbutt person,2
lmao e dey vex,2
in i was picked up in front of that same gbagada station on a saturday morning for not observing environmental sanitation and i had to part with k laughed at me and said why you go allow dem chop you just like that im still pained,2
e be like say you smoke gun powder oya make dem come out na abi na you wan talk for dem,2
this one think say dem go give am money if e do shoutout,2
dem dey avoid my boy he no even answer dem so unbothered,0
lmao see this man u fan dey talk if na sars catch liverpool wetin catch man u,2
so because your boyfriend give you small attention today you don forget me the funny guy no be so them dey do things o but lola kumfayakun e ma pada je breakfast,2
but na true na nobody don invite me for turn up,2
wahala be like e too dey go forthback,2
quick question how una dey live this life without jesus shey e sweet ni you for calm down meet jesus oo,2
using someone elses data dey sweet sha ive been using this mans data for like days now and e dey sweet me i dey enter twitter anyhow sef,0
me and my mama dey one shop o dey wait make rain stop but mess dey worrii want to messsss,2
im tired and feeling unmotivated about anything dont know if im still on the right track or taking the right decision im worried about the future like i dont know where im going,0
but oga u join rig for baba bubu naw so when orubebe was protesting in front of u u decided not c reasons cus u wanted a northerner become president how e do u now as you dance galala inside azonto bros abeg commot my face with your medicine after death holiness talk,2
i no fit talk ooo,1
na who be this oo dey don turn my brother to girl ooo,2
na so i enter this restaurant wey i dey eye since i demanded for the best dish and drink eat finish and tell dem april fool dey come take am personal say i be fool now im going to work for months here for free these people no get sense of humor,2
na wetin him talk o e say e dey make dem mad,2
bruh na just point we need if dem no fit win those guys are frustrating aswear,1
ewure na goat wey get accent,1
nipples be like belly buttons to south american girlsdem no care if you dey see am sef,2
lol o dey out dey work kpa don enter account brother go sleep cover ya head with duvet,2
e be like say na only me dey use nose mask in ijebu ode i look stupid,2
abeg sardauna guys mona calm down na una cause this katsina heat,2
joe sef na ode lover boy ‍️ hard guy hard guy small sweet words baba don melt,2
abeg where una dey find this relationship nawif na soap abeg cut small for me omo alot happened i don forget some sha we meuv‍️,2
that kind time wey e dey sweet to hold soft material,2
lol na their mumu dey make am sweet na we need them to die na,2
thank you sir ️ for made in lagos the album dey gimme joy at least december go get sweet now,0
na when you break up with babe some of your guys go begin tell you she been no even fine sef what did you even see in her una de craze so yall knew and didnt tell me,2
lmao hin no dey see zero na e dey see,2
mumu broda na so dem dey carry hiv sha go ask sango for aunty nurse number,2
waka there tani brother e,2
the doughnuts worth the akpili oooo chaiiiiiiii i want two cartons sef,0
i no won miss this giveaway o na everyday i dey pray say i go dey online when you do another one,0
broom na to pursue winch comot the body the eba stick too hammer where dem wan knack,2
call am asking wetin dey happen baba go dey form busy ‍️,2
god bless you una don dey blow me gradually,2
don baba j your boy way don dey love you since we loyal o,0
remember wen am in primary school my teacher use to teach me a song theres fire on the mounting run run run na naw i notice that song oo as nigeria day na ritual go help you oo,2
guy dey like kalistus wey dey do yawah skits for youtube,0
this guywe never really ready for wetin you wan do for this app my man,0
please oh i wan ask this question can ugandans even read atol because all this scattering una dey scatter them isso unbearable‍️ asin eh they arent even saying anything abin them blind as well because there dumpness is certain already chai,2
customer ill like to rewig my old wig and change it to a blonde bob me say no more na the work wey we dey do,0
omo if na you wetin you go do,1
na people wey get just panties dey talk that one,2
im not falling in love im not falling im not im i im in love see pepper na,0
i fit trek reach there,0
waking up to dis cuteness pikin wey fine like dis ️,0
by them don de comout,1
o boi today na super sunday o which game you dey look forward to ️ we hope say you go watch am on super sports on dstv lastly if you fit predict the scoreline of both games you go win free airtime from us,0
guy go marry you don dey old ooo,2
wetin e be na tell me,1
make una nor go dey embarrass una self ooo,2
i wan go carry food for kitchen but laziness to wear boxer dey do mei for like just make one quick naked run from my room to kitchen and back but papa and mama dey house,2
better all those figures they are generating if u never dey vex reach na the suffer level we go dey oh,2
na music dem dey show,1
nothing dey your eyes na just nipples i dey see,2
he wants to sound well informed na ozwo of the highest order rt idiot say na chronological age what the fuck is that e for jus,2
you dey inside already spice it up small na,0
i have mixed feelings today knowing will go and leave me here but im so proud of you who doesnt know christine in this aun small pepper wey dey worry congratulations darling️,0
if na barca body now una go dey form power shameless people ‍️,2
omokehinde na hin you still dey panla like this only you chop am theres god o,2
og okpa nsukka be the best oo u fit hit me up make i run am for u o at least now wey person still dey house dey wait for covid to leave,0
baba dey vex,2
e don comot go crowwe garba adamu,1
as we are enjoying the gists going on i say make i show una part of the work wan we dey do mini flex banner for leather bagits for their wedding,0
egg don hatch baba i no get match una wey no dey see road with david luiz,2
my dear e fit be oooo cos that year i de confused,2
how my head is swelling make e no burst o success is sweet this is in fact motivation to those of una wey no sabi anything pass breast and yansh pictures you people are sincerely madt go and stop that rubbish o ah my green bottle pls maam yaf resume today,0
god dey create abeg check out na ️️️,0
god i need to change my lifestyle i cant be harassing policemen anyhow this kind of stronghead na bullet fit end am o but categorically speaking if we dey for open area and policeman try try hit me to god ma ko igbaju fun,2
finally dr pam pam don vex for me but am just joking ni on more serious group wealth is good so i dey envy you bro i don change my group of friends to lekki and banana island group no room for ikorodu friends again,2
ah i run commot from lagos go village cos of corona now e don come meet me for this side,2
e no go de funny at all the imagination de distress me,2
bro you actually look like that statue na why you dey vex,2
blast $ wey i buy for august don cross the $,1
hope no be ur pikin as dem no understand why hair no gree grow so i say make i ask,2
if you can make pap without koko without putting it on fire cos e no done well add it to your cv oo i have tried i dont know how to maneuver this pap making again everytime na rubbish i dey make,2
yess ooo be like e don cancel trip sef sigh,2
everything dey na just you and your atm we dey wait forthank you bro,0
good morning people we are getting ready to start posting new arrivals oga dikwa kpokpo come and camp on my timeline because i will be serving it hot hot️️ im so excited pls today i go dey tag everybody and anybody abeg nor vex show me love nd retweet,0
imagine make olopa dey banter me dem no even care about my mental health say i go fit drive reach house or make them escort me,2
wetin that one type,1
watching prison break the thing just de confuse me anyhow i just weak,2
omo i don tire mehn i no fit wait come back lag next month sha,2
tried doing something with x comman complete your work biko e nr easyheres not my home im going back home,0
lol oga no dey form motivational speaker for me i dey use god beg you oh this loss na loss,2
this part don tire me aswearrrrrrr,2
na so e dey always do dont count on him,2
good morning sir im one of those nigerians that hunger is about to kill im typing this on an empty stomach im very hungry because i dont have foodstuffs or even money to buy sir pls help me,2
this one na gbedu wey dey ja pata we no get time we dey da pada sucess cover your hat calling you iconic woman wey no dey wear fake smile ahn ahn tell me tell me,0
sometimes e dey do me like na only me dey hear the lyrics,2
arin no go send anybody this week she don dey sleep early now self wahala be like nominations,0
na ronaldo bobrisky kayode wey get money dey reply random babe im not fine message this period the rest of us na to japa if we see such,0
ero abeg send me namo number i wan ask am whether this win don qualify us for ucl,1
if na to dey carry goat upandan nw he go sabi,2
you sef should help me beg our single brothers wey don too tey as bachelors to follow your steps na,0
na here dem go see gf she don quickly like the tweet,0
na girls wey give us head we dey wash their pants,0
na wetin samson bin dey think be that before him find out say she don use him head play gg and ov,2
sometimes i forget that parts of s mural in my room is glow in the dark e dey sweet when i walk in and eyes dey look me best gift ️,0
dfkm abeg na normal size books na i have like uncompleted ones sha they no sweet,2
just this year wey never reach one week and people don dey marry‍️,2
e go cost you ₦ to appreciate bruno fernandes e don make big impact at manchester united ️,0
na so dem dey talk,2
this when never even matured things don dey sup jailbreak and dna testing don dey supeven dangote yansh sef ‍️,2
dey celebrate awi naija pikin wen dey based for londone na english rappersongwriter n singer e name na,0
obob photographer don thief another photographer work come go edit he watermark put sat na him get am i dey dpo office now i go update una later,2
no b dat annoy me sef na say na ijawthis pple dey madt ooo,2
whynin dem don sabi my baby ️ thanks shopping this for me lekki phase,0
dis one na beta fool oh song wey just drop yesterday don blow pass album wey still dey top ukbillboarditunes and apple music charts,2
you dey feel am e dey enter your eyeif e dey enter yah eye kimon you know what to dofollow who sabi road e get why see how fine anyhow in our adire unisex top hurry up join the moving train,0
this morning i woke up and decide to spy on twitter for some good new but no i was angry share money e nor reach me too share i still dey hope share the same story do too e nor reach me abeg who i offend,2
oga posh you dey waka oh,2
bros abeg which prayer request manual u dey use pray oo abeg i need am o too o god abeg let your daughter change my status and put smiles on my face and family today,0
ee show for ur skinsee as u they glow like kilodena person pikin be this,0
na person wey know u u sef fit no know goal might differ but the smooth talk tactics is same,0
na that one we won chop abi make una sign players for us,2
where una de see this love,0
there is mata ddg pogba lindelof but na maguire wey just come u see name captain a very stupid coach thank god i have stopped watching united games,2
when na to de pursue them torres for nyash you sabi how you go know ball,2
men nor dey smile government nor dey try when u hear say e red the red the enter eye,2
lol all na sucking abi na straw baby dey use suck the milk,0
e be like say na like this we go settle am patronize me i dey try raise tuition fee tuition fee don increase nigeria,0
i still dey try recover from fem e drop doubtingthomas now dem leak holy ground‍️ wetin i do e wan kill me with good music davido,0
i said you will reach your destination in jesus name whether na bablawo whish abi wizard abi enemy of progress dem no fit stop you,0
so all of una wen dei find babe una area and school or place of work no reach again youve finished tasting dos ones o di e gwu,2
but this na my hustlekindly retweet if this makes it to your tld printing️️ contact messi super falcons qatar,0
those ones been still dey there them hang them like sculptures omo that zoo don caste oo zoo wey been be major attraction for azuabie town we go wear eye glass like spider man pay ₦ for gate enter go get joy but now everything don burst,2
shebi dem dey gbe omu e senu me i dey here cold wan kee me,2
na only god or money fit surprise me like this oya na god lets do this,0
i fit elbow person pikin this night abeg no near me i dey provoke,2
clean as you cook now i done cook finish and dem don chop add plate its like im running a restaurant in my fathers house,2
we all know say na lie baba dey lie sha,2
i love kitchen sha only when im cooking for my babe any person wey wan chop should gon cook for himself,0
see this foolish human begin ooo good what your broders dey die u dey here dey praise your stupid president i sorry for u make i catch u first,2
wahalawetin dem do dis guy last last,2
loool dem don do turkey intl yahoo yahoo,2
please na abeg na please please please please please please please please please people are dieing please,2
my mood since gifted me a whooping $ cc make e nor be like say i nor tell una ooall body full like bus wey dem over load for bush market,0
stop intimidating us na we know you are fine dont let me tell u again na una dey make these babes dey turn us down,2
first were you dey oga na wa o nextlevel dey shake,2
too dey record live stream any show wey him dey if egbon dey on top plane he go come down to show me love too dey always gat my back everytime am on stage with my performances clip and pics is not left behind either thank you all,0
mehn i need a car in this lagos oh i dont know how god want to do it this year he needs to come through for me oh and abeg una get motor wey una no dey use again abeg use am sow seed for my life oh biko,0
new broom go sweep better make una no come again ooooo him no be anybody mate we nor dey drag with una gods grace for him life can never be stopped young stunner ika set awon p diddy baddest,2
nah this tweet dey cause wahala on top ig omo james brown fit come arrest me as e dey go like this,1
ehen just incase im giving you small butterflies in ya belle please speak up oooo who knows inno maka na adighi ama ama ooo we could become a spectacular hussy and wifey las las regardless of who the shooter and shootee is biko,0
so tacha can not spell daughter common daughter if na phone na autocorrect for don help her,2
independence day and i dey try carry lawyer commot for cell for iyaganku my wey don balance like rock say nothing go move me today,2
with una mouth wey dey run like ukpaka,2
you lots should say it as it is na tosin was sexually harassingassaulting young girls simple which one is tosin was sexually assaulting young feminists una don dey do like say this feminism thing na organization wey anybody fit just join bloody hell,0
you don chop life na,0
i swear ko funny mo wahala for who dey school wey no dey sell anything oo everybody don dey sell things na only me dey middle make u na allow me sleep well oo,2
your avatar looks scary tho im sorry your eyes looks dark like the demons i see in supernatural series dont get offended pls im just saying what im seeing,2
werin dey buss my head na the way the guy no even dey stressed and he don collect like k chop him profit printer no dey pick call mans dey smoke cigar they sip him henny unphased me wey hin dey tell dey get mini panic attack,2
r e d im still taking orders o edakun come and buy cloth o its and it can be customized to your preference it comes in sizes uk if you dont buy i no go get money to chop o please send,0
lmaooo pm and na only arsenal fans remain for viewing centre one man u fan leaving turned and said see una hypertension people im in tears,2
why am i just seeing this must be twitter again but guys look at my baby who is your best girl na ️ this babe is brooooooooo god dey create sha abeg tell all the guys in the mentions that you are taken lola mi ️,0
you don blow lie this na baba connect me na,2
the woman that washed my hair on saturday its like she gave me a different shape of skull head just dey pain me e be like some part don enter inside sef,2
na play i been dey play oo i say make i go charge phone come backna insult i come see una no get joy at all,2
opontoke im not watching na i dey watch ball,1
wetin i gain if my bank account no fit receive money‍️nah gtbank i dey use oo,0
na woman wey carry belle for hin man dem dey cook for,0
lmao you sure say this guy nor just dey mumble words when e dey take am,2
nice nick i go need ask the dude if hin don see the battery,0
please lets respect ourselves im this coming year o my name is orisunmibare emmanuel aka emmylyskilz i am not bossthats how they have been skipping me with you na boss na dont angry me o,2
this girl dey kolo she dey cram wetin trickytee tell her about him,2
e fit be cow i carry takeaway when they give me price i was like huh what i chop,2
i disagree i nice sotey people wey dey owe me money no gree pay now a dude is almost cash strapped,2
prof will just wake up and tweet something e be like say gotomol don dey supply am with weed,2
guy guy hold the paper abeg na only number i don write abeg,2
lmao are you ok at all you cannot just say thank you na me call na na my fault,2
mtn dey mad dem don turn scammers they re just sucking our mb anyhow like when mosquitoe suck blood,2
lmao i dont have any interest in shooting shots at that babe abeg just had to say shes fine cause she is na money i dey find,0
true thing sha e dey better to kpim for this kain matters,0
eh leave the cars for arewa twitter na dem get all the connections in this country my very concern is as i short that their outfit no go fit me,2
imagine fine boyz are being paid salary in nigeria so na so i for still dey broke dey go,2
see as my ticket just dey burst anyhow people con dey wonder why i no sure again sport betting is damn hard,2
lol na small e dey start nau no harm in trial,0
shey you people the small vendor delivery issue or ig vendor palava una go don vex finish go con calm down for paying milli with no result e joor now,2
olodo like us we no dey quick submit exam booklet na invigilators dey rush us,2
na my mates know wetin dem dey find for person forehead,2
i for talk say e no do pass this one lol but abeg i no be e mate e passs me biko,2
wen you have to tone and volume balance while performing music sweet sha wen e dey body cant wait for my first konna performance on stage i swear i go naked wats the video number now ‍️,0
lol i dey awka na flavour event on the th i dey warm up for,0
akpons dem go chop apku and nsalla soup because the return leg na just i am coming in as a food nutritionist,0
wetin dem dey talk now be say no be live broadcast,1
na to dey wear senator enter nnewi then ion wan harassment,2
since i don dey retweet or type the hashtag i never win baba wetin dey occur,2
happy birthday to you wish u long life and plenty moneyenjoy your dayand please no dey as u dey for dis pics today oooo make u do ur face well oga happy birthday once again,0
snapchat don mad oooheyyyyyi beg una to help me upgrade trouble dey sleep yanga come find ahmsuch wow if i been want upgrade no be iphone i for dey use unu nilé dikwa useless maka chukwu,2
na men without hands una be dey marry before,2
i price for oliha today dem say the ones there people wey dey slay don book them,1
as long as them write shea butter for the body im most likely to believe e good die i suppose dm you since self i wan do my baby hair,0
we no get ladies wey fit just dash pesin money for this tl like this,2
shes even possesed sef how can dat be a normal human being if we really check self she fit dey make mouth,2
who talk say na wetin light skin dey cause,1
oga dey vex,2
small moni lafia guys geh dem don run to abuja and geh married dere sheyb us wey still dey lafia we no suppose enjoy bah,2
please na high e wan high e no kill person,0
i wanted to slap one guy one dayi was speechless after about mins i got my voice back and all i could say was as you see me way i stand like this you feel say na the kain house wey u suppose carry me come be dsand if i even pay you you will collect the money,2
ion fit laugh abeg,2
e don press p,1
ezigbo mmadu na oraifite nwanne di na mba of benin city na me give you this one bro lol,0
if rapture happens now person wey do dz im sure na hell fire e dey go,2
i asked about a friend whereabouts she said i prefer to keep it to myself as per e no concern me e pain me cos na true e no konsine me truly,2
you better tell us if na u e dey happen to,1
no oooooooo when did lagos become abroad move him abroad for treatments yeye people dey no get shame at all dey are hoping to get him the best treatment in lagos what has happened to your hospitals in abuja where the presidency is una never learn we just dey start,2
lie lie you dey do like pikin when dey crèche na the same thing as you no get sense just that na indirectly what you typed meant you accusing me of insulting his mother which wasnt true stay safe ‍️,2
all those monies wen de other party dey share yesterday son enter voicemail,2
na chairman wey dey try boys dey tell congratulations o congratulation to mr bawa e no go bad if he do giveaway or drop location for boys,0
bros abeg my helper fit dey online no let am pass me by im broke please help me,2
likedis pple don taya me our liberation wunt be in dis century,2
my guy i don tire everything na goals these days,2
lol e dey pain them una sorry o,2
charlie wen you the go through the thread shey you read to fit quarrel or like to fit argue bcus ayam not understanding moreover na she talk if she want put dem go ask for ur opinion,2
weds wahala go dey o na only ludo draft chess whot their children go dey play nothing like basket ball or volleyball who wan dey change bulb for house sef if bulb spoil omo mi weds rinu,2
for us wey no sabi smile but dey sing nkor if you live me go dey,0
omo obo give una so mad ooo we suppose host award for una sef una too much,0
this ghana weaving fit me die,0
she want car she want cash omo this girl she too get class you better know say we dey famous everywhere we go we dey famous and everywhere we go them dey hail us hi,0
this ur face wey u bone don pursue the love comot ooo,2
e be like dem dey boil nigeria for heavenheat for delta,2
nd frame moto don jam e don happen,2
guylike e don de too last pass gionee battery now,0
arnold don dey curse o arnold na actor sha amvca awaits him,0
yes oooo we go dey dupé dey go,0
facebook na worst place to be doing advertising on it so many dumb questions wetn dey vex me pass say them go see your price on a product yet them go dey price the thing as if na meat them won buy god im stressed,2
as supposed make una wire my acct make i follow una dey see front,0
efe too like ass shadey carry wetin big pass am,2
my form sef poor rennes idiots today if no be rebet for my life ehn,2
i actually dey youtube i dey watch remontadas,0
but i really like the zobo i drink na god dey save pesin sha,2
na for ichida i fit chop for this town oh ngoo white,0
boss abeg help me na e don tey i dey retweet but nothing don fall for my side,2
where una dey see partner na,2
i no dey find their trouble i just dey face my hustlee see but when i start them go yinmu then them go start to dey love me ahhh spiritual am highly spiritual birthday blessings baby boy for life,0
a thread conversation btw alumni lvl student bro someone told me dat if u can understand physics mechanics dat you can understand girls lvl guy if you like score a in that course dem go still break your heart ‍‍,2
bbnaija na fraud how can you eliminate kim on top of that naija don commot for afcon,2
you go give somebody money you go tell them not to tell anybody before you know it them don go tell their friends now my dm don full with accnt details e be like say i no go dey use whatsapp again,2
omo no be everybody wen you follow wen no follow you back dey proud oh some people really really no just care about this followers thing no be pride,0
add that special red oil pepper sauce join down am with pepsi wen dey sweat and the rapture don complete walahii,0
hold god strong oo cus babalawo wey dey do charm for u fit las las repent leave u stranded happy sunday all,0
e be like shit of cow wey dey purge,2
mehn d guy na king️,0
i know say nobody don know me but you ma wet know me bring work come make them know wetin i dey do nah‍️ awada onitsha,0
now imagine thinking about sars before wearing a particular cloth drive a car or use a phone thinking this will look too flashy for sars even me wey dey wear suits in d last years sef sars don do me stop and search,2
me sef dey find anon for dubai trip,0
make una rest if not for desmond elliot wey give madrid bad luck una for see draw,2
una go dey talk say i no dey think but you wey be logical master didnt david moyes also inherit a title winning team i wish i knew you then i would have loved to see if you made excuses for him like you do for josé and moyes didnt spend money o,2
lmao me that wanted to listen to channels news this morning so ill be specific when im telling my boss im not coming to work coz of strike now i have to rely on hearsay say na channel weak,2
e don happen oooo wife call police to arrest her husband side chick police reach there the side chick na dpo wife kam baikwa,2
i don de comment since last week othe number of comments don de make me lose hope,2
amin make i go baff wia cloth na me be bread winner chai,0
bros obama abeg mke dem find me small thing nah xmas don reach oh,0
this assu sef so somborri canno play with you again just because we beg for small rest e don turn serious thing abeg we no play again we take god beg you to call off this strike its not funny again,2
romance without finance is nuisance abeg imagine dating someone who cant call you and ask you to take two weeks leave so you guys can go on baecation poor people have no need looking for love abeg carry person daughter dey soak garri,2
it seems there is a reconfirmation process ongoing abeg na d tagging i dey look for cos ur products are so thanks for the tagging,0
wetin dey do dis one,0
see as you dey shake dey stammer like small pikin wey chop him school fees,2
this one think say e smart e randomly enter dm dey hype me me know say na money so i reply like two messages as i notice say nothing dey to talk again i leave him last whines unread now money message don enter i go wait for like days before i reply,2
these guys no dey play like say dem wan score o,2
yes na i know before o sebi i dey talk am say shoprite for sa na like pharmacy na we dey hype am for here people dey think say na them build the malls,2
before you post finish sef people don dey like the post with all my fire pictures today and i have smelling likes,2
na the work wey them dey do,1
omo all manchester united fans dey don delete all their banter tweets dey drafted obafemi god bless you,0
twod end in tears persin wey no loyal to arsenal na hin go loyal to manu abi we go dey here when the cussing starts,2
the heat no be here oo you go baff say make you no clean body to feel fresh small seconds na sweat wey no dey gree dry,2
oya make una come read this thread and tell me wetin think na adult education i go abeg i need guidance thank you in advance,0
happy birthday man but wetin u dey use for ur beards na gimme make me self use am na,0
na wa oo person don dey for this onitsha bridge for almost an hour nowkai when we go reach lagos ooo,2
una sub dey here fakenews peddlers,2
something is not too write about dis scripture pls is adam and eve d st mortal on earth if dey are who den bear d child cain married,2
na your own to tough pass sef iswear,2
chelsea will sign a whole team in this transfer window haha na wa oo they just dey make person dey depressed how far nah,2
asin ehh dey suppose just dey there house than to come collect,2
fit support s wey get environmental interest for warri eg wey dey do cleanliness matter for awi warri,0
this beauty i like️ but as i dey like this no money to buy thats why ive been indoor since morning why i dey cry anon where you dey my god go bless you ×,2
make una patronize me na i never chop for days now o why una de do me like this nah,2
come and see cat wey chop pass your own but why do you guys shade mangu people na youre not being fair to us fa,2
sisssss na to dey ontop bed dey collect drip on top drip,2
on a more serious note anambra should focus on retaining its educated population because na still ebonyi and nssuka people full the state ‍️ they even lose some of its educated population to ebonyi sef just look at me na i fit no come back again ooo,2
i love how you can see the future and all possible outcomes well done mrs strange me i just dey talk wetin i see sha i no fit talk pass that one,0
see wetin chelsea dey cause arsenal fans dey yab me buy better striker we no buy,2
lmaooooooo its not a matter of prayer baba if ole doesnt fix his shit hed go this one wey your coach don dey yarn okoto like this nah l him go dey drink incoming l against chelsea,2
see how i am looking at all of you ooo nobody wan do easter for me chukwu na aka gi kam noo,2
exam na school disease uj students are highly contagious right now abeg make exams no be part of school na wetin una think,2
and some of you have praised lots of celebrities all your life and not even k imagine someone wey dey tell don jazzy to keep quiet got k just like that luck pass luck oh,0
chai so true true this children will not do gongoni play pikiin don dey own car i never sabi to drive sef this life sha,0
lol shey you wey dey bend person pikin don buy byc pata ni,2
too much activities on this side no negativity no impossibility good life dey sweet me for body nothing wey dey bother me because oluwa cover me princemabbey opeloyeruquadri salako,0
this makeup fit am,0
dear anon please locate me toooo na is it because im black na black i black i no kill person na is it because im big na big i big i no kill person na bikonu locate me,0
but e dey pain na for this kind economy,2
dz christmas for me na real na o nobody to celebrate with no money sef to flex well as person wan flex,2
the tide is high but im holding on im going to be your number one im not the kind of girl who gives up just like that oh nooo oooo im having a blondie moment if you dont recognise the lyrics you maybe too young this one is for the babies,0
infant something ba biko i like it i want it help me oooo im not a feminist abi gender equalator or those grammar yall speak patriarchy and chivalry and yenyenyen help me abeg im a weaker vessel if na to born i can do it myself small,0
in spain cases deaths recoveries naija please be safe your pastor and imam have a good house to stay without sharing anything with anybody una the ones wey dey share share,2
one time one of my guy been read hin babe message with one guy and hin babe say i really wish your choking can be firmer and you spank me harder my guy wan craze me wey no sabi console come say she suppose dey manage the choking like that na na so cry start,2
person go chop kpomo for house oo talk say nor be him chop am oo talk say nor be him chop they vex oo he wan beat ooo na we dey settle since oo,2
money wey i dey manage uba took a whole they took before abeg you people should comman explain to me why,2
like this like this ehh benin boyz no wan hear o dem say buhariust go oo any body wen see buharibmake e tell am ooo make e fit run for his life o,2
just when i thought was a noshow for me my dream to chop life this december can now be a reality thanks to with the gt plus jolly fest chop life december is assured and for shikele money sef just check out the awesome packages in the combo,0
ah abeg abeg abeg i no like to dey deceive myself my own work na to stan,2
a client gave me k to make a birthday cake for her daughter with icing sugar i told her ma this money wont be enough to do what you want my mum was like do it for her na na we we in my mind shey baby we we i dey use fo market i dont like doing business with my mums crew,0
see dem awon werey omo ole god punish anybody wey faint for court para dey oooo,2
omo i just dey observe say na boys dey my whatsapp and e be like say na boys dey the boys whatsapp sef bunch of horny bastards all of us,2
ha for this world wey i dey lidis especially nigeria wey be cruise no fucking way bro im good,0
and dem no go tell us,2
abeg boss i get fowl for sale ooo from th of december i fit help you kill am comot feather cut am abeg retweet and buy only me no fit chop all location benin city,0
hin comment dey look like person wey dey write essay,0
managing as u are like dis dis lifeits like some of us just escorted some to dis world,2
its tha w in the mix nowplaying || wetin dey,0
shey all the witchcraft vee dey do una dey talk say she is blunt,2
e don dey heavy abi grease am with oil make e soft,1
kayodeeeee why switch the camera na na this kind mood dey result months pls go back to the hoh lounge,0
una wey like discount go fit grab opportunities na,0
neutral ko no sane nigerian will support a sponsored protest of this kind with motives of destruction certainly not after the havoc carried out during the sponsored endsars protest dem no born una papa well make una try am,2
i spend k on transport every month my work no dey heaven oo na lagos i dey work,2
meaning say na the people wey won lash my sister be dis she don die,2
i want to apologise ahead for some seemingly ignorant things i may tweet in the future im human pls forgive me blast in my dm na me go use my hand come tl come apologise pls dont do what u did to falilat to me i fit kee myself oo me im not a strong person,2
something dey worry you you dont know we are staying in lagos how space wan dey the roomif bed no reach wall take your time kpachara anya gi,2
ion do again abeg betja dey stress me fpl dey stress me owu dey blow me buhari na my president oh please,2
na shearing life issues with beautiful oy dey ball i just wan ask you ooo this thing wey dem dey call miracle don happen to you before oya gist me remember say you fit drop your comment for here or for whatsapp or for text message for,1
so im on the dinning table doing my work and this hotel guest just told me come and eat with me with a big smile baba i dey actually h and i no go mind but i dey reason you way pay like for yam and egg with tea,0
life no cheap for akure again o abeg make una dey try pity us,2
ltgtm a yltgt⁣ ⁣ mayke we try dey chop o plenty work dey ground⁣ ⁣ mayke we dey throw our dice baba god go soon give us double six ⁣ ⁣ mayke we dey throw our dice baba god go soon give double chicken ⁣ ⁣ happy new fam,0
omo una dey mad oh na love be this,2
na real men b this na confirm people wey sabi shoot shot b thispapa god which day i go get this kind liver omoi dy come learn work asap,0
some giveaways will have you waste gb of data and end in tears do giveaway if you wan do i no get data to watch series of youtube videos and instagram videos because of giveaway wey i no go win las las,2
una don dey misbehave,2
so wetin you dey find go club im sure youre a chorister,2
nawa o buh na civil servant state na,2
imo i dey follow one babe talk yesterday my head just dey pain me like pretty babe no go dey smart rara,2
i remember dat day for freddo house wey dalo no gree make you talk on the matter funny as fuck,0
i never want you to go away from me dont go away from me i like it that youre happy baby like it that youre happy with me like it that you wan be with me oh say na who i kom be like it that you want to love me baby do you see that im so happy so happy say you sef choose me,2
how many games you play sef na naira you wan use win million,2
abeg oooo epp me beg dem we no get transformer na highlight i gast watch,1
na rejoice na omoh the mama bin just fine,1
dear all my ex may thunder from abakiliki fire una na today the break up con dey pain me o victoria island lagos,2
and make una refund me my money where una carry cause dey debit me twice for package where get as he be,2
the only one african bad gal wey fit high me like lager anytime i hear your music naso i dey stagger oh ringing tone message tone alarm tone wallpaper wonder woman,0
nobi everybody wia sabi book sani way to make real dope i hope your eye don clear all the abuse you gave that course mate wia no sabi book back then most of them don blow make una sha remember una course rep i no sell material pass normal price,0
hahahahaha na dem wan stop me from blowing,2
people dey wey never see like this chop since yesterday morning,0
as for those wen want my waffi bros to comot d house na unah go pack unah load go,2
just look at me making mouth on this day ‍️ ase i was just doing myself babe wen i dey toast don dey collect better body massage on a reg she calls it sensual massage and even promised to pay for a session for me am die o,2
tike don reach na why u dey wake up by am dont worry in d next yrsu will wake up to see the cute baby diva when u wake up by am,0
you see lagos e be people wey dey dere ooo i just like my abuja cos on how e burst e still sure come back to abuja they lied about lagos,2
be like that thing wey dem dey use kill fly with electric shock,2
person may ask am for the sofa picture supposed ask am weda e day mad after e say i said my camera is poor because obviously not only is his camera poor his brian is also poor to phantom that those two pictures are absolutely different for god sake,2
na girl wey no get good character dey fear mother inlaw,2
like why are you looking for me when nothing dey inside wetin you wan use me do madam,2
fine girl wey dey chop mouth,0
sleep please come back nah who begged me to wake up which kain wahala de be this,2
asweh e pain me ehn like the struggle to kiss her sef na war had to stand on my toes,2
bro since yesterday i just dey ask u if u will show calabar but youre not answering like if na heaven you wan give me,2
e suppose shoot seun,2
im busy rn e no go dey easy,2
e dey oh na u ask me question naaa,0
so fuel nw na per liter bicycle no de use fuel yet wahala be like bicycle wetin de occur,2
if this disease would spare poor people pesin go dey inside house if e no get food to chop,2
but if na man dey touch woman like that na harassment,2
make una dey try to pay debt abeg ‍️,2
its not her first time the boy is strong i fit don die if na me,2
yal didnt even wait for banks to finish una don dey tag apc you want to refund him his money and all e calm down na,2
another one don happen o wife talk say him husband no sabi do well naso neighbor wife talk say na lie na we want to start to dey settle for world bank like this,2
e don scatter street laidis ooo,0
you sef see am funny enough as them dey going out and coming in my werey friend still tell me say na my work e dey do whenever i complaint he go dey threatening me that he will stop the whole thing my mumu go dey beg again,2
and the say buhari is a tyrantfor ordinary fish and meat na him u dey para na whoa for some guys sha,2
dem say person wey em husband kee elephant and she no happy mean say e get where she for dey get her own meat,2
very stubborn af and you cant even beat them sef mummy will come to their rescue,2
just if blesses you abeg no forget the money wey i beg for whatsapp make i fit see tfare go work tomorrow,0
god send helpers to me dis new weekcant be eating like dis im in ur hands oh lord,2
dem say goat wey dem tie for one place keep for long timeeven when dem remove the ropehe no go leave that areaoofuni carry freedom sing song for akajooya you are free to goshe dey ask whereare you madt,2
me i fit run the aso ebinah my work be that,0
local man is pleased we don even play our champions league before the people wey qualify play sef levels,0
na now dem dey do praise and worship,2
abegi oh if una see way to comot i wan follow,2
na sani ko you don find one girl wai don make you like am add barcelona,0
everytime i see this girls tweet im like werey sheyav tweet nonzenz once again e no dey ever get head rara and na chimmy best girl o,2
i toast u and u say no u ask for money i say no or i didnt respondu con dey vex no b persin wey gain add mission dey pay sch fees ‍️‍️‍️ oya u self reason am nah,2
omo wer una dey see dat kind relationship na,0
we dey suffer we dey smile we dey fear to talk,2
na china chop meat na we dey wash hand wahala no good day,2
nowadays relationships na women dey break men heart wahala don too much,2
i suppose buy popcorn as per na movie i wan watch this night,0
una dey try wella abeg make una follow me back,0
i don dey love you for a long time my boy e be like say you no know say i care i wish you knew what im feeling for you darling youre so extraordinary and thats no ordinary thing and they kill killed and keilt it,0
whats the difference but the money used in printing d souvenirs was stolenwe say person corrupt dey say na small,2
tope you legit i been dey reason ham e be things if he be say we commit on stupid crime for heaven the baba just kuku ma give us nigeria as punishment i know say that name go get meaning for heavens,2
e no go better for lampard,2
wetin una dey talk wey notification be like group chat messages like this,2
guy wetin be this you look like your holding in shit wey wan drop,2
just wasted money buying this recharge card e don loss,2
lol you for chop e igbati the devil tried to tempt me but i know my yoruba roots and im not ready,2
na fit we fit we no kill person,0
bro i rather go back to arsenal na champion we they no dey win no be overall failure them be person go dey jolly if them win fa cup buharitrump lord forbid bad thing i had to beg them on bio not to follow me,2
person no fit just dial wrong number make or pick must it be from tashan dukku ‍️,2
im not happy with you oh you can just go awol on me come back dey call me chuks chuks,2
eyin mejeeji una be twins wey una no know,1
send me like two rats wey dey my house don dey gym,2
you wey dey command dg abeg rest,2
man done dey discover side talent,0
your own better i swear atleast na still season film dey inside i bought vikings season at ikeja just because i was in a haste i got home to know what i actually bought was zootopia na cartoon i buy,2
kiddwaya and wathoni when nor sabi dance na then stand for corner dey shout do it again,2
omo i wan go chop now self make i buy sprite,0
i can teach you on here thats if youre really interested in learning pidgin trust me its better than english i go fit teach you for here na only if you one sabi learn am trust me ih beta pas fone,0
you go follow go wen he wants that thing,0
lmao bro how we go do na i dey test this big man life e be like say the thing go fit me abi,0
see wetin i yarn that time someone got those hotels for don record u handed over bodies to soldiers way dey shoot,2
e dey pain me like say na me dey there,2
wow well e get as e dey sweet everybody,0
let me state this if you give me two miss call ill call back three miss call dont bother expecting me to call back five miss call i will block you una go dey call person like say una kidney dey my hand,2
ssg all this result u are giving us nightare they statistically provened aby na u dey construct am yrself,1
dj cuppy don vex she don dey pour out her mind finally,0
you dey beat me for fifa dey tell me bro your hand strong na the team no good,2
i go leave betting for una if this odds no play don baba please balance my account because betway don finish me patapata,2
e go better,0
i have been saying this since abeg who sabi where this church dey for onitsha,0
so im not sure if im in the club i was at last night or church everybody face just dey familiar its like achapel all over again if you know you know,0
wetin be dis againgidi because of naeto cna wa o,2
dis mfs are milking us dry mehn imagine decoder wey neva reach mnths oooo dis pipu they cheat us ooo normally i shud be given a one na heavy thunder go visit dem soon awon ole,2
lmafoooooooooooooooooooooo used to collect k to assignments for my mates i dey nigeria dem dey abroad,2
ahhhhthem don find winnie wahala,2
pls id start sharing my vlog and thought leadership stuff here soon abeg make una dey epp me retweet so my future children go fit chop thanks and god bless u,0
try and collect the cap back and see if they will even return it play play i don lose all my caps once any babe visits me they take your cap and ask you to rate if it fits themthe only cap i have like this na cap wey i take dey wear native,2
na ur time enjoy my own sef dey come,0
message to that gender marry man weh sabi do this kind thing too o abeg who wan chop ‍ pon the rice and stew,0
tega st of august na the date o na so me and my friends sit down we relate o say make we gather people come jubilate o cos na my success i dey try celebrate o you see tega you cant afford to come late o cos my gate go dey close like eight o,0
pepper eye na dey do you soe don tay liverpool win this trophy at least make them win one in this era,0
rie nsi dia with all due respect anam fa ebunye unu premium + babes unu ana awum n ala this una pringu life never tire una,2
na camera trick oooo e dey do like magic,0
wetin musa ni go see for gate,2
him no go drop now him sef no say he no fit ever try am my money dey ready we go transfer to you nah you go help us keep an whenever hes ready to play,0
na since pm this man don dey kitchen on top chips and egg the hunger self don run,2
smhna even bcoz of football u dey shout my chest i thought it was sometin serioushmmmuna n football match,2
fearless don start again my dm dey open na abi wetin dey happen ah never see anything,2
when im at home sometimes i tend to forget that i aint browsing with office wifi i go dey stream videos music mtn go just dey smile dey sweep my data,2
all dis fine fine girls wey una dey use for header sha mek i kuku get one too,0
person wey e suppose go im room konk his head,2
i swear ladycare that year do me strong thing for this life shaade shifting de dragging were i have to be fighting with my pant publicy all in a bid to be at least comfortable while losing blood ewww god e be tings for this period hassle wey guys wan troll us on top️,2
if dem allow us comot after this whole corona various ish i fit no enter house back till after like three days,0
chai sexy lips no go kee make your lips just sexy lásán i fit dash you my kidney,0
abeg who fit help me go flog that girl erica for minute so she stops pissing me off right now,2
lmao u don go find trouble dem don drag u,2
rich celebs buy ugly cloth anticeleb this cloth ugly tbh fans na because you papa no get money to buy am anticeleb i no fit use my money buy this cloth na fans because your money no reach am fan to his inner self but why my fave buy this kind ugly cloth,2
i for insult you oh but i no wan waste my insult cos you no worth am cos wiz no insult anybody just simple question and na the truth e be like the whole sarz killing never reach your side dem never kill your fam if them don kill one person for your fam you no go see hand type,2
we finish diplomathem no allow us continue wetin we start some people sef won serve shey mesef go fit serve like this abi dem no know say age dy count,2
dis man don sleep and me i still open eyes down like person wey wan pour jazz for ground wch kind life be dis one god,2
vals gift wey i buy for my boyfriend since neva reach him hand the person wey i send go dubai to buy another thing don come back cloth still neva show,2
dont listen to people telling you not to cast those gay bastards in your dm cast them abeg arrange for how we to beat them cos trust me i go follow do jungle justice on any gay guy i am angry this morning e pain me say i just dey see the whole drama,2
loving how whitemoney liquorose cross pere also push the ignore button ️️ una dey do like una too much we sef no dey see una top six for the win abeg,0
my bro eh i used to initiate convos most times with ladies but my current girl sabi discuss eh sotey na me dey run,0
neo talk too much dats the only tin dat got u dia,2
where are all the influencers her on what r u people doing are u sleeping na dem dey treat like trash oh these r d next people to enter workforce please who will start a new hashtag campaign for this inhumane treatment,2
and e dey show,0
this werey carry hin ride run ni shaa,2
has never dashed out any money less than k before na why wont i be angry he will just come gbam like say k na naira im angry mtcheewwwwwwwwwwwwwwwwwwwwwwwwwwwwwwwwwwwwwwwwwwwwwwwwwwww,2
dem don carry light again which kain life,2
cos dem too dey toast you na,2
shop owners need to know how to relate with customers me good morning sir i came to you store to get a cord yesterday night but the cord is bad shop owner ehn go there and change it now ends the call na my money i take u na se u dey mad ni,2
i dey vex o me wey need the most them say i dey rich,2
it will be a dream come true for many of us to see feature abi make we use jazz carry dem enta studio ni make dem no come out till dey release like songs,0
na so una dey talk,2
for this lagos if person no dey careful na transport and food go dey finish your money,2
see persin wey u got i don become an adopted family na make me like this ogbonge club abeg make una welcome me,0
a whole vice president is infected with the virus vp wey no dey enter public transport o wey no dey stand for bus stop ha,2
we no fine we no still get money join ️ but we thank god for life for where we dey come from for where we dey and for where we dey go the journey has been rough so far bt we gonna rough it till the end happy sunday️,2
abeg wetin dem ask kana wetin she dey talk ‍️‍️‍️‍️,2
from d moesha reactions on the tl u can easily spot all d women wey dey nack for money if pesin dm u for price sha no kan complain for tl o,0
so i uploaded my roommates nysc pop picture and captioned it welcome to the class of hungry veteransna only skills go fit save you o i have not entered the room since morning the full compound don dey settle the matter since,2
pls oo all those ladies dat usually chat up ppls boyfrnd to ask dem wen are we gng to see or wont u cm andsee me pls aunty sorry o but wat exactly are u guys seeing for una wan do praise and worship if any bitch tries dis with me i swear sumone is going to die,2
me im not from ghetto but na me dey run your ghetto the energy of men love it,0
my brother na wetin de pain me you de take joke so ooo,2
i will go to this law school very soon una don dey push me thank you sir,0
im in that position right damn now something i hated with passion not seeing myself do it in a million years guess what na im i dey do now god help me pls,2
omo purging wan kee me please na im sorry release me i wan poo my intestines,2
you sef check na,0
thanks to everyone dat voted dis baby girl and those of us dat still love her even with her flaws honesty her sarcasm thank u guys we are d real mvp,0
me i dont have problem with the asun na something wey i fit enter my wife kitchen run in less than mins but you see that suya abeg where i fit get something like that exactly or almost exactly for this kd today laidis don allah a taimaki danuwa,0
seriously i was like when i saw that tweet doc na that kain dad wey go make think you have played him mugu by allowing you eat his facebookopeningfee money and waylay you for tuition fee time,2
abeg i need follow snaps wey dey happen abeg na dat kain premium content i need dey watch,0
na now wey i wan sell kayamata naim dem wan cast the business,2
ozo wan use eviction take kiss nengi na bad girl o enno even fit pity am na nengi go kill ozo las las we muvee godwin,2
coach shay you will enter and play the rest you just dey say calm down since and dem dey flog me,2
if you never download this jam i no no wetin you dey wait for sha joro joro joro joro you wan kill person when i say wizkid a legend just accept that fact ️ wizzy number one fan of him or no fam i mean,2
between yesterday and today sef,1
im inside keke see wetin person de drive for my front and this stupid keke just came to block my beautiful view,2
na the witchcraft part omo e just dawn on me say true dem don turn black witches o,2
person wey dey always follow me post where una dey see love don pick date,2
abi make i send my account number make me sef smile thanks sir,0
one of my neighbors like this just imagine noise of gen wey dem dey use muscle on,2
lol e go spoil o unless you go de chop am morning afternoon and night,2
my uncle was addressing one of his orderlies uncle gentleman you have to sit tight no time for partisan politics dont involve yourself me as per the mumu nephew wey i be well may be it is time for artisan politics e be like say i don buy job ooo,2
walahi dis diamond n access bank merger is not making sense to me how n to think am now an access bank customer how dat bank i no dey feel dere service at all there staff always looking boring or not smiling dozie u no try oh my diamond,2
you sef na legend,0
ikeja electric and maintenance are like and another maintenance started yesterday barely a week after the last one week maintenance wetin dey pain me be say my gotv full subscription dey waste,2
bruuh the money dey pain me sef like say na my own,2
person no even fit stand this one dy shout stand fit,0
eno please na but its not fair what you people do to me oo be speaking for and with me naaah they would soon tag me rebel if they havent already sef,2
the money i scammed him sef is still remaining to buy another phone if i want my conscience is killing me arghhh,2
na im na,1
everybody dey put mouth for hush matter like say nor be we we dey follow am for ig lol make una rest abeg,2
we no fit dai,0
i dont wanna fall no more im still standing my ground but all the bumps around me on top my case dem carry antenna dey tie gele dey tie bandanna cheque and fireboy made music on history on repeat,0
abi na only me dey experience am since dis november guys wen dey disturb me don reduce ooso na so we go dey dis christmas sef,2
u don dey kiss ur broda abi itiz well hes kisses soft and sweet,0
na for mulla to dey make bed dey wait alupu oo,1
make una dey wash us dey go without omo,2
akpors for ja league as usual nah all d home team go win not bcos dem dey home but bcos dey are d beta side,0
e don spoil mbah no de for us again ‍️ who go de for us now,2
sugar dis girls dy form now some of dem r even nd wife and sum of them dy marry yrs old man al dis brila girls self,2
abeg whr them dey sell better nkwobi for ibadan im craving,0
lol na to dey buy flash drive per project dey enter bus go give them,1
traffic go dey na dem no go fit meet up,2
dm dm person don send dm tire una nr dey reply bring my k if you cant credit the beneficiary i send money since yesterday the recipient has not gotten the fund na to dey tag cnn remain now,2
sample your market na ‍️ december don dey reach o,0
but seriously why wizkid go dey do like this e dey starve us nah i pray he repent shaa,2
me sef na human being,1
bro so na the abortion be the vex now common na person force her,2
na whatspp status i should my papa him don dey try nod me and my phone down sef,2
e dey take full village to take care of pikin as usual go soon pop up untop wit me so pin i dey test u,1
m naira land in this lagos lmao na inside evil forest e go dey its not even up to the rent here plis dfkm,2
na gateman you dey do for your ppa,0
and his fathers briefcase with k note full inside dat guy been de off me i swear,0
abeg make all diz people let us hear word,2
yo girlfriend disrespects yo friends yet you go ahead to marry herna u sabi,2
as she dey waka inside bush ‍️ person come fire arrow e come chuck her for back so tey e comot for her chest ‍️ blood come dey comot she come fall for ground e be like say the thing dey pain am well well na im she come dey cry all the birds wey dey there come begin dey fly,0
na wetin make am dey prison so,2
even off campus dem dey wreck,2
if i talk wetin my eyes don see,2
i can relate but when she feels you dont love her for who she is but rather who you think she can be na then you go know say na comedy film you dey act since,2
na the authenticity of the steth wey dey your neck go cause fight,2
if you no get bf wey serious can we sideline him,2
if zinoleesky doesnt perform kilofeshey this night i fit tear clothe,0
im in tears guys see how my customer rocked her bag she made me so happy with this picture e choke abi e no choke ikeja,2
jude no go put me for wahala did sit ups yesterday now my belle be like where dem do do tug of war,0
all of una activism na for social media e dey end sha momsi is currently whooping the stubbornness outta my year old sister am i going to intervene nah just gonna sit here munch on this meat pie and let the woman of god continue her ministration,2
when you don comot the whole thing from body you go con consider say knacks no worth abj house rent,2
omooooooooo e don tey oooo at last we see person vpn login steal congratulations to me on my login back to twitter ive missed dragging environment mehhn buhari snapchat burna meta verse black rihanna,0
lol person wey suppose carry me go and come back no wan comot house,2
pictures from my product shoot class with be like say she don sabi pass me sef register for my private product shoot class for just naira only send a dm to book a spot,0
guy abeg na,2
lmaooooooo ive never been a fan of gold or the color but as e con be you no sabi anything wey no dey shine whos fault it that alaye leave my mentiosn,2
wetin be the name of that babe wey jerry carry come our hangout last year no be queen,1
na mumu dey do valentine when men dey street de ask for good governance and security,2
swipe skinny joggers with side stripe‍️ price n̶ ️ color khaki size l dm to order shakarashop online shop wen sabi you sef go dey do shakara warri nigeria,0
eheeeen so this na man utd bank sef and i didnt know before now me im a proud city fan and i dont associate myself with anything man u same reason i stopped patronizing chivita time to change bank,2
this work of is going to cost me more hours to complete and im not giving up not now or never ️ so many legends dey but im just trying to be another one please kindly retweet for a bother na,2
wetin man go chop like this its as if im tired of the whole food in the world and im hungry,0
you no really change sef na that your height gangan be the koko when did you start getting so tall should be your before and after lol all those times wey lade tosin and bode dey pursue u upandan,0
na dis laycon dey vex me pass he dey do like person wey still dey secondary school,1
abeg which village you dey again na jux yesterday indry realize say to chop better mango for this side go hard,2
get the cheapest data offer from lucid data world una don hear our icon so rush subscribe from lucid data world so una go stream anywhere una day icons we represent,0
‍ you don finish you don finish dis guy,2
na girl wey dey sell food i dey find wey be say if i go greet her like this she go pack food gimme,0
beggie beggie na my best track and na i dey beg,0
buhari na vegetable wey dem dey press like x for pad,2
so when one says us are stressful na all the under e dey refer to nawa o,2
omo na mumu dey fall in love una wey dey shout god when for davido and chioma or quavo and saweetie shey e no eventually spoil,2
hehehe naa this kind faaji you dey chop abii make una invite me naa bills on you,0
i swr e get one dey wen na iphone person use do am,0
bros abeg tweet am we dey wait already,0
inspecting what please e be like say na years them take swear for abia state,2
no any better na one bus e go take if better de,1
nepa off light fan never finish dey turn i don sweat finish i comot outside hot inside hot after facing all of this i cannot come and go to hell again oohh,2
na all these kind signings you dey always envisage go bring problem between me and you one day na so you start willian that time and today dem don sign am,2
ola wetin i do you now na man i no get i didnt rob na i dont have a man cause im keeping myself unlike you this bloody fornicator,2
e no fit repair again my dm don spoil,2
true sha na so hazard de like play wan enter through defender,0
if i start shooting my shot na dey wud dodge oo,2
there are times i see a tweet where someone needs a vendor i try to remember some of you but your handle just dey difficult to remember walahi i type some letters and twitter sef no gree help i kuku give up sha,2
just imagine say we no dey wear clothes buhari go come on live tv saying my pellow nigerians with his dck out sars and police go dey chase ppl nakedly aiming to shoot our d ppl wey dey form big eggplants for twitter no go fit lie cause they are using their full pics as avi,0
wen woman pursue u like this u go de shame for ursef go akwaibom n see dis one no be myth ur girl go tell u say ehnn if i fit de insyd room wit face walahii walahii wahh and if they r actually dereforgerit oya mention jorja smith babe nahh ur obituary comn up,2
always take out time to appreciate people wey love your hustle god bless all the people wey dey support muip ️ how you see that de gea jersey wey dey rock,0
unilag student like us wey they stay for hostel we no too dey form na bedbugs rush us ‍️‍️‍️,2
all these na famzing dem wan cause quarrel bw baba and prof it wee nor work,2
they are nice beautiful till u wan marry demmoney u will spend is enough to buy lands and build houses then after u marry dem once dem born chai oluwa fatty,2
u dey mind dem lol,0
your blood will give no peace to all the police and animals called sars enipa gunugun kii kaadun eni pa akalamagbo gan kii kaasu all of una sars na untimely death dey knock una doors,2
guys make una calm down na e never do you no be only me do this oh allow my phone rest abeg ‍️,2
you sef know say i no fit wash you when e reach ball matter,0
na this kain content i dey like sign for,2
lmfaooooooooooooo na why church dey tire me rich person testimony dey different always different from broke person own,2
no vex oh abeg wetin million wan buy again gone are the days when million naira sounds cool,2
lmao jose mourinho and his supporters go dey alright abeg im just glad hes not my problem anymore make i just see how we fit start this agenda to get pochettino in,0
na wetin dey make me jam ict with agriculture be that o im not proud of it please retweet my pinned tweet,2
my brother o dem don use am play me before na your turn relax,0
you wey dey get spam dms sef thank god,0
me sef dey find am,0
guy dont forget your roots you dey go buzz white man for him handle to call am that kind name na wetin you chop before you log in who teach you slangs you better delete the tweet he is kuku saying the truth but una no dey gree year truth leicester city go tear una,2
you don dey ment me wan dey near nice smelling man nao,0
bro no one would have said my mind better than this tweet loads of times i see mistakes after im done editing but when i post it out every one is like crazy mad job and im like una no dey see this mistakes lol,0
na actually the third is the severe acute respiratory syndrome but the most sifia is actually the sars wey dey beat,2
can i follow you again like youre spitting the truth read bible and hear the truth from the source no na to dey find miracle waka like leaf wey wind dey carry any were breeze blow e follow how wont you fall into the hands of scammers,2
why be say na now wey beans be k for bag i begin like beans bayi gas to cook am sef no dey smile,2
e be like say this one dey ment you dey order drink on our date without my knowledge andn on my absent what if i couldnt make it down omo angel for heaven don use this one learn work already,2
weekend came early i design engagement beaded jewelry for couples and we dey set ham well make e sit kampe on outfits kindly help rt my customers might be in your tl thanks,0
i wan here una mind on top this matter as a man you prefer make your wife be full time house wife and why or you prefer to marry career woman if so why make we yarn on top una ogbonge frequency wey be tincity fm jos drop your mind inside the comment box,1
f u t u r e i n y o u r e y e s is a project im super proud of and it simply reflects my heart felt passion towards what i love and im grateful to and rhymebamz for,2
people im not friends with speaking pidgin withto me doesnt sit well with me funny that im here is even shorter than i don show,1
dey don come see them even my chairman don dey hail megooday sir,0
wizkid fc i de call on all of una to help stream my music abeg me sef na fc too,2
lmaooo i swear i no see the tweet wey you dey reply to but i don get now okay nice one,0
grandma you will celebrate but after d remaining na god hand e dey kudos u ma,0
try dey smile e dey neccessary,0
mans brought out clothes for hommie to help him wash i wan act like say i wan help wash am i know him go say leave am buh my village people fit cast me him go pack am gimme,2
na clitoris hin wan talk vagina ke vagina usa tweet ur location,2
they will always bring up a different story since dem dey play us like a soccer game apcpdp and every goddamn political parties in nigeria are all the same na their name different the monsters you made don come back to haunt you,2
my guy introduce en father to scam btc purchase company en father buy k dollars worth of btc btc no show efcc investigate na en son be the company ceo na we still dey settle oo,2
we don come again oh as we de slash commot from all your k and above order this love season plus free delivery to anywhere in the country you see as e de work dm us today to place your correct order rush,0
didnt see this coming so just like that im now a car owner god who am i that youre so mindful of me so no trekking anymore no waiting for taxi now na me go dey drive dey go gas station go buy fuel words alone cant express how much i need of a car right now,2
on this toilet seat i cut this weed if e like e cast me im tired,2
cos na something wey you fit do na,0
aswear o e save her name with mami m,2
make una come see una uncle o,2
omo dey cook abeg im not saying this because i like spaghetti the food make brain kindly patronize my bestie,0
e dey pain me like sey na me,0
even for relationship na so dem dey leave,2
big man like you na alarm dey wake you up you dont have any peng ting that wakes you up,0
see as i dey sidon dey watch palace v leeds like say na champions league game say what you will about the premier league but its definitely the most exciting league to watch,0
as i dey talk with you now ehn anything is possible me sef dey yankee this minute dey enjoy snow,0
by far the worst world cup team i have seen since lost to wonder how this panama team qualified sef making the team look good,2
guy my garri done dey finish and we still get days to go for the lockdown nah die i dey like this ooh,2
na when this man won talk e dey lower em mask,1
wetin people wey no like sports dey do with their lives because what is this nonsense life,2
finish keh na die be dat ooooo just did my underarm and brows as usual i cant kill myself ontop say i wan make puna hair growth reduce,2
all these boys for twitter living large most of them na yahoo boys na,2
na chin chi be their problem,2
don jazzy don dey trend pass coro lol anywhere don jazzy say pim laidis comments section go bust ni donjazzy ma pa wa na,2
if dem give am the nd pk chelsea for dey th now dey there dey vex,2
na demseff dem dey do nah,2
my crush no dey reason me again oluwa wetin dey occur,2
bro e done tal i dey wait for you ️ thank god sha dis brush my head sha go play my guy e get why,2
man see weddings everywhere e de make pessin think of doing it again,0
pastor was singing warfare praise and idiot me did that falling down dance im currently soaked in olive oil now the pastor say na demons dem go cast,2
na dis work i wan learn,0
this one pain me ooo innocent people are donating out of pity not knowing it is a scam thats unfair na wetin dey annoy me be that how do we stop this from happening next time na im fed up o catching them with no solution to end such from happening again,2
im not serious reason why im still single see fine fine ladies on my tl dis night,2
lool leave am e don go grind rophynol put am inside sprite sense don leave am,2
its not even for delivery o we go do some personal stuff but your bros wike don practically remove bus stops form where dem dey before ‍️,2
manchi na twitter we de i wan popular ifb o,0
to god be the glory i don dey add weight oh now na to get six pack remain,0
i for like take pictures make we compete for senatorial post together buh my own agbada still deh tailor side and that guy don commot for naija,0
funny enough pdp allocated speakership to sw but their bourdillon daddy asked them not to collect and gave it to tambuwal na the same people dey come preach to ndigbo about egg and basket today thunder fire the chicken wey dey lay their eggs,2
maybe him don jam talk again you sabi say the guy sabi spew okoto,2
but you don chop the slap alrdy na,2
guy abeg peruzzi is a vibe abeg,0
lol wahala for the babe wey dey always tell wiz something o everytime she tell me say she tell me say lol abeg make the babe dey continue to dey tell am better something make e dey sing better for us,2
na so una de always talkand nothing weh una de do,2
please order for your shawarma for tomorrow na no vex na order na delivery to every part of come and buy na help me retweet na,2
if babes de type come de put plenty lol or emojis just know say e don pain them enter kidney,2
during lockdown i got like k from this stupid betja and after the took almost ×back now them give me wetin no even dey close at all una dey drag me,2
i was just thinking the same thing how come na wetin all of them they do be this shey twitter don amber brochure wey include this move ni,2
hunku u nor dey see weti we dey talk about sir,2
nah today e don tey nah i just dey manage this place dey wait the day wey i go enter my country of origin wey be canada,0
where una dey see this money to chop four eggs eh this noodles looks terrible tho,2
no nauuu bless us daily if you can sef kfb,0
benjamin wey sabi ova charge hbd benjamin i jst got u a new carpls get the keys from oloye enjoy,0
de tin emanate from verified handle na we go fes rake ontop dat one fes,2
wetin den use tey highlight wey con bright like stadium light bayi mama say na mel morgue,2
e sure me una do opening prayer before una take these pictures,0
see bah i dey vex i see bah is you ever see me eating boiled corn abeg no beg me to break for you i mean am cos i swear we go fight for there i no care toh i don talk my own,2
early morning you don dey vex ehn,0
as in chemistry hard me sote i even fail am for jamb as an engineering student i still fail am for universitychm and chm as carryover i pass am with e as science student chemistry na my nightmare you see maths and physics e belike weed and beans,2
i take back wetin i talk for bakayoko final minute syou report progress rudiger i dey low key fall in love with you kante na my motm,0
theres a video trending from a few hours back abeg abeg help those girls abeg i no get money prison don full with innocent people,0
and my mama and my friend mama no fess too dey align before i go say ehnn ehnn ehnn ggggbosa one very hot midnight slap na here i confuse cos fess fess this feem i never watch am na just branding and now i dey chop better drilling for am,2
abeg na oxblood colour oooo i no want wahala ooo kill me happy sunday my people cap from benin empire,0
inside all if i get k e do me,0
e dey do me like make friday just come im tired of here already,2
see sweet boy wey dey make all of them vex skin like vanilla flavored chocolate ice cream,0
man utd no get engagements again na sponsored ads dem dey run now,2
evamisseva issa baby girl life my love this babe eh e don tey thanks sis for supporting from the beginning i truly appreciate god bless bless you port harcourt,0
which kain yeye try do you know how old that guy is in the game we nor dey talk about some newby here oog,2
you don madt bro,0
pulis for just stay for stoke jejely dey play him rugby football but as usual small or relative success like this british managers dey always feel say dem don arrive,2
god abeg nah husband wey sabi chop well i want oo cos i no fit sabi cook like this make my husband no con sabi chop fight fit happen,0
oh yea i think say na brain e dey make una lose oh,2
the comments says it all na wa for that woman and the guy wey him talk to like that na my guy,2
todays news on ordinary things still dey move me one of my roommates told me he envies my teeth arrangement and how white they are ordinary compliments like this still dey move me nah why i say i must tell una thank you,0
shey na ment abi na crack,2
pikin wey say e wan get big teeth must grow big lip to cover am,1
person wey go just tweet without good reason go just carry k commot i don drop proof people wey need peppersoup and fuel con dey win,2
ode ok ode ok lool the indomie i cooked for my sister tho e remain make she chop the pot,0
uk used is ok but them dey be like bogofbuy one get one freemost likely them don get like one or babymamayou see the nigerian used them fit no get babymama when you meet them but anything le shele any focking time,2
dont you ever put that your dirty stupid cane legs on the couch how much you get if you wan be oga get your own house here na my husbands house you see that house sha house don set na money to fuck it up,2
you suppose know una club na bruv,0
nengi na spec abeg,0
era for slayqueen don chill na level now make we sef do our shakara till this year end na pana all my guys out there fine boyz like us,2
asin i dont get d story like u caught u guy cheating on u and u asked about d girl and all and later found out shes pregnantand now u asking if its a sinhaaaaaaaaaa na different kain girls dey this life sha,2
my girlfriend dey go nysc camp abi she don go sef ‍️ were not available,0
lol na that hairstyle i get for head take talk with my ex on the very first day memories,0
na my best number no mean say i go be for age every year na im this year but my demeanor speaks ill be next year ️,0
today on the news we have been directed to let you know ampiclox no dey comot belle its an antibiotic which should be used only when needed and prescribed for you to avoid antimicrobial resistance it is not a contraceptive biko thank you,0
please if you no sabi where you dey go no carry aboki bike you will suffer i repeat you go suffer e better make you trek and dey ask people for road this aboki bike man show me shege today,2
na just rubbish talks rt wetin balotelli de do for lfc radar me sef tire o,2
nigerians which pesin pikin be this,1
that place na hell na,2
baba i neva see shit now weeks the garri and water wen i de drink na only the water i de piss the garri no gree come out as shit push me you address am tested and trusted i no de shit anyhow,0
e don tey wey man don get exam tension we thank god sha,0
one baba brought the gf to his friend shop to help monitor am if she can make a good wife madam come begin dey make mumu waka with ogas nwa boy now baba told the bros to come carry the woman comot him side abeg,2
being huge has its disadvantagesyoud be in a place and they don start to dey call you mama please im no milf im still a kid,2
na my ticket dey me important pass you people should not beat dem more than o,2
i dey find goal for arsenal game arsenal win another dey find for game wey dem never score goal,2
to be a marlian na stress o my trousers just dey fall from my waist since wetin sef,2
this one i have just bin blessing people for the kinda tweets they tweeting today is really freaking me outgod abeg use this tweet to bless me for all the blessings i have bin blessing others oooo,2
brain why you de do me so,2
you when be like who dem select comot for beans abeg fly,2
new designs fine shoes like us we no dey rush customers na dem dey rush us retweet,0
good morning baba abeg this days lockdown dey fear me as i dey look my account na only days i go fit survive abeg help your boy,2
baba i no win this one too like say i no get luck to win anything sha oh carry the one wey you dey use tweet dash me because i know say you no dey use android,2
this boy is still protesting that i called his men rogues ikorodu no be good place apayan ni won if you love your life avoid that place na hell my girl head don stiff arm don swell up ika ni yin ni ikorodu oooo awon apayan greedy wicked armed robbers,2
normal charcoal pencil wey i dey buy k nteps sell gimme for i bin dey reason say i wise untill i use the pencil last night the charcoal nuh fit blend my hb pencil better pass am sef e nuh go better for mont marte charcoal pencil,0
im fine thanks for reading na lie o im not fine please call me im experiencing heartbreak for the first time this year god why me,2
bae bae bae baby o now i don dey act like a stammerer if at all im gonna shoot im gon shoot with my camera kindly help tag and till they see this,1
na thief dey worry dem airtel also have theirs n too,2
time like this in those days i and olayemi go dey waka up and down like sheep wey lost we go dey look for wetin wey no lost i miss the young innocent days merry christmas,0
una dey here am the ground solid die contact he dey sell anything,0
girl i love your color e be like cookie wey don bake,0
biggie jut like dat how many weeks dey don use waiting happen,2
if pipu talk dis mumu go come out toookpoif it was your fav bet you wldnt make dis comment,2
that una bet don click since last year check am for livescores na draws dem play,0
shey una dey hear,1
we call it conc bk den one of de best tins u will tk bk den in skul,0
you dey hope for bs and you no dey happy we wey no see b hope for nkor,2
na wetin una dey talk,1
omo una no de play ball for una estate again i don fat,2
perish that idea of salary and love comot wetin dey your eyes call off that relationship immediately dont even think about going further,2
and na only bedsheets o how much dem go use send duvets,2
this particular freestyle i no know the spirit just enter my body as rain dey beat me dey come house this night na the king himself and chef chi inspire this freestyle o thank you king and queen,0
shebi na teams wey dey perform well wey fans go siddon compose viral club anthem imagine the entire stadium roaring that song as liverpool ripped city apart home and away wow united cant even fill old trafford anymore wetin una want make we sing about,2
person wey i get followers pass don win abeg make una help me na,0
lol im ft and i weigh i no get big breast tummy fat and all but according to my bmi im over weight i dont exercise though and my weight aint healthy sef me thats talking i even have work to do sef,2
which juju dem dey use for una self,2
if you see someone singing egungun be careful na express you dey go on the road abeg hold me im not stable,2
una shakara don wan dey too much god will help you guys ehn youll call off strike after collecting one underground bribe because you guys delayed my final exams now im sure your kids are not in this country ooo i know god is watching,2
abeg pick me cos na only k i ask biko,2
the great oracle i greet you with cowries its now obvious youre dodging me no wahala one day one early morning youll see me in front of your shrine we die there na dat day you go know say water don pass garri kontinu,2
awon ryan el rufai e no dey rate hin followers at all we kuku don chop blocking tey tey,2
im eating like person wey never chop for days something has been packing food from my belly,2
if u like dey call everybody fool na urself u dey do we dey on our own oh no body ask u for money u just come scam us take our sleep,2
this bastard see sey everywhere don soft she wan dey form loving you lasisi go kill me,2
when there is someone heshe likes in school na so e dey always be,0
oga lasilasi bbybikonubless me too nawna since na e we dey comment too oooi know say naw randomlybut just see me,0
abeg nnewi people cinema dey nnewi lidis,2
lmfaoooooo they say e go roll over like wasnt just yesterday,2
funny thing ehh most of them no sabi just wan do cos others dey do,2
gudmornin on my mynd dis mornin is hw cheeealseeee indioowo wil hear am next season shey na preseso dem dey play we sha se,2
when someone asks how are you your response shouldnt be im fine and you ffs ‍ same goes for how was your day una dey tire me,2
this serves as a reminder for choristers and instrumentalist to start rehearsing because as i de so i don de rehearse dance steps for d first sunday after covid ish,0
frosh sturvs see as pesin pikin fine pass two pipo,0
afa stream two na my papa don tire to see me inside house o,2
car wey woman for don buy give you since buh no you no wan dey useful ‍️,2
wish you all the best david one of the finest ever reliable baller ever seen alaba mr workaholic na man you be how i wish u stay a bit further why madrid again na city dem suppose sell am go na naso we give dem kroos dt yr,2
my dear oh i don ask taya shey nobi disease madam sef don dey seize n hide my foods for night sometimes i go buy cookies hide am for kitchen late night sneak to the kitchen to chop am,2
e say regain sense we dem don lose am ni,2
video is on d dj set rolling often n oftend video na deadest as warri boyz dey talk emblessup kesh,0
tbh im so chilled about my husband because i know god has the best for me im just working to be equally fit for him,0
y i go calm down wey b say so many unclassified life has been taken the wey dey vex me pass b say my gal frd no go fit come naija again cus of fear guy if i tell u how much i don invest there ehh lets alone people wey lost there love once,0
the light at the end of my tunnel be like ungun known men don vandalize am since i don dey this tunnel i no see light,2
like people wey dm me the day wey i post my oux say i go complete this year dem don see am,1
hot i no fit tire for the album,0
hello fam a pleasant morning to you its time to catch a glimpse of some of our team dont mind us like say una wan go use us collect money for bank anyhow wey im be sha see some of us one day ehn una go,0
oyigbo is on fire theyre shooting atm theyre burning houses people are becoming homeless theyre getting closer to where i stay so i heard at umuebule i heard the gunshots myself e just dey like new year evebanger festival i cant fucking sleep i dey fear,2
naira marley as e dey go someone need to check up on if his voice never crack cos i don too play the track today,0
see abuja burger we must chop your fct money this guy when you dey come,0
since burna dey make music for this kind p when the time reach na fem guys con dey jam i no wan push no agenda e jus funny,2
e be like say you sef don know your accent no go let us hear anything on nta thanks for reposting on here sir,0
omo the way una dey come explain una sef freely talk bout sexual encounter you had a with particular person name mentioned una dey fear me oh no matter what i need explain ion fit mention names,2
me i don send out deliveries already i dey bed dey enjoy ac come let me employ you to be frying puff puff,2
dem wan kidnap the cow but e dey form strong head,2
boss man now wey everybody don go sleep baba bless my aza make me sef do christmas,0
na this kind message i dey like read like comment and retweet like i just did why cant you i dey happy for u,0
unnecessary rudeness sef daz y im always a bitter leaf to them sha im hausa too,0
lol people wey go drag person buh when you drag them back dem dey shout mental health mental health,2
mixing and mastering is so damn stressfulyou fit just dey hear some kind breath underneat the recording who dey actually breeeett,2
hannadon comot asin new seasonmake una de update person,1
you still fit open mouth talk na wa oh,2
omo na only me de hear dis noise from d street of lagos dangote truck de pass and a car wit siren and all d danfo buses lol dis to prove to una say na naija we de run dis show live,2
just small observation na i didnt know alhaji na top striker na top,0
kai men if they handle you well eeeh na so so it shall be permanent it shall be permanent what the lord has done for me you go dey sing so je jukwaese ask around,0
people dey wey nor dey sleep,1
those people na eleribu dem ready beat ham not fair though dem even wan face police as police arrest one of them,2
how much you think say this one be e still no fill pot oh k with abeg the fish big na me wey stand afar snap cause e dey splash water,0
yes maam you know the traffic just de reduce nah why i reach now,0
nothing enter people wey dem say dem go reach rd round at odds no pass first round person wey never lose under minutes in like years na one punch finish am hot tears,2
abeg twitter ppl wat do u stand to gain in dis stranger follow to follow back me decides to follow clicks on follow stranger after seeing i av done so clicks to unfollow me me see dis bastardized,2
make una comot body una be pawn for their chess game,2
bestie stop na bestie stop n bestie stop bestie sto bestie st bestie s bestie besti best bes be b na bestie wey calm down dey enjoy,0
car horn no car at the gate me my dad is back me after fuck mehn i didnt know what dat guy put in his drink but my head is just turnioniown,2
na wetin him de like do big teams dem go do am today,1
forget the fine facehow can egungun be carefule don jam am i don tell am e don jam am be on repeat in my head,2
e don happen all dresses made by me,0
dem don dey fnga this one,2
see as pepper fine guys nah dis kain pepper school for obodo abroad you wan know how your pepper and agric products fit get abroad tushness despite being local check,0
warri una don ready its that time of the year again in warri warri arts festival unveiling on oct th at official press conference una dooh oh get involved warri nigeria,0
me as a pastor how you go dey put as your tithe your salary na,2
my cousin spent his whole life in abroad not up to months in nigeria inside months dem don get wife for him if i dey serious search days i don find,0
lmao shey na cuddle the guy wan spell or what e say cudull,2
if na lion teeth the money they na to carry dentist follow body,0
for the very first time wey i suppose receive sweet goodnight message e no enter ‍️,2
you dey go ghetto i just dey find your mouthbut make we watch chelsea match this weekend there,0
all of una na the same,2
world people dem una nor go tell the gurl the truthyou dem form good person here look at you too naaa i nor know ur gain on what she did ohhhor are too in same world,2
which kind wahala shit wey no free flush be this na ive been inside this hospital toilet for minutes just because this stubborn shit no free flush,2
its like some people have stretch marks in their brain coz these captions cant be normal from im the reason why your to if youre given minutes with me what would you do to im new here bla bla‍️ una nor dey tire if youre not creative just rt and go na,2
abeg coman teach me to be like this our last born doesnt do anything at all im the first child na me dey do everything in the house more like im the maid,1
we wey we dey nija still dey enjoy if you see the way nija babes bill nija guys in abroad ehn baba you go run my daddy this my house that,2
lmao deadass made tiktoks and i only posted i didnt even really edit those sef i don de lazy,2
i wish i had the k sef,2
the way you take dey talk next de sweet i hope one day e go reach my turn,0
i am really sorry i know i am a disappointment i know all the health benefits that u av alws bn preaching even me im not proud of this but tonight na me and dis ebaa oo,2
another warehouse ‍️ na military man dem go hire make dem secure there who dem born make e reach the vicinity wicked government,2
beta one sef him don hold am since dey wait,0
some companies need to be taken to court sent me messages even calls sef that my kyc was incomplete line that i have been using for more than years and when i complete it they will credit my line with k after i completed the registeration,2
they are not jumping for it all childrenshey na biscuits and bobo we never chop beforeif to say we know say this man wan use ur to snap picture we for not come here at all at least my uncle just buy me icecream with meat pie this morning,2
money don finish so na babe giveaway he wan do,2
reebok split sliders color red size uk price n̶ dm to order shakarashop online shop wen sabi you sef go dey do shakara warri nigeria,0
na that brag prince brag bout hin babe for yrs this year baba wear all white go her traditional marriage like say him dey mourn,2
omo the poor girl been wan follow am die oh dear future husband dont try this abeg i dont have tolerance for such situations my bp fit over rise,2
e dey sweet my body oh see as my friends dey come through for me with gifts upandan invest in your friendships oh be the giver you will reap eventually,0
my guy will remain president till if my guy comot sef na my guy go still dey there buhahaha edrag by with twitter fingers,0
god you too much ohh because if to sey na man hunger for don beat me i for don loose weight jesus na you ohhhh happy palm sunday,0
its how people stay comfortable walking around petrol tanker making videos dey off me same road sometimes last year petrol tanker come spoil for road oil dey spill traffic dey omo i had to come down collect better run for my life,0
winning good sha if not i for don carry belle face bed dey grumble hhmm,0
ẹ don start this morning e fit be crase,2
lol na benin you dey o anyway im not aware of any ig account but i think you can find an errand service to pick it up for you,1
guy if na me im sha raising brim and stones in your school o lol how im paying m and you dont know or didnt think to inform me beforehand that my son has already chosen his path and its not school,0
see dem dem wan chop free food wear free cloths this set of people wont even come out during election time to vote in vibrant youths like and the likes do they even have pvcs cursed generation,2
they sent me a mail mins ago that e don hit the k milestonejust dropped dem on audiomack i no even post am it consists of my songs of omg badder thanft sagghar philips sgd whats on your mind carolina mirrorcover b i gave birth to dreamchaser thank you,0
the only team that wants us to win today is a liverpool the rest na werey na arsenal sef worst pass,2
celtic e be like say dem wan serious this season,0
lmao this guy no be serious human being e e babe dey etaly,2
even if na tiger mouth the money dey i go carry dentist follow body,0
baba i swear to god even if i were to be a senator i wont even near those dss operatives you see wetin dem palm na who dey alive fit thank god for life o any pararara na fts under the ground,2
only the thought of this na this dey my mind already si tiny ya enough towel oh,0
please help us have the fun too na we just dey god dey our side for here,2
na generation of lazy yoots do pass na we dey carry nigeria for our back see wins everywhere in the recent years nigerians deserve better than the leadership we have we deserve a better government baba god run am for us,2
tacha has forced me to start carrying bottle water everywhere i hear its a massive boost for a smooth skin yet nigerians couldnt even see that positive thing about her o but na to slander and insult her una sabi try looking at the good sometimes,0
wetin make you dey shat e nor consign you‍️‍️,2
this one na meat pie or na amla be this o,2
person wey luffy dey dull,2
don eazi if you nor check my entry baba i go cry o i nor too get followers so e nor dey top entry as par views but its one of the top videos as par quality baba check am you go like am,2
she dey ask you like say she fit buy am for you,1
these women in this bus im in too dey talk sha how can you be telling someone you entered bus with about your husband and this one dey pass judgement steady,2
police self some of una sabi mumu which one come be the camera for assuming say na passer by o kwe odidi like the kidnapper go wait make the camera man come video am ‍️‍️,2
e go be like say na kerosene i dey drink,2
thats the thing i dey stay abuja k nor be big money it doesnt mean its not reasonable but nor be the way people dey look am my guy before nysc i was earning a month in benin i thought it was good money but my guy e nor reach,2
we dey town go get your ticket as e dey hot,0
and you that you are inside a car you bought with your money you sure say e no kill you like this you for dey trek or ride horse nastupid ass guy was never a fan and would never be i dont understand how people rant trash‍️ im so furious,2
how many dém dey wey we no go win dem how many dem dey why we no go win dem how many dem dey coyg yagunnersya,0
this guy i was thinking about you today like e tey wey i see your tweet alfa,0
as twitter say i no fit follow back peopleagain now wetin dem gain ️,2
confirm na to make dis money,0
na wah una don sell tomori and zouma,2
forget o consultants in the us are rich o na just naija wey don condition us to believe doctors are poor and theres no more money in medicine,2
this man wen dey park motor street cuz no space compound don come out this morning and motor don change ownership and he dey comot the battery every night o the thieves come with battery n complete set of tools to move him motor lexus wen never reach better months,0
e better be o cause all my ego na for you na there e dey o,0
the instruction says write an essay about your family this ja no go better again i co commot for this ja go back to my village jamaare for bauchi state na so i go land this ja don tire me,2
dothraki soldiers dey make noise like hausa boys wey dey go fight riot,2
when my pple decided to create with this shot i was forming abeg wetin una wan do they did it anyways and i love it how do you like your we got you covered service,0
im forced to accept that most of this auntys fans are actually dumb jobless and aimless i mean dont yall have a life the one that baffles me the most is how they exhibit their stupidity with pride shame dey catch me for una o my fellow youths,2
na the only problem be that dem be my kryptonite dem dey easily catch me but i no fit fall again laiye laiye,2
go kene shrine go chop meat me sef dey go dia now,0
you don dey well abi badt guy,0
i don too drink doc i no dey sleep again na for toilet i dey always dey,2
yeah i just checked and i see u make burger trust me im not a beggar but my love for dis picture is bigger baby i want u to love me deeper ️or do u know tina yeah dat girl been dey disturb be wella but i no dey reason her mattersweety joor shey mo ley av a taste i mean burger,2
how many christians una give rice and chicken for christmas to celebrate una want they imbibe the teachings of christ with empty belle abi na so christ teach am for bible,0
i really dont even know‍️ but you fit send your sister small bar make i fit chop tomorrow,2
ha na who that one want die ontop hin head e go just faint danu danu because of tosin sef rain go fall ontop rd mainland and the breeze go send am go inside water,2
people are wicked sha person wey tell me say love na scam don propose to woman and me i still dey float,2
u dey inside police van with handcuffs come dey wave at me when that one start,2
we wey dey champion companies na because we dey tweet abi tohhh,0
baba don dance tire him go dey gist with dj,1
i dey tell you baba we dey watch like bat the tone don dey change the next thing is to compare evil with evil but them fo avoid the good,2
i dey reason how people take dey like that level sha lol cos i nor fit enjoy pain,0
tmz please come to nigeria and preach to us cheating is not the end of a relationship maka de tin na adim mma na ahu,0
batshuayi game dey wound my conscience walahii substitute wen no get steady voltage last pesin to enta field but na him still dey slow pass to catch ball like say him leg get belle this na match batman for fit help easily win but he choke as usual ‍️,2
continue dem find dem trouble,2
big gal like you na k you fit dash person you nor even dey shame abi,2
na so we we cum dey go the drive sabi drive in a way wey e be say this lady dey fall on top me at every sharp bend and speed bump local man was battling with seeing clearly and controlling john tomos,0
if you know you have raped someone before please dont post say no to rape e dey vex your victims just shut up make dem no go cast you even if you may have stopped but shut up‍️,2
i don commot already,1
na who de crase de quick bring up mental health issues,2
the way people take dey marry this days ehn e be like say me self wan marry oo school of engineering federal polytechnic auchi,0
please im the hoe if you know where gold dey let me know make i go dig small see food chop abeg‍️,2
wow so some people using hate on dis twitter doesnt even knw what it means abeg bro itunes hw i dey hate on coca cola now,2
as dem dey beat chelsea e dey sweet me for body,2
they can use any medium person wey rude dey rude shikina,2
girls with bust size of how una take dey do am just made a jacket and it looks smalllllll im almost scared it wont fit and i used oo,2
na him be say my house dey d london side of kubwa n na true light steady here well well,0
maami support me na see as dem dey attack only me,0
leav dem make dem just open mouth cos they sabi talk,2
i cant find my money wetin una do na me nd una tomorrow morning,2
i no fit fight mercy if you look the happy hour too much sef na fight,0
people wey dey go joint na big fiful and most of d waiters hate black fiful is better to avoid dat kind place,2
learning on the job has become a crucial part of my work life and e nor come too dey make sense again,2
fever soup wey sweet na money dey cook am,0
chop knuckle wa gbayi omo yi you don sabi better food be that preach let them hear,0
sugari disagree with uwhichbe make mourinho go restabi u no no say jose na an nnewerianwhy e go rest wen body still strong,2
e be like say na from tope the k gist emanate from people never kana say na em be the originator he for don chop drags since morning cc,0
ive been taking the try to dey enjoy problem no dey finish seriously now im broke and that is a problem motivational speakers stay away from my tl,2
when less becomes more sunday delight cotton fabric no fading no washing yards yards yards even as we dey pay school fees we gat slay click on the link,0
ibo boy like u wetin u come like una too like money rt wetin do us yungkord warri boiz tho,0
this energy na why i love una dide na still my oga sha,2
devil won punish airtel dis night and dem no wont make i download the finish u dey see dem abi,2
na so dem don carry me enter benin i tire,2
this aint you joor ur bumbum no fit shake like dis urs too hard and small,2
lol but the number dey plenty if we dey keep am buck some goons go even dey help them select cloth and hair color preference,1
bros calm down nana only shirt u see u don de plan stalking mission,2
haaaah my gee omah lay don suffersee where dem put am omo na uganda way tomorrow morning like dis,2
bitsika abeg u fit push time go oclock,0
people wey drop billions of naira in cash and other nonmonetary resources to support ahab back in are somewhere chilling and plotting na we wey be say na only tweets we tweet de here de chop curse this life nor balance at all,2
na only weeks wey i don get this license and this one already wants me to help her sign a document claiming shes got arthritis and ulcer so she can manipulate her nysc whatever oluwa this isnt what i trained for,2
lmao video call ni wahala bayi person wey no receive go talk say hin receive too,2
youth dey fine warehouse oba of lagos de find staff of office obaseki dey find prisoners wetin u de find,2
wowoo but were una dey see dis money ooooooo am here looking for iphone you are already using pro,0
god should just dash me money this night i fit craze,0
praise go dey wank if e see small skin for movies i fit bet am,2
you de like person wey de stuffer from ebola sorry you be like wetin ebola de suffer from,2
my guy we dey together na u wey scarce like water for desert,2
una wan kill man city bros make una calm down na wetin happen self i greet you bros,2
no be if we cum win am now sars dem go carry us abeg make we st b we win am xo dat we fit use am well tnkx,2
everyone keeps talking bout paternity test you as a man na all babes you fuck you give belle in a week guys fit sleep with different ladies so ‍️,2
so as u tak fine reach whr plenty pussy don dey visit ur profile to drop digit na dick u con dey suck ur family members suppose surround you dey giv u slap for one year,0
pacers deserve something nau since heat wan dey ment naso them manage win this wan again,2
abeg we no fit rise here chelsea don break my,2
no use oppression kill yourself cos of otedolas ferrari always thank your parent for wetin dem don do for u and u should also double your hustle to do dis kind tin for ur daughters road wey get hold up go soon clear congratulations to you all otedolas i love this,0
ebuka abeg if na u wan act the next super man abeg let us know,1
pesin dey know right from butchering ram say the meat go sweet or not between dis kpangala and finals i just tire,2
i will js ignore oko mercy na my mouth e dey find,2
seriously im still upset about what davido did with like dat that was prime davido real obo sound not this melodious ting hes on now kai e pain me,2
tomorrow now after i jog to and fro from my house down to stadium e go kon be like say dem take padlock lock my legs sad part is that na una go still gas me lanre body glow six pack take style save lives the real question is are all these necesary who do i owe this body,2
we plenty we dey here wey nobi yahoo boys na just say the yahoo boys be making us look like our hustle no dey pay well,2
my people ohhhh una won better smoked fish when don first chop belle full na chiwinkx smoked fish be dat na our correct kg fishes dem wen we don cut wrinse well well con sauce,0
no be say we no like wizkid oh but davido doings de burst head at de same time na king of music,0
am ur biggest fan person blow me for mouth coz of you we dey argue u and olamide who get vibes pass i argue they tell dem sey na get vibes pass before u no wetin dey happen wey don dey argue i no know wen i call the boy bastard out of anger the guy blow me,2
i wonder how yall get starstruck and speechless when yall meet celebslike theyre just humans like you not aliens nah even when i been see davido sef i no fit talk i just dey look,2
do you know how dense one has to be to be as dense as has been just this year alone na medicine i read no be maths so i no go fit calculate am well but that density go many tufiakwa‍️,2
na you act start na season and lolz erigga don start,0
carry me dey go oju carry me dey go dey go dey go,0
what kinda oyel you dey use baff na crush attraction oyel abi na admirer attraction oyel,0
hello people hahahahow una dey na,0
if e come fast wahala dy be that naa,2
really would love to get sister locs but im too broke like way too broke for that i shouldnt even be thinking about it k don comot from my account already just thinking about sister locs,1
this one don finish eba she con de serve hot looks if you dont geddifok,2
wetin de there to pay person na kk na wa for u oo,2
lol fam humbled bro na una dey show us road,0
all my babes no wan link up again shey na bcos of corona or dem no dey reason me again,2
one day me sef go drop fire eid selfies till then ‍️,0
i hv been following u for awhile now and even turn ur notific on bt i never still win anything from u abi am i not locky or na my village people mata please i wnt to win ui get tins to pay for school oo,2
ebs still dey,1
but who dey cook ‍ dis wicked stew nah ah go carry my plate take go beg for stew ohguy aroma wan cut my nose but i hope it taste well sha,0
abeg na make una help me judge ooooooooooo who dey win on street and every my atikulate every,0
akporshlp me beg ebuka d housing gatemanmake e no dey disturb us with all dis im fake fake dreams againnatradio,2
be like na only me never use ciao and that tattoo filter,2
if na when i dey australia we for don celebrate st january wake before e reach nigeria,0
e dey everywhere for nigeria during the construction of road for one of our houses dem demolished some parts make we repair na him dem bail us die,2
nah person wey done chop belleful nah e dey think of education,2
wengerin cos if psg can retain their coachwinning just frenchcup wen dem don win tirewhy not wenger,0
youre so rightna them dey rush d guy for original charger,0
me sef dey pray say make the money come quick oo make guys enjoy how your syd my oga,0
this adult life eh nobody dey do christmas for person again like person no fit dash person money sef chai,2
my question with platters like this is una dey chop this food finish e nor go waste,2
small attitude problem una go pursue players wey get actual talent comot zaha memphis di maria rvp and very soon paul pogba yet these mediocre players stay here for years and are referred to as legend ps when is phil jones signing his contract,2
i got over k followers maybe not much like most people on this app but im grateful for every single person that hit that follow button na to dey relate with tweet remain,0
na ozo dem give strike na him still dey apologize to nergy i wan die for laugh oo,2
abeg do your edit na this option i use chop the last time banks share am,0
na ptsd for when i go commot benin dey do me so,2
i just cant laughing sparkleteetp and abeg make una come join me laugh small abeg abrg just tag any dude wey be like the second guy from,0
make una nor dey do all this kind things na if a girl likes me now shell see this tweet and feel im a slut i nor fine nor dey spoil my market na im a slut yes but im a slut for whoever like me biko pryme na beg i beg you,2
lagos and zamfara on d way a beg na plane una dey use abi jetat dis tym,2
yes dear im under blanket the cold wey dey blow for here no be mate with anywhere in the world o,2
dem go think say dis one sabi play ball nowshishi,2
abeg if you dey like dey follow i no be celebrity i dey follow back,0
im trying to laugh it off o na me dey find funny things sef,0
when account balance dey show space abeg way i go go were dem go want and appreciate me tell me oh i dey wait,0
we sef chop life make e no come be like say we no do anything but we arent kids anymore so we gotta grow up,2
but one invite out like this na bed i go dey dey give excuses upon excuses i will now start complaining i am bored i dont have anywhere to go etc i am broke i dont go out when i am broke is this how ill continue with myself im my own problem,2
kidd dey owe biggie e dey laugh,1
na their agbele na na dem wan take pick millions,0
youll be proud of me too if you know where im coming from and to anybody wey dey doubt me i swear to make sure you never forget about me burna boy,0
err na dat juju wey be like wiliwili wey dey catch small pikin like u for nite,2
how many of us wii make mouth abut sliding in a babes dm in timeline nd end up not even slipping near er dmi cannot b d only one whos afraid she fit no reply,2
relationship γ foot una nor go learn the basis of relationship for una parents house b una find boyfriend then the nxt thing na marriage,2
the film makes sense die the action na selense them just dey shoot people dey jump building the fight ehhh chai e too sweet e get some people dem no dey die and them dey helep people but one man con betray them sha but the new recruit wey no dey die con save the others,0
if the price doesnt fit you can go and buy goat im trouble dey price nairayou wont make heaven like this,2
omo e no choke oo judas no gree collect money say na btc im want,0
e dey pain me because of you i dey cry see the tears from my eyes and you still deny,2
dear could you please verify he has done in days what nigeria government is still struggling with since independence na beg i dey beg this man na national treasure,0
nna ehhdis chloroquine injection dey scratch me bad bad ouch,2
him to them my fellow cocks and hens remember say olaniyi follow them talk say e go buy benz as year don dey so nothing to show make we arrange ourselves and head out because ola has not been smiling lately,2
i dnt trust dis nepa dey must be up to smthng dis one dat light don dey for like hrs and rain fall heavily dis morin and dem no still take am,2
people wey dey buy no test can take risk sha na so one of my guy go see condemn iphone buy for no test in kasuwan gwari,2
abeg this na morning o,0
so i no fit get knee injury in peace these fools dey say i don dey chase girls wtf,2
any man get e specs for e partner someone go like the one wey sabi french and english someone go like the one wey sabi hausa sef blackest one na e some pple like even bomb blanca na some man e choice but u see this smelly mop and stinky pple abeg no man like una una pass go wash,2
baba no vex if your throat dey pain you today ooo na me cause am cos your album don dey on repeat since i don wake around am,0
i just say i should escort to market and its like na me come market debit alert left right center e be like ive chop my tp to kd o see yall next year,0
the girl don mad i swear lmao student aza wey no fit collect pass k,2
how that one take concern me na una need my help so if una no ready then just go wait till you time to turn zombie ‍️ reach,2
ndi igbo si na voom ka mma karia statement so bro dey ur dey make papa adeboye dey him dey,0
bros me sef i want to be like you i want to have money just help me let me shoot the assurance video for you make we blow abeg my crew we sabi die studied film making in usadubai and we get correct equipment black magic and red camera dey standby,0
dem dey donate for erica but wait oo una no dey donate for man nii upper year it was ceecee last year it was tasha this penis wey person carry self no useful oo,2
okayno worry jor shey dem sef no go like dey alright this night ni,0
landlord will increase rent you go fuel your car and generator phcn monthly bill sef don increase gas don increase,2
you wey originate the question nko o but na good question sha make you try cc me when u don get the answer,0
tag people wey dey relationship,1
jessssuuuu mio na trailer wey dey bring bribery rice kon end peoples lives like this people wey still dey reason how to go to church tomorrow see sunday lord have mercy we know the talk on the streets would be connect to diabolical influence and i agree,2
these everton players are bastards una don win and una still dey play corners last game,2
e be like say e don burst,2
robbery taking place in long bridge early morningsmy guy just told me about one corolla dem bad boiz break em glassestold him he is lucky dem no throw am down the bridgei told him the guy man show strong head thats why dem break everything wey be glass for em car,1
lmao seeeee them abu rejects na una dey happy pass but dem do u string thing o all that result kpele,2
its now common among young people if u try to correct someone from doing something bad heshe will be like mind your business over sabi bla bla if we continue like this gaskiya problem go dey i dey pity our generation,2
e no funny abeg my love for food would not even help me stop eating late at night this tummy o finish mi gan i cnt wear one sexy cloth in peace if i wan snap i no go chop food before i snap,2
wetin ella dey talk abeg my head is headaching me,2
as in ennnn i had to learn it too so e go balance,1
please its you i have in mind na i just dey reason if i fit afford you,2
what better way to start a week our chops they give life na customer testimony no we are here to treat you ryt so start placing your orders and have a beautiful day we are taking orders for the week,0
u dey call urself young ceo and u dey dm say u need my help for kogun go kill ur papa why u no go read about world famous business men how dem dey request loans from bank do business,2
lmfaoooooooo thatd why when i first wanna dm these ladies i start by saying can i send you some money for this beauty even tho na k i get e dey always work like magic,0
e be like say the cement wey you wan use no go do i dey come make i buy extra add for you oya dab,0
abi dem don offer u thighs for croaker fish,1
na you dey do giveaway na your second number dey win am ‍️ set awon give and take,2
lol i just dey here dey laugh im obviously not their target market,2
that is why it is so hard to join most protest in this country cos you are not sure if the leaders are not after their personal gains na wetin dem don turn us to be this for this country,2
wetin dis one dey talk,2
omo the way uniben will rush this people ehn dem go rush una like say una be thief dem wan catch,2
terrorists re perpetrating evils in broad day light dey walk freely wit it dey wax stronger evryday coz dey av access social amenities and evn amunitionsand we d law abiding and sane citizens re d preys yet our govts stil stand against us are we cursed,2
help me na so i fit join you for the hantec i dey try dey bip ur aza try for me too na me too wan fx,0
wow if e dey e dey if e no dey e no dey u no fit fake am,0
all my body dey pain me so na like this vendors dey package products by themselves for jumia shipping i don close store im not doing again,2
dem dey rush me like omisore during rerun i hope dem stick if the election results is announced logos lagos nigeria,0
walahi harmattan is here my lips don de gimme evidence,2
guys guys una know that stargirl for twitter ba that stargirl na i swear she been dey give me green light today she was just smiling at me i think she wants the boy,0
wetin dey happen for betis that scoreline changed quickly chai would love to see jovicbenzema combo who say make i fleet o,2
happy birthday mr e l e v a t e d such an amazing fun loving and outstanding,0
no do madrid adawa for finale no dey pay,2
dis teddys song is mad o haters in d building pls dnt let hatred in yur hearts deprive yur earsrm listening dis jamlife is not that deep also as una dey listen d jam make una take chilled chivita to balance well happy weekend one luv,0
lmao na wetin come my mind when the text enter yesterday this money don dey plenty small small o,0
him wan dey whyne my jesus,0
calm down nana question e aske no kii person ah ah,2
wailers oo u people conspire to vote chivia every week yet dey cnt even top bolar talkless of roksie and ur hère wailing dt if we are up with you guys u wil humble us funniest shit i hv seen today all i can say is oooooin e pain una kpaa roksie is ur faces,2
onyi youre not getting me i mean my comment was a joke but nah none of them will cry for man sha abeg i dey laugh for here before they think im cray,0
bovi just dey insult people timaya own worst ‍️‍️,2
what im not understanding is why my gas in the oven decided to off on e own now one cake never done for the middle and na middle dey sweet pass pray for my cake,2
my people how far na shey una perfume never finish ni abi una dey vex for una baby girl una no wan follow me but again abeg wetin i do una na i no wan go bag our village o i,2
what are u trailing me im actually on my way to rccg youth convention and i just passed magodo sha look gooding gurl wey sabi geography,0
lmfao she say she gave him small but she did not cum omg im crying e say na refund my money even if its half,2
e hard guy,2
no be boy dem just born wetin these rich kids dey chop,0
nobody me god talk of detty december sweet stories of i never experredit i never ask e shock me im open to more mehn,0
e too much almost x of wetin i give am,0
oyin me im even scared of the word love in the first place im beginning to think im not normal again o small show of attentionconstant talking like this i don jaaapa infact ill be the one saying please lets stop talking o sumi jare,2
where una dey see this harmattan make una tell person,0
dem dun bookmark your face self dem dey cut ur won slip,2
chai cant remember which set i was e don tey sha lagos nigeria,0
lol una matter dey make me laugh here that bro dey para for you,2
baba e no reach that one na becus money no dey to play e dey pain to like,2
camp diaries day this my guy never attempt toast any babe for this camp but na one fine soldier woman he go toast today he don dey do frog jump since am,2
dem dey know whu dem de bail at any pointin tym,1
any influencer wey jack suspended on this ️ and heshe open another account make you dey try to follow some of your followers back dont be too proud even jack wey be your ceo dey follow back or else be expecting another lockdown,2
its only shout out we would be receiving every time abeg jor dey go,2
na meat wey nor dey inside soup na make stockfish dey form celebrity,2
to be honest if all of them dey inform una suppose fit win league but i no wish una well,2
ordinary court wey go times after he lostna im and dey attack and arrest attackers like say advertisements na against make no host world cup,2
happy new month sef don turn sour‍️ this year get as e be,2
haa see fine girl bro come and pay my bride price lemi be ur girl️️ come and be my engine lemi be ur fuelas i dey like this my head don dey swell wat do you want baby if i no get trust me baby property i must selli was shy before but bcos you too fine im out of my shell,0
im tired already billionwetin dem dey renovate shey rat dey chop the furniture niwhich kind thing be this,2
pls obo abeg even if na k transfer for me make manage am on this lockdown abeg ebuka obianozie diamond bank,0
bruh the alaye begin raise voice for eatery o saying na why you come dey disturb me for my table why you no pick any other table true true na that table be the closest wey dey available wan laugh die,2
hahahahaha wat rubbish news dis by dis time of d day am in pains y am i born in dis country yyyyyyyyy postpone election by dis time of election eve,2
last last na e go be,0
na this kind man i want abeg yessss adore me im your baby️,0
exactly the bills ure paying doesnt comfort u im migrating to ogba now because no light for days you dey see im ready to move to my village now,2
ohh which team be that abeg i just dey enjoy una match bro,0
where dem con tk dey sell am,1
didnt allow my pops take knighthood na umunna chairman una wan make i help beg am collect ‍️ i feel say na craze,2
wetin concern una with tollgate leave tollgate for lagosians lets fight for our own nation una sef ehh,2
so sun fit comot after the flogging rain did me this afternoon,2
barca fans crying more than juve fans wetin e hand dey do for him back how many times was ronaldo fouled in the box yall pretend not to see all that the ref made good calls when cr was held in the box right,2
walai i go pour salt inside all these generators e be like people wan dey compete for ment inside my compound wetin be all these noise ffs,2
please stop i don dey remember wetin i no suppose remember,2
special shoutouts to the smart ladies getting it on their own una dey give us hope sey life no dey revolve only around bum bum,0
neo thank you for telling biggie ozo wasnt whispering for those saying my guy is not focus e shock una abi as ozo said he is here to win and nothing more we go shock una finally in day,0
love is in the air the way im so excited ehn one would think na me be miss valentine make una keep making me happy by sending in your orders o we still have till tomorrow morning to send in all val,0
please dont remind me e dey vex me,2
make eh show day say nor be ojoro system u take dey select winners abeg notice me today i dey help like mad i detro,0
i don tire to dey read sef people and their takes eh,2
abeg make una buy perfume na from very cheap make i fit see money continue this protest ejor abeg edakun make una help me oh girl is super broke,2
is it that theres no good food in egypt these ones dey pass ball like say them never chop belle full see im not doing again im kuku not nigerian so ‍️,2
doctor wey sabi gbas gbos,0
this brhoe dey happy say he dey always do raw with every girl my condolences to all the babes sha,2
no be until i post your picture mean say i love you my momma wey i love️ pass i no dey post her picture and she no dey vex,0
twitterng this street dont use nepa light so is always dark but if they on generator for matter na wahala,2
haba exams that has made you avoid a fellow ogoja brother for this long congratulations big brother more more more to come how we celebrating na make i buy you beer na abi you no dey drink like me,0
as it is now e be like say na wiz be the major problem of all these our saymamas in this industry ‍️ now everybody dey vex say eran apinjé wa di ti enikan shosho mileage awon mami ti ja,2
say emmanuel change e name no mean say e don stop to dey thief,2
she said na because na our fav i no dey talk again make my fav get sense commot herself from whatever rubbish that is,0
na daddy wey dey sell sugar,1
lmao one of my riders did something wrong and i raised my voice and this man told me not to try it again why woman go dey talk to me like that so appaz if na man e fit talk to am anyhow lmao,2
omo e be like say una go dey talk this thing till una die oooo i bet you might even tell it to your childrens children yall just pained that he has come this far even outstayed your fave nonsense,0
them no fit block any sim in two weeksthem don mental gan e go affect them tooawon werey oshi,0
old man pa ikhide you sef no chop the wash brf my man all the way plus he didnt sign no cheques,0
lady gladys my sisteri no envyall ooall d clbs wen u dey support locallyandinternationally dey play so so draw soupna wao,2
omo na one woman i dey follow up on whatsapp to get back my money now i no even know how to type the english again e come be like say i dey beg to get back my own money,2
wale applause ti fo table from his oau days na him i don sabi say the guy get content,0
your excellency help us na help make kd a tech hub abeg lagos is too congestedno you be the guy wey fit do am abeg,0
lol na why me sef feel the relief as na robbery,0
site supervisor e no good o na the site money u give me that day wey i save i wam sharply withdraw like this make i no kill myself,2
e rora mu orijin lale yi sha una dey drink snr drink like water hmmmm,2
wahala for who dey use iphone,2
my brother i just weak like dodo wey dem dey times,0
nigerian detectives dem dey even carry out investigations abi na by hearsay or who first complain,2
dey there dey form senior man when the love of your life dey ig dey write hookup only,2
i still feel na cyndi win this thing jare seyi wey dey use side wake,2
hey bunny see all these hustle wen i dey do na make we fit dey comfortable make all these small small boys nor dey worry you when i blow we go use them do yeye never goes wrong,0
just heared the craziest shii ever taxi ride back home woman na oyibo she dey work follow and you know say all this oyibo dey see vision woman ehn nau wow,2
the party don set who dey bring the girls dem enough shayo and peppered goat meat,0
follow who know road ooo follow who know road ooooooo na so anita take go oooo aneg watch who u dey follow,2
how dem take fit na beauty to deciv tobi,2
i had to get drunk on chivita that night told her few months back sha as we all don age up i guess she regrets it but now na dem dey rush us,0
u funny shaa na so dem dey suspend account person wey don deactivate he account,2
abeg show another scene wetin be this ‍️ esther say should i bring tissue savage lomoh yii,2
sha the breast big ur avi no even fit show am finish e wan be like that big billboard on top lekki toll gate me sha im buying whatever youre selling,2
boss i was fasting that day about to break fast before kickoff but i was like make i go watch my match before i get myself better thing to chop bro na after days i chop can testify,2
mr p i dey hungry ooyou fit just close eye run am for me based on who you be na,0
firstbank revers my own too na this rubbish don too much ooo,2
you people are cheap niyen o una done dey forget our best boss you done even give hin title out in less than month,2
na your children go help you spend money but i fit kill am oo probably if i don reach,2
swipe tort square plastic sunglasses with green lens price n̶ ️ color blue size m dm to order shakarashop online shop wen sabi you sef go dey do shakara warri nigeria,0
you dont mean it and make una tell her as una do una own,0
swipe skinny joggers with side stripe taping in burgundy‍️ price n̶ ️ color oxblood size l dm to order shakarashop online shop wen sabi you sef go dey do shakara,0
i don dey chop like thief this is not how a broke person is supposed to behave,0
d insect way dey eat leaf na inside leaf e dey stay in other,2
chai this government is not wise at all rubberband wey obasanjo stretch small yaradua stretch am small give goodluck him too stretch am as e take dey come buhari don go cut am it took many nigerians to go through this terrible times to realize we never had a government,2
hail the twitter coroner just now una don comot body go do autopsy wonderful,2
arsenal fans una money dey on arsenal to win,2
this na the networking people dey talk about babe don network enter money be like na to dey go party o,0
watched twice they girl wey use get better bum bum na that bumbum i dey juse dey notice,0
na so we comot wedding wey we no chop wedding rice thank god for the igbo food vendor down the street all the way from akure to lagos no wedding rice to eat,2
make btc reach k fez e get wetin i wan check,0
dem don carry lolade go date she no de pick my call again naso life be,2
i dey complain sey i no get blood for body light kan dey shock me again life what is this naa,2
you don see am de no need armored tank again e don clear now na buhari computer dem de set,2
buahahahah but the town dey cheap and as for china since na big place we fit get chilling places at this stage we need cheap places,0
bruh don brake e yansh,2
their father na netherlands i dey like this so make dem come block me na,0
dem talk sey her matter be like bolton wanderers wey dey bid for cr,2
i no fit ask my friend again ️️,2
everybody mary and martha me abeg where e dey i never find the real story since,1
bros you do make up for your face see as e de shine,0
i want to slide in this girls dm on ig but she has like followers abeg how una dey do am me wey i no get yarns i give up,2
the guy holding him na werey wey dey disguise,2
you wan make dem comot boys go drive them finish,2
if na so face sing am you think sey she for wan do cover okoto,2
somethin about the coyness of ozo and nengis relationship and interaction that ive come to deeply like its not common anymore cos everybody wan show say dem tear eye dont know when and how it happened but i think im now an ozone shipper god help me ‍️,0
jenni i dey greet you i swear e dey do me like say make i comot eem from my phone screen all of them can get it anytime anywhere,0
people wey e no better for sinceno be today nyash dey back naw,2
my egungun don enter express o love e don jam my head oh,0
lol no insults na why u de insult me na dem say de b apex bank who maintain the external reserves of the country promote monetary stability and a sound financial environment and to act as a banker of last resort and financial adviser to the federal government,1
u dey here ur coach dey flex bikini babes una don start krul,2
imade cut small soap for me and tell your daddy to please send me the nylon of his soap wey he don use finish i go put am for water make e foam small,2
nobody has asked me what my favorite wine or chocolate is abi this valentine get special perfume wey dem dey spray,2
so dem wey their names shouldnt be mentioned came to a fuel station took nk fuel for two sienna and drove off in their words to the manager its your contribution to the struggle,2
lmao go wetin because of who dey abeg make we rest,2
all of una na craze someones is giving out a phone of almost k and hes asking u for kdont u guys think at all,2
una dey always wan form devils advocate reach out to her richard,2
guy e be like say you don high are you the ceo of twitter to dey monitor people tweet up and down make i go lift i never get your time fbi abi dem david don adopt you fadeyi oloro shuke oyaaaaaaaaaa,2
comot joor if our country no good why u no leave the country total freedom dey nija if u dey southy u no fit talk dis rubish dey go arrest you,0
hood ma pa mi naaaa shey you fit remodel human being i can do with some remodelling myself,0
this idiot don carry for illorin on number of occasion i cant stop counting oga friday thats is foolish name na f division i sabi am wella,2
e be lyk say una dey ment what just happened to the last in my account just now u guys just turned me to broke girl,2
kk now u don gree say na una people,0
shey i tell you people na these ones sef na odes ‍️,2
since nigeria beat iceland na so so rain dey fall na so we melt the ice ‍️,2
my kid fit don reach yr na,0
im just thinking if ill ever win giveaway on this app haba since ohh me sef don taya,2
the way dem go drag this guy this season ehn sometimes it is players wey dem don too rate like this that makes that messi not playing in the epl argument kinda valid loool,2
i fit marry am iswear as e dey smile my belle just dey do me one kain,0
e dey happen lekki sha i stopped coming out once its pm e get one babe wey dey pull one monster that year once i see am i don run enter inside hide,2
person way no dey collect nysc allowee again na small thing dey vex am,2
this ajah traffic no just get joy sha na traffic go return the stress wey the pamper commot before i even reach house,2
my guy just called amala garbage smh na why dem nor dey rate benin boys for lagos,2
and na for your lower lips i wan make e dey,0
urs is wit me my bestfriend finally got her baby back im so happy for her meanwhile im still tryna get my baby back‍️,2
abeg make una buy better rifles arden means weapons why una come dey use toy gun whereas others are using sophisticated weapons like machine gun,2
so the nigerian police are advised to insult visitorsim referring to the ones headquarter also threatening an unharmed man with a riffle pesin no go see for life,2
why e be say na slim babes dey get brain take study nursing you beautiful n brainy,0
lmfaoooo na inside the wrong things i dey get phd,2
ah yetty no see where the punch dey come from sha as she dey go low baba dey go lower babanla tactics,0
wen i dey think na igbudu,1
yes oo god dey where he dey dey look,0
e be like u sef dey mad,2
no be lie ders dis girl i loved xo much back den upon all d things i do this girl no gree comot me from friend zone‍️she evn open mouth tell me say im like the brother she never had since then till today we still dey beef major beef,2
my bunch of keys decided to divide themselves the half i need to open d house doors fell at d office d remaining half wey be office keys r so intact in my bag as i dey like dis na in front of my door i jst siddon siddon dey look,2
guy why u dey na dey say handsome happy men and beautiful gurls only say na u and shoki shitta collect beating together,2
the reason why kaisha dey drink like dis na because of salahshe dey celebrate am for d house,0
na you wey go tell mayor congratulations hin call me to laugh about congratulations on what,2
i dont know who sent me to goan do exercise this eveningall my body de pain me like this my hands no de reach my back again and my legs de shake this lockdown should just end so somebody can go back to work see what idleness has caused for me now,2
this guy in particular came over and refused to leave was just talking here and there made everyone uncomfortable i say na help i b wan help na so i enta one chance ‍️,2
kachyhlp me tell prophet benji that he is on his own ooshey e wan naked abimay good hlp ameven if u see ame bad,2
uhndey don dey fine person wey no lost bros oga bossonly god is bigger than us pls bless me let my aza top up,0
uncle youve not met them you na clean man prolly the posh areas na ya zone we wey be business humans dey shook head put every where we dey see dem,0
wahala dey all dis world now n even nig is not left out ha ha banger keea,0
if only dis dramas give credit alert i for understand me sef for join get alert naa pple abeg can we all calm down smh,2
na waitin pastor preach against i wan dey do now,2
its a beautiful day a yummy kind of day oya ooo we don open make una come order cake and small chops ooo we dey dm dey wait for you have a blessed day,0
had shawarma for dinner trying to form fit fam now i am hungry i for don jejeli go for my eba and egusi ooo,2
sometimes i wonder who writes these scripts for our leaders o asaba movies try pass una for script writing n acting abeg,2
your mama with her mama with una aunty na im be puta you that went to someones page to ask how much for a night is the biggest puta then your drunkard father that skipped home training is the biggest puta bastard,2
haba you self you see fine boy like this wey dey sing girls dey comment with love emojis and some body parts and you think hes your man only sister please remove the y or it will end in tears there are others na,2
my boss is a definition of pepper them jezzzz you dont want to know what he just did for me mehn im so happy rn please help me to thank him im forever grateful dont worry fam una days go still soft,2
imagine loool na i just wan reduce am small for u since u hawt,0
you thought you were sleek dey follow den wen dem follow u back u go come unfollow,2
na date dey thrill una ordinary date for calendar oo una go need begin smoke weed oo,2
hold on na this same premier league i watched abi na another one wey people dey tip kante for player of the year ‍️‍️,2
someones girlfriend oo na him dem dey reset and turn left and right like this women are scum ‍️,2
totori me times i just love to dey sew eeh happy sunday guys hit the like and rt button na i dey find client,0
e de pain me i actually had a first account i permanently deleted because i wan go heaven one time laidat,0
lol so u dey watch dat series nice,0
bros we plenty wey gather dey dis dat useless sodiq fit come here turn m to joke now koeasy,2
i just dey observe their stupidity dey laf,2
de bruyne is playing lb pesin wey i cap,2
wetin we dey use chop am bread or garri make i dey come,1
wawu so some verified celebrities dey this app wey no dey get reach likes per post,0
with the weed jamaica dey number imagine if nothing dey to toke e for red,2
theres an adage deep in urhobo land where i come from in vernacular it says na small word them dey tell pikin wey wise him go put am for straight line we want peace not war,0
omo if you see as one babe dey shout trust aunty seun to act like why is that aunty screaming shes not in her house me i just dey see dey look how this guys wan break my heart a who tchalla gone,2
e don happen again oh somebody use fake alert take pay bride price since morning inlaw never see alert what a wicked world nah d matter we dey settle since morning,2
oshey don jazzy dey online at least my hype go produce small something buh seriously why ayra star name that track brigertn i fucking love that track wetin she talk for minute the album is too mad gan ️️,0
please lemme oh this bus for onitsha na die the front tires no get teeth e don wash finish,2
kii wetin e say na kiss o this smelly thingggg sorry nigga but whoever the girl is i think shell pass,2
dem dey call animals wey get horn snail reekado banks sef dey come outside lmao burna boy na your set,2
nahh u don de talk shit,2
abi its boda isiaka wey no know pass baba ijebu boda isiaka that wants to win sure so he can buy molue to be having fun you dey here dey trend hashtag you people think its everything hashtag and social media go solve,2
babe just dey vex,2
this daenerys pikin don too dey raise chest,2
my own na to reduce belle sef,2
abeg where una dey see this cute smiles,0
every year them dey knack dis hamburg wetin sef,2
oga gud evening sir in fact dis na night good night sir i de busy de write all my village pipo names for you make you choose me na tiktok you go de play,2
lmafoooooooooo shey na una wan controllecture every adult here people that are old enough to get sense cant be me,2
another man don gift my babe iphone oo i was actually on my way buy some presents her b i saw d video what was in my hand suya and caprisonne saaapppaaaa deep down i dey pray make diz kind tin just happen make i know say no be curse im single stupor,2
that guy like to dey embarrass barca if i say im not worried with that defense na lie,2
lmaooooooo im not watching again biko me wey cry dey hungry before mins into it i don dey cry,2
u don dey feel like saviour abeg shift,2
lmao guy them don try bend my doors tire,2
ebuka your snake don de bite ohhhh lmao nice outfit tho,0
i swear erica is in no way attracted to laycon she just says things like im attracted to u mentally it cos it makes him feel better and have small hope im a woman and i know this antics e just dey pain me for the guy cos he don loose focus,1
e don happenaccountant general office don burn‍️‍️,2
one day i will share them i love you edikan and i miss being your bestie as you don replace me with make una no worry im waiting patiently for you both i miss you bombom,0
omo this love don dey enter my body again i think say e no dey last ni i was wrong,0
lolshey na u wan rush dem you go find dem na,2
god im done imagining how money would fit me just bless me with this moneyi already know it would fit me o god,2
lmao na dat same post wey arsenal no been fit score ddg now courtois too sigh,2
una sef make una let adults spend dem money as dem like o those of una wey be billionaires no dey gree spend am so those wey no get dey teach una how to spend am,2
na question now na him make me question am sef,1
even if you no go buy help us retweet e get why,0
you dey vex,2
i don tire to dey complain,2
dis is nt ibb sayin dis trash here dis is d handiwrk of satanic hackers,2
na una two know wetin the funny unaseems the same thing happened,0
this car will fit me sha,0
ermmm ekaale nigerian time oo pliks i don watch una video tire give me my battery oo plus we do not deserve you guys again the videos too dey short fà make it longer oo teinz ‍️‍️,2
lmafooo na for mini mart wey i go buy fuel oh if na for house e suppose don finish since,1
if we had gone ahead with that election and they declare some states inconclusive na una go come twitter come dey shout oooo,2
person hate you you dey vex a whole religion hate pig and alaye still dey fat like say e nor concern ham better live your life and enjoy it ️,0
na money wey dem take buy house and even estate for lekki na fbi dey talk for here o nor be the one wey dem take dey build house for amagba village and abuja quarters o,2
god na this place i suppose dey na,0
sur kini survey firm pele oooo i can imagine me wey dey work for bank sef if customer carry us waka like this i go dey cry inside ni,2
my people as u dey like dey buy market and dey tell people about us as well please na god i take beg una one love lagos nigeria,0
lol abeg no vex na play i dey,2
na small play oh e dey twist am like say e dey pick beans,2
you guys should help me na my career sef dey suffer sell my own story na,2
i swear musa don suffer e be things musa dey see,2
i just dey vex i just dey quiet make e no be like say na bad belle dey do me,0
all this people wey dey always do giveaway on top this twitter se dey no dey see me say my life needs help abi i be invisible on this app,2
brother don chop block,2
na ur fone abi your subscription dem dey take watch am,2
ornstein don tweet wetin e wan tweet but mr arsenic just dey complicate things,2
coming from a person i know is extra brilliantnow im scared egbon dat slot still deysebi im your brother too may allah ease for you your affairs,0
if you know whats good for you better resign if not we wont stop protesting you nor fit kill us instead we go kill you i know say na clone buhari you be sha on a low but we go soon loud am istand with,2
lmao na k people just dey use dey play like this so this life na pot of beans oh,2
e be like say we go call karen to help us flogg our players like rashford and lingard so dem go sit up her slippers dey do wonders our ghanaian united fans una fit link us up,2
a lot is happening but my country case is worst oh corona pipeline explosion boko haram nepa wahala dey one side all dey can do is to celebrate the removal of naira from fuel ️ lord na who dey do us,2
i can relate make everyone dey hin corner,0
my tight guy just talk say me and am no fit be guys again say i no dey him level again,2
swipe boohooman tie dye ss tshirt‍️ price n̶ now n off color blue size m dm to order shakarashop online shop wen sabi you sef go dey do shakara warri nigeria,0
all this ones na grammar hunger dey the street work no dey corruption everywhere na revolution be the key,2
look wetin dey free about the promo dem be like mtn,2
man utd fit shock us today o,0
i honestly think should do more freestyle videos his vocals during the live gave me goosebumps huncho dey give us small freestyles na dey bless us with that voice abeg,0
i dont even know where to start from koz my parent love that show like and nah night them dey watch am so sometimes i used to be like why cant they show this thing at morning i dont even know how to express my selffeelings towards this show abeg i just dey type shit,0
you self no fit comot face ni,2
the issue is that when youre in love these quotes are always missing na when ur eye don clear u dey see them,2
okurrr na dem dey rush you im still waiting for my alert sha o,2
we never buy sef bank dey locked,2
mosquitoes on silent they will be flying around your head and you wont even know so much for just bite and go na that their noise dey pain me i no fit use am as excuse again mosquito don dey put themselves on silent if them wan enter flight mode oohh,2
na bcos i like you that why i fit answer you when im eating bread you gat a special place,0
which kain hubby be dis wey i get kwanu lawwwd goddissolve dis marriage abeg,2
wooo e be things the ones who want love meet the ones who just wanna pass time and vice versa they get heart broken and then the innocent hearts get the memo and become rambos infact super rambos the cycle continues like that sad,2
dollars na small thing na we go soon dey ball,0
buhari dis thing wey you dey do no good sha now wizkid dont even want to stay in this country no more,2
abeg where all these money dubblers come from na na so so mr flip cash or mrs flip cash dey follow me which kind nonsense be this na,2
you fine die you fine like ki lo de de you fine my mama dey jealous me you fine die come here,0
omo god dey create o my celebrity crush,0
it took me hrs to get to lagos from cape town ct to dubai to lagos this was the only reasonable oneway tix all of una ya know ya sef when me i become president im doing national carrier if you dont like it theres space in canada,0
if offside na goal higuin for don score or by now,2
abeg which kind phones una dey use snap pictures like this nah,0
na when team no good person dey pray for less worthy opponents i pray say make una meet barca or bayern,2
who dey cook this kind scenting stew on a sunday morning abeg im hungry oh na to carry plate go my neighbor door remain,2
he talk well about my favorite i just dey talk down wen he go come out so dat he go knw say ur favorite na witch,2
lmao na true na india she dey sef,0
omo to even run comot sef dey like herculean task what is this life,2
na people wey don chop belle full ị de put mouth for their matter,0
na soso quarrels full this street since wey dem slap somebody earlier on twitter,2
today na my babe birthday but na another guy dey escort her go the venue i go siddon watch my babe and her gym friend grand entrance we move,0
my dear the whole scenario of the wedding sef get as e be nobody knows how dey take jam na so so different version we hear kawai dai haduwan social media ne kuma abun har da kariya su ke ta wa juna anyway shebi everybody don hands off now namu sai dai kalo,2
these set of house mates sha wetin dey their head na how to come out of the house and become celebrities social media verification etc etc yeye,2
erica for your mouth ahhh well sha icons no dey negative we dey positive na to plan comot your teeth now for be next agenda,2
god bless you boss am so grateful my weekend don set lai dis,0
this one wey this corona guy don enter abuja laikdis person no even fit do shina again wetin man go do with all these konji báyìí,2
be like na cups of rice i go pour for pot oh how only me go take chop am finish na,2
na the joseph for bible wey them lie on top of his heard say he wan rape portiphers wife lie about someone no be fake news or that no qualify to be,2
bro the wahala wey you go put yourself so nawa o one rojo mumu don score o,2
lmao so na you wan marry abi after all that i did to you im not proud of you son,2
but its true na na learn i wan learn now,0
ogbeni don vex,0
yes nayou no see say na when em don chop serious beating nai strength from nowhere go cum kill kill dem,2
omo matter de ooo de count wizkid property they go count join omo just de vex ooo na d matter we de try settle,2
omo i don try finish this thread like three times now story too plenty abeg make una carry una breakfast go chop alone i no follow una do love,2
dat no go b problem if na u i de marry u will take care of the bills,0
abeg weti this boy dey look,1
so all of us wey don buy abaya like this wetin go happen on wednesday now omo this isnt the best time mr president,2
na wa for this season oh wetin dey happen,2
its the way whitemoney singing i see snake agwo for me dis guy don kolo with music,0
accent yen thick pa e dey vex me,2
i havent eaten today sef kai,2
for how much now cus na money i take buy data na haba baba,2
when they say parents train ur children u think were joking oya una dey see am real man like iykeand ebony esteem lady like tessyeziokwu god blessthe wombs that gave birth to this dignified coupleuna dey bust ourbrain with pure luv,0
ok na th be like say i don dey alryt small,2
abeg yoruba is a beautiful language and na curse dey sweet pass,2
na im make am dey lie so o,2
ah see aunty omo see aunty aunty wey dey write long aunty wey see turn off i hail you writer long i laugh in madagascarian way,0
dear don jazzy abeg na bless me too,2
wetin concern me with brezz mine is to see admire and leave thats all help girls wey dey dis app oo i saw one girl with a fallen heroes at first i thought the movie olympus has fallen was named after seeing her without bra,2
whats ur im a christian dats my main adeniny tho i gat sub adeninys much love for tha boss charlesokocha igwe pac lol make una tag am till e see am,0
and somebody will comman tell me this cee c is not mad like this her case be like lantern wey dey give others light but no dey see hinsef,2
i will suffocate you with kisses sef,0
e loud o the girl use me shine o,2
please make e dey fall there because if e try fall for my site i don lose money,2
unripe ones at that time sef,1
small sickness i don dey chop like thief o wrong na,2
oz dey give them ball and them dey throway am see wahala,2
suppose vex throw house party for e birthday,0
na die una dey findhope he is aware of the appointment ooobaba brain dey on autoformat mode,2
lmao uniben shopping complex na h guy some people dey cut h for my side i know someone that cuts h dey there,0
christmas haff rish and finish oh you know how those unexpected gatherings just happen eh on that day na and every body don chop belleful come from their haus come they wee na be asking,1
wetin lucy don nack for head again,2
one day me sef go buy bucket hat that shit is damm stylish,0
chai e take you time sha make sars matter finish na you go take me go out go chop make i recover,0
make i send u gps to k house na there e de happen,0
one morning for site one of the laborer came crying that egusi him dey cook as him turn back dem carry him pot of soup omo na like m wey pot where dem trash am,2
i dont believe dis coach again ooo we cant even win cardiff and u let herrera go for free solsjkær,2
please help us retweet and like our hustle our customers fit dey your timeline you too fit wan patronize za hustle,0
i sing occasionally i love music and i love to dance im a very picky eater i dont eat the things an average person would im a football enthusiast im a hugger but corona virus wont let me be great i absolutely love children ️ and animals esp dogs,2
you dey mind am thor way him hammer dey help am control the power if him vex everywhere don burst seconds,2
una dey find who una won castabeg hold una k,2
as a jobless youth hustling you will enter cab with employed dude wey de earn big and heshe will be waiting for you to pay for em abeg which economic system is that,0
its your response im just loving na you fit them for this twitteryou have it ready for them ️️ serve them hot hot,0
i subscribe gb una no go allow am last now again una dey use una network they test my patience atleast lemme enjoy the network now even if i wont enjoy my data,2
na dem dey rush us was written by inspired men of god even the bible confirmed it long before we were born,2
wow im not even team gold but im sooo happy for them like say na me win the money,0
na wa oh agbo jedi don come dey expensive,2
people never see one pot of food chop you have different dishes and you still they talk say you they watch your weight ogun kiiiii you dia,2
sis na wetin ‍️,1
some icons wailing under this post wetin dorathy do una with una billion fan base you guys are still insecure and toxic,2
tried of my cso wakes pass role cant wait to go home been one of the longest day in my life as person never make man no fit sidon look maya ikorodu,2
e nuh easy like that since yiu comot naija just dey cast on a daily,2
abeg o na my own share i go dey wait for o,0
na like this we go dey dey where is our joy and happiness nigeria lagos nigeria,2
happy birthday dear by the way in my heart there is a permanent place for you thats why my hear dey beat like dundunke dundunke ️great lyric and the depth is madwe don dey wait song since and you blessed our heart with this,0
all of una wey dey choir please dont come do show off,2
the fleet feature is sweet small sha e be like say jazz don dey catch me,0
i will dear dancing is in my family gene o i only need to activate it onwards i don make am dull all these while na e make,0
omo lagos heat don bad ooo i was in the bathroom for almost mins no light and water heater is not on but na hot water dey comot for shower i no bath again ooo,2
we don do the affidavit earlier i dont know how much that one cost na my bro run am,1
e be like say na military bank cos we bloody civilians them dey chance us o,2
na everyone wey wear am that day dey menstruate dem for wear sanitary pad too for thong i can fit it dem too should try it,2
im this life ehn kana naka allah na nashi im so stuck i dont know again sef ill just flow like a river lobatan,2
duduke duduke relationship goals dem go break ur heart at last ask me na dem dismantle my heart so stop making noise,2
the man fit later even die of hypertension when e sidown for room dey think this thing being a parent will push you until you leave your shell especially when you get pikin like us wey been no dey too hear word when we small,0
na we dey bassna dem dey high weed villa,2
e no dey go wellbut i need it to calm my nervesi dey boil this chelsea team no strong like that oooo,2
why dont you wanna stream my song if na because of my character no vex oya stream am because say i fine small today na link on my bio,1
i played straight from my heart for this taxify driver when the song finished he said abeg you fit play that your straight from my belle song again abeg i really feel that song,2
omo see gingerrrrr e be like sey na movie scene i dey watch,1
na e cousin you kw say e dey against obaseki so na obaseki camp nai play the guy,2
e go clear for him eye make him first give us iv and asoebi then we go lay tell am how e dey go,0
yeah find a way to blame men as always she definitely had a gun to her head be our picker or die na people like una dey blame devil for everything instead of taking fucking responsibility for your own actions,2
see ehn as una dey like the tweet just follow the handle wey post the tweet as well oo happy new year,0
no be say e be like e don actually increase my sister i dey outside rn,0
person wey look this country finish call am zoo no make mistake so una no see better roads and good life to copy from france na animal rearing how did we end up cursed with apc,2
baba nah confirmed insha allah ah no fit lie you,0
meanwhile i was being humanitarian over there na fine wife i go marry alfas self na fine ladies dem dey marry and theres no poster or billboard youd see a pastors wife looking ugly in brodashaggis voice taink you ️,0
i dey vex seriously faaa make dem start make we see sha or else na sunday igboho go take over their uniform last last,2
i been wan ask oo cause i dey sweat too much these days,2
ph people and christ embassythat year sef for ph na my church na so person tell us say them see vision of waec maths theory i keyed into the vision i no read again the result was not so nice,2
na kiss of affirmation be dis na love language,2
abeg make una dey shake their leg,0
but baby why did u now pick this my pretty picture naabi e don dey do u gishgish you no see any ugly oneoh sorryi dont have any,0
una dey kiss in front of trouble dey o,2
this is mee especially when am school i don know wetin i go chop the following week i love food food is bae,0
st frame guy im not having anybody over except we intimate cause na naked i go dey waka,0
why mama dey para she sef suppose dn leave street make she sempe,2
i dey with una na you vex me now you dey ask me to face my thursday football kilagbe you are not nice at all i want support my english team mate wey we dey same whats app group for league and you ruined everything,2
my dm spoil o i don dey try reach since make him help me fix am but dem nor invite me to dinner with am,2
they want to increase vat by to pay minimum wage you see that tradermoni wey una collect una go vomit am back oh my nigeria the rich gets richer the poor gets screwed,2
remember that kpalas wet i bin talk say ur music help me getomod girl say anytime i play appian way e dey always make am horny no jokesluckily for me appian way is always on repeat whenever she around,0
since i don de bayelsa i never see person like nengi where una de hide,2
you sef don quit church attending atink na wah to you o,2
nengi you be better pikini love thé wey u dey follow you nd néo to the bank abeg congratulations inadvance,0
sisssss e be things,2
we are starving in dis country pls epp us only d strong can survive dis pandemic try to understand peoples grievance anoda days the st days sef knws how it went fine u said we should stay home then u av to provide d needs for us we just dont want dis anymore,0
your papa dey crazebut thats not important rn una dey behave anyhow for this app,2
omo na who no last secs again like this dem just dey mud all these boys,2
my belle don dey big like own because of am o,0
na who dey alive dey work,0
i know im not the only one not watching this nigeria vs south africa match i bn dey watch am too oooo but lyt don go,0
man city dey vex o,2
dangote wetin dey sup,1
na wetin dem talk,1
seeee the thing no gree fine again and na so so emabinu ma i dey hear,2
wetin do my hands and legs wey i no go fit enter kitchen myself happy sashing ni lootolol,0
i have just been scammeddem sell okpa for me dem tell me say na moimoi i come reach house dey chop i think say na my tongue get fault,2
me i like my naija police the wey dem be oowetin i dey find go america sef‍️,2
the only time i get issues with una set na the ones for my hostel them mahosa and akon wey dey go divert hustle garri for apian way those guys be terror,2
bros i dey your back but na bolle and sauce i fit chop as we dey slaughter them with tweets,0
this guys small challenge una go de oppress us,2
na only moyo i see for my houseparty profile please me add me up where the party de happen im so bored,2
these people just dey enjoy for amawbia site mehn no wonder dem no wan make i show since ‍️ see better local kitchens chilled drinks n all,2
abi baba hand fit dey for the one wey die,2
omooo innocent dey vex this night sha see wetin maguire don cause,2
shut up jooor na people like una no go let person breath thats how some knuckle heads in customs decided to send innocent ladies to dead zone cos they made a video im so tired of the way people of your generation think its freaking annoying,2
wetin dey worry this one i dey find who go front for me join giveaway you dey match me bill,2
na wa ooh when this goo slow wan stop nw guy na lyk since when them born mi ooh kaiii wtf,2
im waay to tired leave this bed to watch the ja match we already losing sef so whats the point,2
stop lying abeg na only cane strokes dis guy dey dash,2
but the thing sef is set up boy will be on his own jeje you will just be missing him more,2
when nigeria go reach the level wey be say nepa go take light for days and them go give reasonable explanation fuel ️ too dey expensive to dey burn this kind time na kini gbogbo nonsense yi,2
i did not just lick my screen i chewed it but wait o na my fellow man with head n mouth dey eat this,0
e don dey set come small small day today,0
na pius them wan sell now see okoto,1
that heart melting allah bless you baby from your spouse please marry ohhhh e get why,0
this guy u dey burst person brain if you commot from obo clan e go be like vice president osinbanjo wen waka leave president buhari for aso rock go join pdp to win election,0
but honestly the hype on this virus is too much more than the virus itself but guess what im a nigerian im safe i survived ebola i survived lassar ill survive corona too the same speed wey e use come na im e go use go no world is ending,0
wetin i do,1
yes thats the problem even when ole was appointed e had a run of about games before injury and be performed well a fit jones is better that a fit bailly,0
you see wetin dey my handshort sleeve,1
no dey use this thing joke na im sad here guy,2
correct i don rest na to join the insane world remain now youre an agitator of feminism and i like the way you were calm and dishing out stuffs through out the whole discussion some other people for don call my late mum names i admire that weldone,0
so na brokenness de bring feminism,2
guy no dey bring this kind things come my timeline na,2
cream and cabbage on street of lagos dem dey call m shawarma,2
ok there was no twitter then abi make una rest this guy don broke and he need small thing dem nor dey use shame chop poison if u didnt like the contract den u shouldnt be on that table and u dey come sign contract without your lawyer yeye dey smell,2
e be like dem don suspend twitter for instagram o,0
broke guy like us we no dey beg for mcm bcus our girlfriend gan no dey use us and if she does nah only us dey see ham kila wan baka ‍️,2
lmaooooo make e no be like say him no talk,2
make una warn una self for that una abroad o enjoy your welfare package and leave us alone o,2
why autocorrect dey do like this na i wan write age with grace to dis new babe autocorrect put age with gravey na,2
nah dem clout all of una dey chase male female alike,2
dammy we dey raining season o find stone put for pocket maka breeze fit carry you,2
e be like say you dey read this english with french understanding o are you among the majority you that mentioned her in a general term do you see me saying you dragging anything must every convo on twitter lead to a drag uncle breathe this life na jeje,2
who dey vex you,2
exam dey by and hin be like say storage don full book no fit enter my head right now wetin sup michael my brain dey project a different image for my head and i no fit stop am cause the image still dey pop up weather na bastard abeg,2
i hate when i wake up and i dont see that special message m that special one,2
we go run am e don wey i kuku go village sef,0
pending the time im away from my tv enjoying chief kim a korean dramai cant help laughing abeg i dey come oo,0
the choir was singing ‍️ na why no get required points for ielts,2
you guys are next na beg i dey beg ooo make una nor near my area oooo because light we nor dey see use,2
im not new here o buh you guys have been ignoring me a lot you guys should follow me and like my tweet too na e no good o,2
omo which kin belle way don dey show like this na na old age abi wetin i used to have packs,2
straight win psg dem don gimme cash out oh na to cash out now,2
dey beat me hen ‍️ i go back and beat d gel again then i look out for better shine cutlass and sit in front of my class wit my goons then d man ordered d prefects to go and carry me or tie me dey all knows me well,2
i just dey argue about the hxh ish i no like dubem e dey slander my black clover,2
see bah asides good health financial security is everything ive written down my list for panic buyingstock up with several adjustments to fit in with money in my account but its not just adding up oluwa wetin dey coronate,2
so im chilling in this bar sipping my energy drink and watching ashey somebody dun mess one wicked mess as score i say make i shout goal na so i swallow mess now my belle dun dey run me why do bad things happen to good people,0
na mata wey don expire about a year back naem dem carry based on normal level sakpa don dey worry dem for mata wey nor concern the other of us me trying to be a smart dude con dey won hide my nokia na so one halla you think say we be thief,2
na to name my daughter wey dey road faustina instead of kasiemobi,0
my god see wetin klopp dey assemble still wan loan dembele from barca join again who cursed man utd na abeg we are sorry,2
all dese govt workers go dey dress like skreps even their youthsif dey come see person wey dey manage wear better cloth like this na beef u will see a young girl looking wetin i no go see for ds house of assembly abeg nobody fit kill my shine,2
lmaowhy re u like this na u wey don chop life finish for ur area,0
e don happen‍️‍️‍️ person wey get jamb exam by am today sars just release am sars don jam am,2
i dey tell you thats how we are one family,0
but sef the green light dey be like amber for my side e no clear well,2
see how dem dey use utd play you go think say city na prime barcelona,2
abeg make una do giveaway now na my house rent never complete oh,0
i said that today when one guy said man u is going to loose out of their fixtures i wan die for laugh one man u fan said they will sack ole before then i say e no go happen trust the process baba wan swear for me,2
condom and shaving stick don finish for the country like this o if you manage see them go tell you say packet of condom na k while shaving stick na naira,2
ur not helping sir dey don score dem at least i got dt one right,2
zlatan dey sing bolanle as if na worship song,0
e don happen i don tell am motto don jam am,2
on top light wey u dey pay fornepa pple don enslave us finish,2
ehn ok na like dis all star make we leave am like dat for,0
im not regular at this but and no need to compare you guys because good is understatement fabulous is the word the only comparison is between you guys and those mumu haters that cant boost of anything make una dey give us good vibes,0
shey na wetin guys de write uppandan,2
i think say na only me reason m na mumu dey worry m,2
pity this guy small na e never celebrate goal since thy kingdom come wetin e do una,0
this my room sef chai what a mess,2
e say e wan cast me,2
this geh don go chew my guy preeq on top small bj niqqur said ishi amu nacha ya oku and i loveeeet e remain to experience e own,0
na god save you na urgent k make me dey call remain small i for think say you don blacklist me,0
you are all bastard beat graduating student for lasu shey na ogun state that one dey oou tasued funnab and other institutions dey ogun o eyin were won yi,2
e chooke all these girls saying please dont call my name in tahajjud are so funny wlh nobody dey call you for tahajjud abeg rest why i go dey call your name ‍️ when i fit pray for mansions in dubai gwagon brabus rolls royce and mc laren ‍️,2
me wey don dey the hangout already ti won ba so mi mole lojo yen ma ja,0
twitter brethren how is your evening going to pan out i just wanted to peep oooo how una de,0
i hear say dem ban watsapp and fb for one state in dis naija abi na illiteracy or democracy,2
omoge give me palm wine e get as e dey do me discover mighty wine by wizkid on deezer,0
una don dey claim class on top app of mb say na they dont have access to it poverty don finish this country walai,2
now this one una go for get mouth una no hear say dey kidnapped people children for kaduna state abi deaf ni or una know say dss kill people for enugu na wa for this next level pipolo,2
everywhere don de red,2
im nat like dat i no u jst kidding wit doz tweets so its nothing be cool,0
where all of them dey follow the man dey run dey go,2
wait ooo does it means that don scam me true true still my k the their betting app ah for this today nigeria wey hard like this chai who send me sportybet well don shebi na me,2
if una like make una dey fight over banter my beans must not burn,2
na shop dem don open for your head like this,2
e no matter its his intentions that matters,0
mumsy ehn e go just make person vex how will you get to airport then remember you forgot your passport at home make i no too talk sha me sef go old,0
wetin be suv na poku lowo bi dis ohbend down selecte popular for nigeria baje baje,2
baba don chop mama mboti beans till e no fit forget her,0
oya won lenu ni sir if rangers catch them for that playoffs dem go chop cane again na nairobi straight,0
theres nothing we do that makes sense i don tire mood till further notice,2
the bible does not lie every virtuous man deserves a proverbs woman oya saints come buy wetin i dey sell o im diligent in my work o i want to stand before kings proverbs,0
heart wey don break like times the seasonings dey heal am,2
i hear say na lasu old student write dat speech for cbn governor,1
yess me im dancing now sef and you too yoma,0
as big as this country is nobody dey repair earpiece,2
is it wizkids song or drakes song u fucking dweeb if na like dat mr eazi get grammy nominationso if dem feature u song u don turn coowner guy goan sitdown,2
i don dey beg him no gree hear just help me beg him its just d type of his dog i want,2
broda he just he like say make person go meet baba say make him do level for person make you con dey make mouth for street not knowing say some people way no talk way just dey look you get wetting them fit do you so tay the person no go fit carry one hand self,2
i can do another sef but let me chill meanwhile see who is saying god when,0
twitter come to my rescue ooo im in severe pain rn see wetyn my blood brother dey do me same mama o money wey i wan use buy light,2
baba abeg do small giveaway na abeg your boy broke abeg work no dey and i dey survive on daily incomes i dey plan sell my phone sef help a brother,2
another gbedu wey dey burst brain from my real nigga afrobeast drooping soon cnt wait for dis ring road benin city,0
story u wey don chook spoon for the pot,2
wetin happen na wetin itua do you wey you just carry am go like that bring my bro back please,2
no mind them na so dem go beat dem for playoff too,2
i don leave love for una wen sabi,2
hold that thought men that will bring home girl wey spend night for him house only for them to stop in front of her apartment and be gisting inside car for hrs wetin dem do last nite dem no talk then,2
i don see this one na hin face for that nd frame i wan see,0
ion go lie i don ditch the food it sha happened once fr was out with my hommie and the lady he came with as i dey order chicken and barca dey beat manutd madam drop am na the lady carry chicken go house my guy carry me go house,2
the st time this bastardplayed game with me hin act like person wey no sabime don dey smile say i see bolohe even had gut to ask if x is for pass game started and nigga thrashed me around mins,2
i go be your super woman oh you go carry me go the alter oh money dey or money dey i go still dey for you,0
nah why dem say dog wey dey lost no dey hear em master whistle dem come still say fly wey no dey hear word go follow dead body enter graves,2
njr na fine boy nao so na dem dey rush him,2
guy i no know why my stupa d team no dey look him angle na people like grealish dem dey look,1
and no be say im sef no make am o imagine say e no get money at all,2
is he the king of saudi arabia if he is given a happy welcome una go still tweet say he go dey collect hailings for yonda baba still do am lowkey una dey vex make una let this man breathe abeg,2
y diz ballon dor guyz get r wise na may dem kome give lewandowski him ballon dor award abeg dem too sabi cheat abeg,2
i won tell u somthing no tell anybody this thing i won tell u oo this money i mean this dollars u dy see so na my ownna me get am but i no won show my face but i go use am snap next monthno tell anybody ooo u be my tight friend na e make i just tell u this secrets,2
na ik dem dey run street like this bust my head,2
lmao dem don dey run leave us oh,2
loooooooool rotfl its dis kain lie dat killed ananias and sapphira im not kissing till i marry,2
khloe and bitto go sha fit abeg make person come carry em family comot here ooo,0
una go chase us comot o common tail na k,2
i dey chop all of them all,1
nah why we dey switch up to pidgin or yoruba tori kpe mi o le kpa ra mi,1
come why dem nor dey fit dey retweet your messages body dey catch you,2
a time to be alive followed me back then the oga not only followed back but i heard his voice see ehn e get as body dey do me thank you so much for call oga you pa don dey get level oh thank you,0
ncdc sup with update na e don be carryover oh,2
lol hope say na you give chiamaka hand in marriage to the husband o,0
mission accomplished ️ we don dey look una since,0
u dey craze i dey here dey represent you,2
biko how do people get suspended and locked out of their accounts on this app wetin gass occur make i know how i take dey waka here,2
kpakam my boss is a very good man wen he buy a new tv he gives me the old one wen he buys a new phone he gives me the old one wen he buy a new shoes he gives me the old one,0
where una dey see this love make una remain small dash me na,2
na lekpa like me de scatter de place,0
i sabi say e pain you na i know say you no like scholes till date,2
nor be una dey find proof,1
person wen supposed to dey catch thief nahim dem catch thief,2
una dey try with this una increment to scare people,2
this is me going on my own oo and this truck driver is shouting auntie na you get this bumbum ahh na you get this thing like this so and im not even seeing the bumbum hes talking about,2
my personal person wetin dey play oya plenary section don start oo asaba gra,0
the thing just dey increase from naira to if e no reach m i no dey commot am,2
where una dey find all this gist,1
man no dey ever use hin credit call me again na xoxo whatsapp every time,2
should i tell u d truth erica nd ozo fit den nengi nd kidd but sha i like dat naughty kidd for my erica too but both of dem re hot,0
now wey i need your help you nor help me the time wey you go wan come help me i nor go want your help that time so you go get out by then,2
gov wike dey clear anybody doubt for ph just what we need in lagos,0
omo na only god know wetin this woman put for his chocolate pancake love just dey worry me since,0
someone has been coughing here since two weeks oooo i don dey fear,2
even me if na me buy am go dey impressed,0
and una say una plan nobi to dey collect person babe like this with benz for abuja hiking,2
person wey say he no go leave us go chevron sef forgerrit the bobo we were served was legendary,2
obidi i wan recreate,0
dem born am e no fit no level,2
am i the only pcm posted to kwara from edo state dis one im not seeing a travelling partner e get as e b oh,2
but wait fes ferdi y u bn wan swallow chloroquine sef,0
burna boy whhhhhy whyyyy i just dey sitdown dey respect my sef dey listen to music for mayroad ooo all of a sudden gbona started playing i didnt know when i started dancing oo till the finish i had to tell pipo around dat village pipo are doing me,0
this overnight knacks pack topic dey remind me of bb of years ago lmao e get babe wey threaten soak my guy shirt and jean inside water make e no run,2
which kind wahala b dis,2
see mumu wey wan torment pere how exactly does she intend doing that,2
na love dey sweet you dey go so aunty chai we go love o,2
ha bros fear god small now see as you finish dembele pesin wey see you go think say you no dey talk but the words of your mouth are nothing but a timed bomb waiting to explode,2
see ur messi like tif wey dem wan catch roast,2
if you de with me e go sure for me let every other name fade away ft,0
really send chills down my spinedem no dey finish,2
na me fuck up one girl was taking it na im i say what a woman can do a man can do better i didnt remember i was still a boy,2
corruption don jam corruption our country is a joke,2
why una dey take this thing seriously i was only joking na,0
i don move from okhoro like years now but na there we still dey run d matter wella na there dem know uswe go still represent normally by the grace of god on september th,0
she say i de under the influence of high weed na aik start this whole thing i de wait for am for ojota,2
people wey dey lead us dey forge certificates up and dan abeg who certificate help gimme the money,2
i wan believe say this thing na joke make e no be real oo coal camp enugu,2
lol ah who dey reject you dem dey craze,2
wait oo make e no be say this gl dey one corner dey carry us catch better cruise with him bf oo,2
all of dem dey dia dey shout my guy yousef just dey groove dey chill with different babes like dis,0
wey don sleep,1
akwuzu own is abandoned destroyed windows shattered getting bushy i no even wan talk bout una town own not in use be like say na church people dey rent am,2
you never see anything the yeye zenith bank upon say money no dey dem still dey remove sms charges my minus fit buy happy hour,2
its a few days to months of our union and e dey sweet me for belle say i gree for you a glimpse of court trad and white port harcourt,0
tomorrow but you no fit celebrate because you dey your papa house,2
i disagree o exactly what i said days ago in a table tennis game at a pastor friends home and pastor with his friends played me like pro dem no even allowed me enjoy d game at all pst called me yesta morning to ask wen im coming i said very soon but i no gree show,2
make una cut amaka my babe some slack na them no dey disappoint again buh that leg work na fire,0
unbeatable starworld thanks for the patronage honey bunch my abuja pepper dem hang owambe ladies where una dey o,0
why normal human being go dey chop egusi,2
all my friends don get peaches for georgiae con be like sey na only me no serious with my life,2
stop eet na so una shout detty detty detty last year turn horror movie lets just enjoy this december in peace and look forward to a better recession dey already sef,2
which one is behind again loool who dis prity boy sweetie do u ave a behind to go wit dat face,0
na one unfortunate person e go b na wetin u expect,2
the man wey sabithe man wey dey aware the man wey know road atiku in kastina stateyou cant beat it,0
you need a house help please hire me i don tire to de do nothing i wan work i go do am,2
no be my mates de fly girls to dubai oo na my papa mates and y y boys oo the way my job is set up,2
and that thing wey do ur chwest how e take affect mi,2
if na wizkid sing this song una go dey hail am abeg free my guy,0
abeg make una use that vex beat chelsea tomorrow,0
florence abeg e don reach,0
im fucking pissed yal think so much of that lady e don enter her head can never be my fav,2
abeg na even around pm life dey sweet outside,0
e too dey scenti nor dey like am,2
na so i dey do una for national back in the days na get agidi like this and i dey always embarrass am like this,2
nah highlights goals dey make me dey shout like madman now ma neighbors don dey look me somehow,2
the only reason why man utd dey champions league na bruno + pogba combo post lockdown mason greenwood form rashford + martial also this season as bad as pogba be e play key role for our wins vs rb leipzig newcastle and psg so calm down ️,0
see ehhhh from everything ive watched in bbn so far this year own no follow which kind yeye rainbow deco be dis na saiiii make i no even talk about that diary room deco dem suppose sue who do this year interior deco,2
the tears in the quoted replies and comments is making me happy arteta has his hands on the necks of so many people e dey press this thing weekly and most of them no dey breath well again,0
na pipo wey no like me na,2
just a reminder sabi this work mehnnnnnnnn how human being go just good like this wetn be all these pls give us another mix na abeg na okay give only me abeg na,0
onions be testing my grocery shopping skills because what in the is this st frame is ooó nd frame is worth because a bag is wahala for who no dey chop food without onions what is the cost of onions in your area saturday is shopoclock,2
go tell people wey nor know you brosif you nor belleful na cos you nor wan belleful,0
abeg come and buy na i sell laptops and phones iphone and samsung only i sell all brandskind of laptop abeg patronize me im registered cac,2
i be that kind guy wey go get car buh na person go dey drive me around that shit car fear me die,2
akamu pain you akamu still get taste na he be like pikin shit you no say pikin shit no get strength to pack sef na wahala,2
cuppy abeg talk to your daddy let him talk to kronke sons una rich people connect abeg let them sack emery,2
me dat i like the person asking me continuously before i talk nko,0
na only grammar all of una sabi speak,2
cnn this lady has no chill she just dey attack baba like say hin dey apply for visa,2
i dont only play piano i play guitar too i sing im a performing artist im a song writer im unsigned im scared of ending up locally but im proud of what of doing it will take me globally someday i wish its soon,2
wait fess na like this the idiot dey waka wey he take dey fuck all the yoruba actresses i dey shame for all this girls they can even fuck madman because of money tuehhh,2
na oyibo language be that dem sack drive arm commot there,2
i know if i try to hug or peck my mum ill definitely chop hot slap as a typical katsina hausa woman but i still miss her and i just want to hug her seriously rip mother yaa allah ka bani mata na gari that ill be hugging in moments like this without being slapped,2
good evening everyborry lasisi is hia again soum just happin rhy na soum pipo on twitter would just be posting delicious food and me im here am very very hungry im hungry ooo,2
brooo if you go lagos market e go be like say make you faint them don dey sell nose guard so you no go dey smell the trash cleaner lagos na scam,2
lol person wey get belle wetin him go born before cow,2
fg e be like say ona no won get brain abi ona go just wake up one day dey give one mad notification,2
recommended o kai the comments under this tweet is proof that some nigerians dont verify anything before they put it out there im just seeing congratulations when trump is not accepting it then again why cos shes from nigeria go figure the rest una dey see,2
if the thing pain una make una begin dey win match and stop embarrassing me as a fani have no bragging rights among my friends anymore as an arsenal fanit hurts us as well,2
lmao dem dey give una money ahhnnn una dey flex oh,0
somebody please help na wetin all this people living in lekki dey do for their house,2
na person wey look face dey see gorgeous eyes,0
nigerian men really need to be more romantic ffss wetin be this ‍️,2
im in tears guys see how my customer is rocking her bag she made me so happy with this picture e choke abi e no choke lagos nigeria,2
me sars just dey carry people anyhow we need to dey careful my friend luda u nor suppose fear na u nor fresh dem nor go carry u me,2
how are they not laughing cos this skit don too cast na,0
you think its easy to have plenty ig followers at im o and i no get reach k followers tacha don achieve abeg na she achieve pass for the house i stan titans,0
na only for nigeria snake dey swallow money python begin dance now crocodile don dey smile abi the country na zoo god save nigeria from this evil government this is fucking at,2
person wey u like no like you person wey u no like like you this life e be things,0
u min say leicester don score dat mins my ticket don dey enter small small,0
na pop your molly smoke your igbothe country get as e deh go,2
please ooo i am not hurt i am just reacting to a tweet i saw about soft men even saw people who have dished pain to the softest men i know waggling their tail there na wetin vex me i am good my women dey try ️,0
lmfaoooooooo same boo i don unstan her cos katikati e ti poju,2
wey my preeq dey here dey waste life is not fair,2
na so dey wan send our dear prince to kirikiri,2
na so una dey do when una enter house una go cold,2
aaaah wetin na na help i wan help ooo,0
na we dey hustle but na god dey run am,0
still on the matter wait oh are there no mummies on our page again haba wetin happen sef why have you chosen not to buy this beautiful curtain for your child na please oh,2
person wey warakpa dey worry,2
bro i no get club again i don resign stupid club no fit kill me abeg win trophy you no win sign players you no sign win me k you no win i don taya,2
garri no believe say e fit rise na water ginger am surround yourself with positive people,0
na beverly dey fool herself na beverly osu and i will never be angelo reopens old wounds,2
im really sorry im used to keeping to myself and my guys shey u even rejected my j when i gave you last last sha na me fuck up sorry,2
i take god beg my lagos pple once una don empty dat warehouserelieve materials for covid light up d warehouse i hate nonsense man is not kind to mankind wier is the love,2
i just enjoy seeing people winning so bad e dey be like say na me the good things dey happen to,0
simi you don chop block ehen please abeg when are we going out biko,2
guess them don chop ope finish oo,2
i dey on top water as i dey like dis i dey fear,2
viper abeg just day do video instead of writing cus i just wan day see you talk abeg,0
i wan comot teeth,1
i hit my mouth on a door now my lip is swolen what is wrong with me sef ‍️ talking about being clumsy ‍️ im tired of me mehn,2
handsome cant be used anyhow o e get e meaning,0
funny i dont even know her bro yesterday was the first time i saw her picture she is not fam na her husband me and her run matter sef,1
bros your own better ooo my bank de charge me like say na them help me keep the money for there using other bank na them de collect from me and to use online banking na killing them de do me for there transactions go or e no go na them de collect,2
guy i no even fit watch the match cause na we dey hold ball na them dey score‍️so na europa like this,2
see de voice na,1
see ehhhn fr edeh wont listen to any of these that man dey do wetin dey hin mind,2
as in eerrrrr dem dey rule dey carry us go backwards,2
salary wey dey finish before e enter ‍️,2
arsenal una dey see una mate see liverpool rush manchester city with fast goallike say them promise extra sunday rice with chicken inside ‍️,0
lmao una dey ment for this app tbh una no sabi hide mouth,2
e dey sweet soul abeg,0
so my nigga went through his babe phone and saw where she was texting another guy about how she enjoyed the sex in the shower he was like why dont you do same thing with me she said inside your bathroom wey we dey bend down fetch water im still crying bruh,2
ok please its a joke o dont send account number or ask how cause me sef no know anything i never see k before sef where i wan see million,1
talk na be dis if u wan say until vengar grow white bears dats at years b arsenal go win trophy,2
lmfaooo guy do take another break if na soi be good person and god nor dey ever loseguard mesteady blast package nai e dey gimme,0
people wey dey settle matter don go sleep as e be like this matter dey ground to settle but nobody dey to call,2
todays twit is from a personal experience thief hey your money or your life me oga abeg fine me naira make i buy water abeg thief omo u think say na joke we they for here abi me oga no vex i need drink water abeg i they expect money soon i go find u something,2
lmao i swear e be like person wey dey argue with google,0
everybody drink more water drink more water now belle don swell,2
bosse pain them girlcott in da mudd,0
grammy award winning artists no do pass wetin dem dey do yall will realise in due time,0
i don shoot my shot na you be the reward na me win your heart oh i go claim all your love i go claim all your oh i will definitely sing this to the loml very soon,0
normal guys stuff sha una sabi how many times una dey argue for osogbo that time even on top small wot,0
go na siddon look i dey na bera dey your side,0
una do dis una turn dy cum,2
na small be this wey don ready for them i love this,0
na you first shout like say the igbo song call your name na you first jump ontop stage na you first bend down please sir i cant stop what i didnt start,0
peer pressure wahala you never chop well you dey buy dog now na you and your dog dey share one indomie super pack,2
people wey dey see correct knacks no dey tweet about am,2
submitted this today feels like a heavy weight has been lifted off my chest i don comot hand for anything wey concern school,0
the thing dey funny you go get senior sister for house you go dey play when dem never sweep floor dem born you well say you never wash plate you dey watch tv who dey wash cars who dey clear compound for those wey not get tap who dey go fetch water,2
wait how u dey watch am u dey stream am,1
jesus taught i had sef,2
lmao oya no vex you sef kuku know say na packaging,2
if that girl swear for u dem no de fit return am o why niggaz de fuck up,2
no b me dey do na na support i dey support oh,0
boboi wetin u dey do no good u dey share money for peoplecom dey side line me o need gbogbo eleyi now,0
hello na she be this na sha wan spoil the trend,2
you know say i don dey beg you since to come you dey use me catch trips,2
how na arent you beautiful,0
oya send the thing now another story enter cant remember sha but e sha need me to send another money the things don hang for road transporting the things do one thing one thing blah blah blah i sent another k card‍ worst part be say then i no dey load pass,2
runtown na igbo guy nwanne i na mu amu,1
like if i knew the reason for the fight sef e for betterall i see is adults acting like kidsthrowing insults around like its the right thing to doit pains me too but what can we dowe can only read and waka pass,2
i won talk say e don tey wey i see this guys tweet make i ask if hes okay alaye don block me sha,2
yes na e don tey you need am,0
i been wan call police for am that time na person wey dey pick call next day,2
water no dey last again for compound are these people bathing every second wash your hands don turn wahala for my compound oooo how do i wash this chicken now,2
this whole gist don sour don spoil don bitter please stop,2
hahaha see naw make we carry our wahala leave dis guy mentions abeg naw none of us go win credit talk less of sharing,2
the same fg that cant secure the lives of its citizens its very funny to think that fg of nigeria has a say in world affairs abeg before una use una reggae spoil okonjoiweala blues she might be disqualified for this statement make una dey una dey o,2
im being sincere so i can dance well when i hear kai ekeleke pekele pekeleke its don jazzy mavins don come back again oh and not be hiding from camera,2
na we dey rush our phone,1
omo e just be like say man dem dey konji prison,2
wetin de ballet,1
sneakers don cost well well for market no thanks to all girls na when una begin wear am the thing cost,2
e don tey wey mosquitoes bite me like this and the night is still long and full of terrors,2
them dey avoid these places during the day sef,2
this naija sha the country no dey work yet you go speak english give some people dem go dey stress your already stressed life,2
lmao na people in relationships dey get sense pass and em no dey too worry,0
na run you wan run i don report you already,2
goodmorning my beautiful people of god take a minute to thank god for the gift of life na who dey alive dey hustle o stay blessed,0
and dem never comot his head buh na pm i dey waka jejely to my house oh nigerian army patrol team arrest me comot my clothes every damn pin i had on me were placed right in my front like how dey treat armed robbers the beating i collect that night hay god,2
saudi arabia is in trouble nigbayen shia ti take over this power politics in the middle east is sweet but the way it has displaced and killed many is sad now europeamerica no won open border for refugees yet na dem dey supply saudi iran weapons crazy word mehn,2
lmao dont kill me abeg e say na tech,2
person wey tell me say love na scam don pick date for introduction ‍️ this life ehehe no follow people mouth,2
no single happy independence for all the status for my contact list wahala be like nigeria wey him people nor wan celebrate again,2
egungun becareful na express you dey go awon family e da davido is not in your class stop looking for cheap attention,0
i literally feel sick to my tummy and i dont even feel like doing anything today but im on the street oof lagos hustlingif tomorrow i buy a housecar and any fool come out to say na runs she dey do na just know that god will punish you na dog go chop ur mouth,2
naija no fit give us k naira so far you have bvn youre rich,2
closed mouth is a closed destiny o my dear talk true o you fit see your future husband for here o me i kuku wan chop rice,2
small out of context una don enter relationship context,2
lmafoooooooooooooooooooooo id rather forfeit the airtime than use my money call customer care dem sef na worse your airtime go dey go and idiots go dey sing nonsense songs dey chop your airtime before an agent go pick,2
so like this na person wey get money dey add weight,2
them ask usto drop these two courses say na elective and carry that say na hin be de core now dem dash us those courses wey we no carry and come talk say na them be core again fgs if not abu where,2
in my area my mama say we don stop dey chop meat for house,2
na dem dey rush us rosework,0
she go touch lión tailtrust me e no good to find dis guys trouble we dey cool dem down dey are well informed na my ppl dem no dey tire aunty no important na wetin dey vex them,2
i dey hear una scores una do well oh,0
four years don waka thank you lord journalist di egwu,0
italy wetin dey italiate,1
the amount wey betking and sporty don chop for my hand i still nvr win one game like this since this year,2
this is a huge lie they are busy doing stop and search abeg make una no dey give us lamba,2
you wey dey find the pitty tell odogwu say we like to party obo abeg locate me oh i no go give up,0
co askmy belle don begin shame meme im not even gaining weight but ikun yi noni‍️,2
god help u if ure pregnant they be like when u dey fuck e dey sweet u,2
nepa wetin dey happen na i hear say na since morning una off am oo bedc,2
you no dey engage like before again e dey anger me,2
its icons not minding their business for me i hope they wont drag laycon into this nonsense now ‍ while we are here celebrating youre going to step on a sleeping dogs tail i don tire for una sef ‍,2
im gaining weight aswear na mosquitoes dey suck am back,2
those of una wey don experience dragging for this app how e feel because e be like say my own don dey load based on my last tweet,2
lets pray for our ladies who goes for dates with random men cos of nice food and drinks they are correct oshofree girls and na them de suffer pass for men hand na this kind girls men they always like na cos as the girl came to chop food the guy also came to chop her,2
go imsu junction as you dey buy food look closely you go see babes wey want same thing as you enjoy ps no go dey form gentleman go straight to the point,0
i love how goofy fun and playful their relationship is wizkid is happy tiwa is happy future loml let us be happy like this forever anybody wey dey carry block for their matter dey on their own,0
lmao na so dem dey talk,1
make una do giveaway with some looted funds na,2
i nor blame u sha na twitter people wey hype u na make u dey yarn dis durst,2
na you act sleep na season to lol go sleep night don come,1
make me sef still experience am,0
mackson wan invite boys come drink gordons for him house i no dey interested bros i dey okay with my lacasera for house,0
lol calm down na unna own dey worry pass oh omo if unna start person no dey rest,2
hakarat don come again with another ogbonge league party come and chill play and chop money as you dey play snooker for our lounge,0
dem evict am e still dey do i love you tueh god forbid,2
lol brother get hope na you wan spoil e show,0
i was telling dem not to go to germany but they didnt listen to me now look at how they have beaten them like thief wey dey catch for computer village,1
my love for omashola the guy dey real,0
guys in bbnaija dont know messi is in psg and ronaldo is in manu dem fit craze if dem hear am,2
na people like prince back then for boarding school go hide their kelloggs for cupboard follow you dey soak your cabin biscuit dey go,2
quite obvious now na only bet e sabi,2
working on a private road project in this town right now for an indigene and the villagers are here screaming elections don reach una wan buy our votes we go beat una if by next week una no do this road lmafoooooooooooooooooooooo ignorance eh ‍️,2
oh wow me wey dey look out for you na me fuck up please give sọpe back the account,2
this song still gives me chills i swearrr especially if you are now in love again is a fucking talent for daysssssss na wetin go make man dey crazeeeee,0
so efcc for benin don dey enter church go to find boys,2
he wan beg for money na so e dey start,2
on top this valetine na so my guy propose yesterday ooo love is sweet which way now i dey propose next week ooo i don leave una geng,0
pills don dey market to do am since,1
the way haruna insults me last night i aion fit wake am again,2
i dey complain say funds no dey you go root this post out how helper wan help me like this,2
oh abegi dey should dey dia dey,0
omo all man with hin own wahala beat like thieves points behind shey shame no dey taya una,2
the hate for this industry too plenty we gat look for land put am we no fit live for same land with haters,2
small beard wey i manage grow barber don commot am na wa,2
na part of his honeymoon if na you nko he needs all the strength or spirit to fire tonight e easy to marry,0
this gidan kwano niger state e just de so dry crayfish get hope,2
dem de ment they wanna give you bad energy say no to that apply more nenergy,2
na this welcome back process dey pain me pass for this phone wey i lose,2
i never chop belle full na,2
like say davido know say something like this go happen for this country protesters dey use dis fem song dey catch madd cruise before governor or commissioner talk boys don play fem,2
i had in jamb and or in post jamb walai god will punish unilorin they denied me admission i had to collect kamu and go to poly poly wey everything na gragra years and your result is shit dem go dey price you k thank god for tech,0
make una dey invite me go wedding na i have not been to one this year help me get familiar with native dress na,0
even all the celebrities join dey do agbaya dem no fit leave the thing for upcoming like us,2
no wahala na,0
thats a simple onethe answer is davido burna na my gee butobo lifestyle dey bursty head,0
im going to find you im going to see you and im going to have you,0
which kain boss how i go see k chop today like this shey space still dey for your site,1
check the guy out na boss e don dey shout dm sinxe,2
yes i amso single pikin wey fine like thissuppose dey with me,0
you de tell me make i buy land for country wey i no even wan de,2
na so e dey oo please that last line dị valid,0
pls broda na food money i dey fine oooo ps no be food ooooo pls help me now pls,0
its this client calling to come to his house that dem don cancel sit at home dey funny me you sidon for your house with your family with security personnel and want me to go collect beating,2
am not even sure of what will kill someone again corona dey outside hunger dey inside konji dey inside inside‍,2
guy is not cool atall e no even sabi lie sef after how many weeks after he done even beg he won con dey give us lamba,2
id rather starve than to eat rice one more time again waiz this na shey na crime i do to come visit una haba,2
be like say na fruit dey do am now will someone make me her apple or plantain even agbalumo sef abi wozaldix,0
just a night sleeping without pillows my neck is stiff i cant even turn it e be like say e don break you people that sleep and wake up comfortably without pillows how do you do it,2
e be like say you don drink something were dey make you see things,2
no jersey my brother the way una dey ask for jersey e be like say una want make dem run out of business later in the year who knows lets keep fingers crossed i went there for danielle de rossi and i am so glad it was powerful no worry ac milan go make top,0
when sarz said thats cute and then played a mad jam i felt bad for shizzi e call person hard work cute,2
pediatrics wardround consultant madam this ur pikin don get measles before mother na only once e don convulse consultant,2
sings any pit wey dem dig for me i jump am pass,0
abeg incase una see masquerade wey dey over dance na me oooo i dey hustle my transport back to abuja,0
temi bami the ac for inside this car don increase cold don dey catch me,2
bros o na person wey dey come from uk go help me but no money o about £ no be beans o even tom ford wont accept me back maybe i should start using hausa perfume,2
maybe na you dey feel say una dey competition ‍️,2
just realized its like days to my babys girl birthday im still excited like its my own even though this time around shes far n i feel helpless that i cant plan but yaaaaa im excited me i don start countdown,0
normal people for this country na depression dem dey fight,2
you are all that i want girl more precious to me than diamonds and pearls just like a star you light up my world the way i feel inside e always on my mind e e and i cant get over you girl cos you got me so confused you got me in the mood and you make me feel brand new,2
its new month o lord give me the lightmake i dey shinegive me the grace make i dey flyshower your blessing make i dey smile give me this money make i dey fine osapa london,0
this guy no dey hear cut cut cut the babe sef dey enjoy am gan freaky freaky,0
e don me like say i wan manyaaaaaa oooo,2
i nor dey beg am i dey tell ame nor fit oppose sef,2
lmaoi no know say no be by to first come school say you dey carry your seat comena so i siddon for person seat for the front seat,0
lmao na una way na trust me i wont be surprised,2
when i build my rooms lounges toilets kitchens and swimming pools finish na this attire my wife go dey rock errday cause na lolo of my castle,0
see me see wàhálà ó na so these empty agolo go dey spread stupid rumour on top fb now theyre bringing it here the whey go strike una ehn,2
lmao wale applause sef rt uche tweet i don die wale wey be say no time wey u go reach him house wey premium product no go dey,2
some things dey be like film until e do person wey dey close to you omohi just dey whisper oboi since morning,2
im suspecting you o itunu e dey your body,2
lmao you gat me bah joksss no kee me with laugh abeg babe see ehn lemme brag sef im too expensive to do gbam,2
guy you dey commot for night shuu,2
we don hear una don win,0
in voicehrm pikin wey fine like this suppose dey with me️,0
todays orders nessas sweet chicken sb nessas sweet waffles gizdodo our spaghetti bolognese is a big hit e don dey chase me for dream sef please yall should check our menus for other wonderful mouth watering dishes youll be glad you did,0
una don die davido hand this year ah ludacris timbaland ah god im crying david no one like u,0
our xmas rice don ready ft una don save us sha,0
this one na normal church dance where diju generate the title best dancer which firm give you the award you better continue dancing for god for una church jeje no go explore una sef,2
lmao this na just noodles na but which kain egusi you cook wey dog no go fit chop,0
on that one lets revert to steve oronsayes report rubbish duplicitous agencies collapse it to a desk officer in moi ministry of information and orientation jor even those ones sef wetin dem dey do,2
i dey oka for my cousin place but i dey come back now,1
these girls don collect all my money today which kain wahala i enter like this,2
my problem with uniben was the level of washing you go see where strong man go dey hail you wey no be anything master master your boy is loyal my chairman i greet you oga carry your number status comot for here before dem follow off me,2
im hearing some good things about owerri female students omo e be like sey na there i go do my masters oooo,0
to comot house don dey look like hard work,2
s e a s o n s ~ g r e e t i n g s thankful for sweet clients like you you made awesome,2
fine boys like us we no dey too rush malaria like that na malaria dey rush us,2
lmaoooooo this is what i first thought no let your anger deceive you oh before pesin smash your wife beat you up ontop and you no go fit run cuz you don lock door local man will now start begging,2
who be dis wan,2
we don reach followers we fit cry right now because the love and support from you guys dey too much from day one ️,0
how una dey my ppl e ku ile o our valentine sets just landed with top notch quality as you can see duvetset this is not our regular sheet o quality starts and,0
happy sunday padi,0
please what challenge are we doing starting from tomorrow im not doing bigger person again na who dey alive dey fit mature,0
peck me join sef,0
all these people saying this is not the eid dey kill ram if na play make una stop am cos i no cook bcos of this my neighbor oo,1
i don lick screen tireee,0
the way wey slippers go cut for this lagos ehn israelites slippers dey learn work for where we dey person go waka come dey kick stone like ronaldo wey wan play free kick,2
see what im talking about long day yesterday today im suppose to sleep till noon but no im up by dont think my body actually likes me,0
me sef shock even people wey dey this entire world no pass billion what is the reach of dstv again lol,2
even u dey shout nite on and na k subs u dey do always na wa ooo,2
who go chop indomie and peppered kidney+smoothiefood wey sweet aswer na man cook am mid night dinner hits different walai,0
na man utd women own dey vex me pass like when una start,2
paddie mithanks for your patronage always wahala for who no dey chop lavonne cuisine ooo,0
kdb puts crosses in shouting gbe body e anybody e hit e hit,1
you are asking me how thing do you even know how i feel im madly in love with you i just hope you can see but na lie u go dey reason matter instead of you to come let me be you kids father,2
wetin be this abeg,2
period don come out for road stain aunty white na we dey settle now,2
arsenal will win this oowetin we dey play bayi,2
omo the kind rice n stew with plenty meat dem dey carry pass here for nnewi eh home training no gree me order,0
he wasnt live oga na de ow brixton performance u de talk say na live,2
i look at some of the dresses i made and im like damn i sabi dis tailor work for real,0
wetyn dey work barcelona sef how é dey do una match radarada wo leleyi messi ‍️‍️‍️suarez ‍️‍️ last two matches have been an eyesore whats going on my babies,2
cows man fit start cow business add obi anachulu efi to him title na people like then dey make people no dey like go village,2
de good neighbor,0
baba help me interpret am to am na i talk am because na lie be that press releaseyou know how many people that report don mislead baba abeg tell am say na wetin i call am be thati dey here dey wait,2
person wey i fine pass dey tell me you are kinda cute me kinda isinku e oni sorire oloriburuku somebody,2
bros me i don see plenty people wey don fall out from keke o the most unfortunate one is my friend that is leg got amputated due to keke accident a car brush his leg,2
don jazzy u no go favour me too na only users u wan help finish i try open my phone no gree open am no be say i no like better thing o,1
make em rest abeg crystal palace na bigger wahala,2
april don dey finish ooo i never see post like kings and queens are born in april wetin happen abi coro don collect una crown,2
to all d cute guysgbosas for una wey make sense without d lies of makeupi wish be like u wen i grow up rt if ure cute,0
dis days i dont even understand d kind of boys that dm me on ig im like god is dis what i attract,2
werey come here na cos na okoto u dey talk since,2
as long as you dey vibe you dey alright nothing do you,0
alomo company don dey naija na,1
lol or that they are claiming na negi she wan download on but na laycon she fit flex for,2
youre loved the way youre hon permit me to say youve always been someones prayer point abeg dont change cos you feel threatened cos of another persons prayer points️,0
person dey perform others dey collect awards baba think say na headies wey if you perform at least one award sure for you,0
ah this ramadan should not end like this o ill miss the midnight food eat whenever im in ibadan cos we dey chop sahur together pls when is another one starting,0
embrace una people na,0
u r one of the terrible players in dat team including dat emptyheaded pedro cant get d better of zinchenko and dat snail called jorginho and pls dont forget to greet ur mate for me in person of imbecile alonso,2
them dey bush dey look for terrorist herdsmen,2
you guys are not normal at allif una wan chop the money make una chop idiotsfoh,2
i dont even go out of my room again unless im going for business purpose or just to eat to meet man now sef na war make them no go use food carry person go,2
arm robber dey rape landlord wife prick comot landlady put am back nah the matter dey table like this oo since am we dey there dey settle the matter ooo,2
months if na belle i go dey prepare to born am,2
my god im hungry bhet dem dey do healthy eating for this house,2
see eh broke die i no fit move until i see your light i cry a river if i fit walahi,2
don see account details e don stop yo dey reply me,2
i de go meet my tailor today once i leave town i must wear new native go church on sunday,0
iphone size gb price with apple warranty please kindly rt ejo abeg na abeg i dey literally beg ese nagode please do,0
abeg love o if you see d love this life na just one wey get,0
don jazzy this is not fair oo lock down sef don hit ogun state bayi aiye ti paree ooo,2
alaye e don do stop explaining for them i don delete tweet dem go rest,0
boss abeg any family love and romance series for your boy i don go waste time data dey download wandavision,2
na waec o and e be like sey d guy don pass him no dey write waec again,0
make una come i don die,0
anambra branch wants my to verify me una dey mad utunnukeep ur verification wait who contacted you he say na thank you for contacting us magodo gra phase ii,0
why dis all the timeunah go dey commot small change from person account like nah unah put am therese e wa ohk sha,2
hanti ummie barca princess sorry for tagged you aging the responses de sweet me nee na oga u be,0
nice bed space you don chop rich stewbanga cause na next line of action,0
just reread this and it sounds weird please im saying im learning work where kemi dey abeg,2
na joke i dey who no fear lion na lion,0
sha this small money wey i dey talk took me almost months oo i still dey try recover from the expense sef,2
this arsenal team should stop being a seconds man first half na fire fire second half inyuo small thing una don tire tufiakwa,2
simplena dem go come the beg u to do somethingna the style wey i go use,0
no be today we done ready for this fight na me na since my mama born me i done dey vex already ️ please rt if you love the vibe ️,0
person wey i dey trash,2
light wey be low current abeg eee,2
presido abeg na im not feeling fine,0
u na don start afobe is a baller mehnlool,0
see wetin leaders of tomorrow dey chop ahtink youre seeing your mates not everytime akpụ for your son,2
i just dey reason am o royz na wizkid typa nigga hit it few times and be like i dont like no stress i gotta chop some suya,0
as my best friend tell me to buy am airtime na so i wan send am bastardwhy always me na so i send am to my boss wey give me order to escalate customer issue to engineer team the problem be say i never know who and how to settle it as my boss no talk anything,2
thank god say i sabi fine babes wen sabi enjoy the last of ya s wahala bae dirty s go madt ‍️‍️‍️,2
nigerian babes wey dey support manchester united dey fine sha,0
youth corpers like us na na only naira dey rush us,2
as i dey like this na like say make i just dey drive go elegushi straight just dey till like,0
tonybut wait ooif riversuntd cant draw against kccad supposed weakln in d groupna who dem go fit drawaway,2
na dis i want abeg bruno,0
so my boss said anybody on the table that can finish the remaining food $ see me na i cant eat to save my life i tried but failed before i started sef,2
oga come and shift this curfew to pm abeg e don do,2
spoil yourself with affordable luxury month is ending tomorrow of your salary wont kee you abeg buy from me na beg i dey beg oo pls if you come across this on your tl rt for me god bless you | asuu | funke akindele | regina daniels | mompha,2
both boys lie to cute girls dat dey always n girls lie to ugly boys dat dey always datin boy and girl who lie pass,1
pastors dey kill each other because of of church we wey no dey gree go church we never commot hair for person body before una wey suppose help dey kill unasef just imagine say as jesus run shows finish go back him papa house the first disciples kee each other finish,2
na only lecturer wey be better person wey no dey suffer students we dey celebrate like this,0
so nor be only me this thing dey do na wa was trynna watch a movie on my phone and there was light for some reason it felt like the pc was staring at me in a very weird way na so i take boot am o start design eventually made this,0
good evening i just wan know na because i small na hin make you no dey see my begging i beg i begged i still dey beg whenever s beggie beggie comes on my playlist i feel attacked why you no dey answer me ewooo‍️,2
im towing this path na me dey change am for the adults in the house doesnt stop them sha but e don reduce,2
lol i dey come back today i fit branch ikd still handle you no dey raise shoulder before i report you to tomide,0
sure parole with dem boys dey mainland like this but no be me dem go use trend tomorrow these lagos police officers are unruly,2
many wahala dey oo,2
make we no chop egg again wetin make we come de chop eh,2
you have stolen my anywhere you go me sef i go dey follow follow,0
where the million naira wrist watch wen dem say he buy that year,0
some ladies are actually crazy because this one asked me for money when coronavirus stopped us from working for months she dey beef me and she don go carry am tell her sister e see me dey look me like stranger lmafooooooooo na my guy wey carry you come hang out i blame,2
so dem dey press breast for cinema,0
snails wey dey burst brain guys its no joke oh come over here and youll be glad you did does it like no other if you chop and you dont testify i will refund you your cashshikina we at maleesky special love snails and we get that from anytime,0
now the game don start if you get better hand work business or skills in nigeria now is the time to dedicate more time to those endeavors be very good at them cause the grass arent greener on the other side anymore when we say grow nigeria to buy nigeria e don hapun,0
please no date who no date you o e get why some girls beside me dey table one guy matter say the guy dey date am and she know no ‍️ e dey pain me as them dey reason the guy anyhow my gender don fuck up again ‍️,2
this shawarma no be wetin my belle won chop ooooo,2
u fit get starlet for k na,1
breakup wey make person go dey watch hausa film,2
the thing wey dey vex me with zee world be say all the acting takes place in one big living room lol and its always the same story when they die they will resurrect do face surgery and carry on like say nothing ever happened,2
mavis don kee me osay ttt b like iroko tree wey dey move,2
ok thanks dear with this care sef i don already dey belleful,0
don kill don commit genocide but no gree die na the matter we dey settle laid,2
i beg where u dey see this money dey chop food because laidis e red for me when dey school here oh,2
psg to lost ajax to lost bayern to lost madrid to lost zenith to lost see fine kodds wey dey always give us for congratulations to the bookies on this grand audit sunday una head get oil a sunday to remember,0
im locked out of my house e no go better for security door,2
make pple d dey very careful wit diz end of month oo month don end month don end ehhenn who tell u say month end nah pay day some pple month nah dayz abeg make una take am easy wit pple oo diz monin i hear wife dey corey wit husband ontop breakfast money,2
wow your shoes are nice responses americans i really appreciate your kind gesture britons thank you very much na dem na k you dey see so ooh na dem oh,0
i don vex too ocos d one i watch earlier nr add d last part d show b don end for me,2
hmm my birthday is tomorrow sef no money assurance nothing nothing chioma don collect my birthday gift how far na shey una fit help me biko,2
abeg i never get plenty money to day spend abeg nah god name i dy use beg una make una no dy steal my money again k airtime don finish and i no make call reach hour ehhh wetin i do una,2
wetin buhari no go see for no go see for saudi wey him go k just to play imessage game if him win wetin be the gain,2
sugarthese oyinbo can liena which kin injury those chilians say asanchez getsee how dem just downplay d injury,2
as i be nothing dey to talk again the broom i wan use take come russia no come dey work,2
sugar which paradiseis it d paradise of failureabi na paradise of fa cupabeg make we hear word jare,2
hmmmm world best barber na so u wan commot my afro,2
after this girl sent me about pictures that she snapped yesterday because today is her birthday i still never wish am girls please na all of una dey do this thing were those pictures sent to all her contacts im legit curious,1
naija case be like man way fire dey him house and him carry water go dey quench the fire way dey him neighbour house,2
my niggur hate lagos e say i dont even want to hear lagos the moment he do e go just vex like that,2
na so dem dey behave,2
n e w d e c a d e happy pals abuja nigeria,2
like me wey don dey beg a girl on twitter for even dmdem say i no fine reach,0
how do you people drink like this as im dropping that bottle me sef don pass out,2
this sheydi bala bala challenge just reinforces an incontestable fact no be to get big yansh e dey shake e soft,0
true talk how far naa if you no fit adopt me i fit dey sweep and mop innit,0
feminist feminist but you lie pass lai mohammed if na yankee we dey all of una go don dey served straight up,2
benin people una dey vote at all you guys should work on your water drainage,2
na because him mouth dey move na why e dey talk na,2
fried chicken please e get this fried chicken me ion know whether dem dry am finish before dem fry am because e nearly choke me today small bite mouth don full one cant find space to breath n you no fit use hand cause na public place,2
i no fit wait again cause e remain to cut my hair sef to resemble house girl finish,2
na for civilians body dem dey get power cnn,2
me sef dey pity who go jam this ting i no know if my sister go be victim,2
same thing ona today complete my days odem no reverse my money,2
who can spot me again to all my clients and prospects i say thank you e se imela na go de sosongho mercii cant achieve this without you permit me to be oliver twist i do well at my jobi need,0
i dey there when kanu do he heart operation na me hold he phone,0
i dey find where i go play snooker for this warribut this south south boys dey be professionals,0
na una bad belle no make me find love for abuja,2
davido no dey use infinix and they signed him to be ambassador me we dey use infinix since tey tey dey no sign me you people should continue be fighting for nonsense person wey rich pass among influencers with your infinix,2
make una nor go sell una vote o vote pdp,0
na this man fit una like he dont give a fuk,0
the one wey dey do you sha,1
go ask wetin happen wen i score adamawa keeper dey there dey find me for aerial ball witch,2
unplanned matching day e be like say my tailor don dey run my material for my patients too lagos island,0
see wetin ed woodword dey cause ‍️,2
people don dey find themselves from twitter oo and that ilorin where everyone knows everyone twitter drama can become real very fast,2
nawa on top my own tweet person dey insult me abeg just block me im trying to be cordial here,2
be like u don ment finish wetin u dey carry enter my tl naa,2
i dey go there tomorrow you dey there,1
na just once and that na after you don scatter like girls heart na him one just make u taste wetin u dey make them go through,2
see how small boiz dey play sha e dey sweet me oo,2
someone said what an elder sees sitting down fit b nonsense omo we don vex im here for all of it,2
lmao why i no go understand i don do am before na picking beans dey give headache wallahi washing wont take minutes you fit pick beans for hours,0
safejo dey court keh quadri no know quadratic equation ifemide never see toaster them don carry innocent go kirikiri ooo them say oreofe no chop benefit kofo gan self ti shofo,2
i don lose k in gameslast gamei reason say atletico fit no score so i cash out my stake and now the game still dey rungame wey i for chop close to k now i dey one game left to chop kif i had left itill be one game to win k,0
thanks na to fresh na hin remain,0
e be like say nothing for me today o i don drop account details everywhr nobody dey see am,2
e be like i sabi the mumu guy na to carry an go express,2
person wey we meet that year i even give am k to settle security as baba no hold cash for hand when he won dey move thinking sey na investment till tomorrow otedola dey owe me k,2
oga vex say we da advertise for your comment section if you fit hug transformer abeg delete the account bigcolaja lasisielenu,2
plus this one wey dem dtey vex say dey never give them allowance,2
im so sorry this happened to you im really sorry e de pain me for you too omo i hope youre able to treat his fuck up in future they want to oppress you kai idk you and its paining me like mad,0
na yadda i no fit start de read any constitution,2
wahala psg wey dey win don dey draw now left win from one ticket to boom to tickets,2
$m change go remain sef we fit share balance give ghanaians $m each change go still remain we go dash beninoise the remain change,0
i opened ig live to see pheels and mastercraft then i heard egungun be careful na express you dey go mo ya shut werwey down mb that im managing,0
na my neck i take dey measure dis weight loss once its visibly long i will stop for now its still full,0
you know me im already used to it sef but you see those foken lectures jesus christ i want to cry,2
wetin you go do your best friend,2
dem dash you bag of pure water you sey leakages dey inside make dem help you change am you see your life outside the gate visit,2
e no come again,2
man cant be romantic in peace na porsche dem dey find,0
at least man utd don improve at old trafford united tottenham united chelsea ️,0
dem give you breakfast in bed nor mean say dem like you check well e fit nor get table to put the food,2
yeah ‍️the guy wants to trend dat was why e join nysc e cant trend with good music again,2
na only you waka come na lol,1
i don buy diesel i don clean house i don cook food keep i don buy shayo for yard i don dey wait but you just had to be amaka,2
mc oluomo thugs wey suppose join the protest don go collect bribe its so unfortunate ahaaaaaaaaaaaaaaaaaaaa nigeria yiii teyin nikan ni e no concern me again ‍️ sha make them,2
dey press the weyrey like bread wey dey wan buy,2
na to sidon dey chop plenty fish na,0
asweaarrigaadd na d tin wey make me leave dis street came back was blocked again came back suspended den resumed back months ago baba i dey fear,2
im tired of walking this street without this kind of story na imagine no to do with it sad na so lemme be collecting lesson,2
wo una hard girl don dey fall in love o,0
na wetin i no like to dey hear be this o business is business,2
bosd why you dey do like this now why na person wey dey alive dey do ramadan oo shey person wey hunger don kill go fast boss why why you no look my side whyyyy,0
and even if na for my account dem dey charge all my family members alert charge e no still suppose reach like dis now just from january february thats wrong now,2
let me go and unquote that tweet some of una dey ment,2
tz just soo cute wen a guy is rily nervous talking to u wen e cn hardly look at ur face sef,0
awi na one show promotercomedian and actor e name na cc,1
today we dey celebrate nigeria comedian and actor wen be nigeria entertainere name na for we say kpoko to you nothing do u bros u too much cc,0
i thought you had a man this mananother one why you dey vex,2
area dey vex,2
this lingard wey una dey start hope say e no go make us cry see ehn we don too make mouth please win,2
you just dey take people papa dey play jogba abi you sure say you dey any online you nor get my account number which one k again,2
omo what was said to me casually today eh i don sit down think my life i dont know weda mumu is written on my forehead becos im still not understanding how i was looking out for the persons best interests but dem still cuss me na me fuck up,2
e dey lekki,1
make i go sleep now after i don listen to badman song by cos na wetin i dey wait for be that wey make i never sleep,0
god fit don bless you wella sir as he always does u know say na small thing,0
we agree o pre season is meaniness e don do you win na here we go dey when season start,0
na person like you go de lock window when your neighbor children gather to watch tv through window those days oga i de here continue the lamentations,2
baby this your yansh na shitor if u gree mo ma latan part two ati part one part two lati pa won i go fit to change your catwalk and change your life join every day na to enjoy open and close like a laptop o moni ko tito o rora o,1
fly wey dey follow big meat nor dey lean i know so many leaders but this leader stands out every encounter with general augustine usinefe ogedegbe the ssa to the delta state,0
theyre lucky was at the office by am the secretary came and on ac and fan na by am dem come call me that time i don sidon different style dey shiver onyinye may god forgive you,2
ha e be like na abuja i suppose dey dam hope youre ok stay safe queen,0
wetin concern bird and toothbrushyou nor go eat belle full first you dey talk vehicles and abroad,2
the difference between and half dozen na how you talk am alaye with all the beards wey full my face you wan dey whine me calm down bros,2
thank god say don jazzy dey follow me even if e never dash me momey before,0
mama you dey offline since na d gbege of all of us dey since o,2
lol face go chop till e die no worry im not even talking naija food ️,2
of course im grateful for me i want to get closer with god for real for real this back sliding life is tiring but i need helplol im grateful for being a wonderful big sister daughter friend and business partner im grateful for my future partner partner too,0
this is so funny to me because atleast una own dey form ball my home made puff puff dey always turn to fried egg because its always flat i cant even vex please teach me how to make proper puff puff,0
na the dressing dey vex me pass wey super k suppose dey supply better brainwork with correct agbada,2
e be like say fuel don dey finish for united motor,2
abeg abeg na only me dey sleep wazoldis,2
person no fit see husband for facebook rara ‍️ instagram fake life pooor gan twitter kidnappers plenty to meet new people sef dey scare me,2
my tl is so boring tiktok wey dey help person cure boredom sef no gree open since yesterday iru ki wa leleyi oluwa,2
i have been risking using my phone without pouch for a week now i just hope it wont end in premium tears pouch spoil buy another one ano gree buy i dey rock and like that make e no be like say na village people dey do this thing o,2
e come be like say trophuse dey vex for us,2
this policemen on brown road just begged for money by saying this to me and my guy bros abeg na wetin bird chop na im e go use fly help us lol,0
guy i never enter protection but guy wtfe no even funny like how will you be the only one playing domination match,2
see person wey una want make e play,2
na by force farming dey na chai am sweating under acsomebody helpdis is the th jamb a nigga is writing,2
i love pres trump so much mehn na him fit dem for that america,0
shrimp fried rice no dey their level e get him own level entirelythe level of kings this one na for locals,0
haaaa abeg show me the tweet i wan invest,0
im not understanding its only fades bikini that feels like years don waka the body remains the same,0
no be rich people dey help people na good people dey help people if someone help you dont feel they have so much its simply because they have a good heart better safe than sorry,0
ussy broke man no dey sleep,2
our government no dey hear word they are deaf to the people na lie na until they take one of em abi,2
make we no lie na oshodi under bridge these ones collect admission letter,2
omo don jazzy na fine boy o see that don jazzy and aj advert with glo first,0
dem say if we dey dance like this say na red i kuku be japanese cos i dey dance fire,0
i no drop sisi before i comot but this woman still dey call me dey ask me wetin she go cook good bless yo ma ill insha allah put you in a bigger crib,0
lmao ozo just lost a chance to win million plus goodies but na kiss e dey find and nengi still dodge am,2
as paul pogba dey train bruno fernandes dey hail am real dey recognize real,2
bro we lucky say we no dey ghana again dem for don tear our shirt for bru common room cc,2
itll end in chop i chop way,1
abobithe picture too fine you don put am everywhere and na wetin i been plan post on your birthday,0
lmao i was suppose to use grater but the okro no gree okro too soft know i have a lot of it to chop i just use the hennessy as an energy booster boss e no easy,2
oga go sleep wetin u know d one u read wetin u do with it,2
see am keypad warrior na for twitter you dey get strength come fight mortal combat now na wahala,2
my people no time to chop burnt fish in the name of driedfish no de chop sand mixed with fish na dried fish u want no be dried sandfish chiwinkxfarms don land with beta ogbonge,0
phone wey lost for police station dey ring for dpo pocket na ig all of us they wait for like this na wey we wan settle since morning,2
na person wey get money dey cuddle nice one sapa,2
i no de see am abii na plant be that the werey de disguise e dn forsee say you won sell am,2
is this not that guy thats using wan accent like that at him don get naija accent now o and him don dy wear trads,2
bruh wetin be the name of this naeto c folder,1
boss you dun see wetin police do for rupkokwu today cause of naira,2
small rain nepa will take light small swag sars will harass you small car people wont allow you rest small tweet sdz will sub you small sex twins don show which kain country be dis god,1
my hair is just days old‍️ how im someones mother and still have baby hair is beyond me hair wey still dey pain me but dey like say e don reach one year on top my head,2
the boys sef na superhero kinda series ‍️ na for yrs old na,2
you know this white folks em fit don create taser for pussy like that we never can tell this one might be one e go jus do dem giz giz,0
guy kpomkpi d heat sef dey kukuma do e hustle nau,2
to dey on and off vpn all the na stress,2
omo this angel don dey enter my eye when do they start voting ukwu nwere ntị,0
but wait on magbe with said ki eba toh jina kan le dada ori na la ma ti ro but dem no dey turn eba ontop fire i wish say na ki amala toh jina dada ori na la ma ti ro would make everything meaningful but i love you like that,2
warri dey take this like champions league right from time every corner dem dey watch am even for market sef omashola all the way mehn,0
to make it and im certain that im marking this one because e don sub + again lazio scores again to make it imagine not loving the joy and suspense footbal brings,2
na this type i dey like when i have money im coming for my sandals oo,0
you dey win and you dey bring in mane wey go wan score hin own wetin ole do to klopp na,2
new week new arrivals as e dey hot oo dont be sleeping on this set at all o its a banger back to back they are finer in real life sef ️️ please retweet to my customers biko school have resume o school fees dey ground biko help my ministry,0
make e give am belle as incentive,2
late night work with that moment when momsy dey call,0
na only inside feem rich boy dey love poor girl sha and vice versa real lifena business deal most rich people dey use their pikins seal,1
angeli angelina you dey cool my temperature if you call i go come deliver i no go fall e your hand never say na me you go love forever ‍️,2
u de help me find wife,0
de don a don is always a don all hail de don,0
nobody can fit your position in life all man has their role to play so be the best of you anobi bushasha is here who dey who dey on set of mediator the movie as dir by,0
make una come see una influencer,0
dear i just want to say thank you for your investigation on the issue but abeg una go like hang boot at this point ive been having test broi will be having another one saturday and sunday respectively e don do o i want to graduate in peace,0
na this kain thing i dey enjoy i swear,0
lol i get person wey dey come naija na make i still pay shipping you are hi,2
they took light and heat descended on me like a plague heeeeiiiiii so na wetin pple wey no get ac dey pass thru be this chimooo,2
burna don buy am iphone e don proud buju to your ears,2
woman wey sabi,0
my guys and i are just roaming the streets of ogba looking for cheap street food that we might not even eat i no get appetite sef asas eye adaba is the soundtrack for tonight this thing pain us o e pain us we are depressed together,2
i like how you said swapped henrikh mkhitaryan without pointing out who left i still think its so cute how le goon fans get very optimistic with just any transfer foray we go dey here dey jot the results out when una start dey go up boss,0
mongunu meat na hin i take from that pot fayemi is that why mama dey halla like say u chop abbatoir boss sigh mama can be so dramatic dalong choi what will i do now me dat chop,2
e dey funny me youre the one trynna hit on your friends boyfriend na your voice dey loud pass where did this reverse started from sef,2
wizkid don de chop early saturday morning breakfast,2
guy trump dey build wall buhari dey build bridges difference,1
guy how u dey now me i dey my dey o guy how ya dey dey me my dey dey there jare theres level to how guys relate sha,0
e no go better for red soil,2
what me im kuku waiting for is the long list of hushpuppi partners that hes gonna expose soon his crime partners we see on social media and we think make their money in a legit way e go sweet me die hushpuppi e be things my guy️,2
yes so na hin wey i wan tell u though still some like my sistou already sent his guidance,1
the energy wey i put for love if i use am learn mechanic i for don sabi repair train i swear,2
please oh my passport is ready who is taking me out nigeria don tire me ‍️‍️‍️‍️,2
then na relegation for una na ‍️,2
c r i m e s c e n e victim s leg shes fine now culprit s,2
brother don vex,2
if you finish for here eh just come replace my sub your worzup status don finish am see the way i was smiling eh like say na me dey there im happy for you darling,0
bro i was once in dis shoe i fink i af said it before pon ya post pon ig glad my friend was wit us dat night nobody wudda believed me she beat me so tey i lo fit explain to person,2
them dey use our future dey gba oringo,2
person never blow finish una don dey ask for giveaway i dont want to blow again thanks,2
if i touch you now your father will be panic dis english pierce ma heart make una hold me o i don faint like two times na i no wan faint again,2
good evening maam we can help with the massage na the work wey we dey do,0
as we dey hustle dey go hustle in d summer my money is almost up on d winter we rest for d,0
you fit manage for akara and bread if yes dm your azar,0
this life is so funny sef you will work hard and buy cloths and shoes and rain will start dictating when to wear them for you because you see rain to wear white na war to wear suede na wahala shoe wey i take my money buy,2
na breadcompany wen support us we go dey buy oh well done spice bread courtesy rccg champions cathedral,0
so na lie dem dey lie for us since,2
the correct ogbonge people them don show o oya na we get am,0
hahaha i dey tell una na borrow i borrow the car do lagos big boy o,1
abi u nor dey hear wetin rema dey talk,1
baba dey imsu junction dey wait for a new catch few minutes later dey text me say e don fall for him girlfriend of yrs n wan dey serious with am lmafoooooooooooooooooooooo owerri boys ‍️,2
im not even looking for any female right now i get mama wey dey gimme love lord where is the mula,2
every time i record a podcast my voice dey always make me sad speaker wey don tear self no dey sound like that,2
god what is dis one na angel gabriel what is wrong with the trumpet na is it not clean enough blow d thing na were tired whose child and brother is this na lagos state,2
bro na god dey help us for this country because na weekly prices dey increase you arent even sure of buying an item this week with the same amount you bought it last week,2
arewa twitter una name dey trend inside this camp oo,0
i never had pots to wash because my sisters do the dishes but she no just wan make i dey comot for house and i was the best player in my street,2
nne see aw u fine pass china spare part shining like dubai gold fresh pass oyinbo and black man pikin cheiiii o babynm i commot dis cap for u,0
why this guy dey cast me nau,2
aargh we don lose oh na this bad luck jersey we dey wear,2
but e get mood wey u go dey sometimes just listening to noise can be fun gelatoooooooooo,0
im sure this isnt me and e dey pain sha but aii we move,2
true talk bros some ppl de outside de cast aspersions on tboss as if they can stay in a prison for me bb house na cell not even prison,2
tax collector i hail you the road which you dey build na only the day time your contractor dey work who will pay us lagosian tine lost fees abi you want tax us for staying traffice too,2
good evening everybody the king is here again something is happening rai na this is the height of it all how can i be going from oshodi to egbeda for over two hours and im still at ikeja im tired im tired,2
wisdom nor go finish your life na wetin dem dey preach about na you dey do so mr propro master,0
ayeeven the kingdom of god suffereth violence since people have chosen to be adamant nigeria una de see una mate,2
oluwa wetin dey occur didnt he know his erect penis was out,2
una wey vote dey mad sha edward and lelouch are there ffs,0
me sef wan chop life of my head like una too ikotun lagos nigeria,0
rashford dey play like person wey god don answer his prayer,0
tired of boring wallets we gat you covered an angieekulture patterned wallets available️️️ price pere n this baby is yours plz retweet e get why,0
ah dem dey get follow limit me am just knowing ooo,0
say make i hustle tight gather better money and propose to my celebrity crush in but see everything i wan chop na hin one yeye cameraman don put for the public view lifes unfair,2
wetin we don chop today ehn i love this unity,0
my coz told me and another coz about this quick way to make money betting virtual ok make we see am baba say na o dey sure we set pc for our front k vanish in mins small small at least regular betting dey take mins with subs that can give hope this one,2
guy i go dress for work once i don chop am na straight back to house to let em digest,0
e get one blue jeans wey dey make every woman set or is it my love for blue anyways i love to see it blue is such a vibe,0
the pikin wan mad,2
i need a new laptop this laptop is frustrating i get work to deliver na him e know sey e no go on,2
why e be say na only where you dey rain dey fall guy,2
abeg arsenal make una carry una wahala dey goim not doing again,2
this your body na killer,0
lol e sure me say na mins hold up be that abeg make dem come lagos come see hrs traffic,2
im in this location right now god i can feel the music in my heart and e dey sweet mee,2
women no get joy oo dem go vex you na you go still apologize which kind life be that,2
hahahahaha i know say you don dey target how to beat me since im not falling for it,2
some people just dey make mouth but their money na audiowe no dey see am at all the dream is,2
fine boys like us we no dey too dey follow girls na them dey rush us na dem they rush us,0
ion follow una dey keep fit,0
him don chop dragging sotey him lock him account,1
call na this topic him dey like,0
you suppose dey watch matic and pogba work instead you dey watch the johnsons,2
baba no whine me o you wey dey feed animals for street sef like this no food for me till next week ‍️ something wey suppose last me for days i don chop am in one day,2
some people no dey text us again as them dey lockdown abeg after the lockdown make we keep the same energy ooo trailer will not jam us,2
just u call may rd just my colleague don go now na na hrs get me now i get back home looking like a zombie,2
listen efe whoever you are you no fit tell us say you never hear say johnny drille dey find you dm this guy make we rest na,1
bro na so man city spoil my ticket yesterday and na only them remain make i chop small k way i suppose use hold body today man just dry like warey,2
hey its a weekend ooo come buy data from me make i kuku buy my own rolls royce nau abeg na who dey zuzu,0
wahala be like broken condom e don leak,2
only one any other one is a counterfeitif e no be mike e no fit be like mikea fave like no other,2
na over hyping keeel this february now na protest and police arresting peace civilians we they solve but no the mater no gree solve,2
thank you all yesterday was awesome and amazing and you people made it so for meyou came out in numbers to wish me well and celebrate mei wasnt expecting that but i was shocked i also got new followers i no dey always get sense ohi fit drag u anytime im grateful,0
whatsapp should please work on that their privacy na the double tick shows youre online and received the message if you like no reply the sender knows youve received it make dem give us one tick na i can be online buh not ready to talk to someone on whatsapp,2
game wan begin i don arrange food to go with the game nepa off light due to rain dem sha wan carry me comot for this house must rain fall now must nepa take light,2
cuppy abeg neck dey pain us neck dey pain us make we see chance breathe,2
d gist i wan laugh,0
dis country too hard abeg see my elder brother ohhhh boyfriend of all boyfriends oga kpata kpata of dem all abeg i won redeploy go another country abeg,2
las las i don sabi toast girl hey girl does your mum sell okro cus you draw my attention,0
forex trading be like baba don put hand for head alot of persons make the mistake of opening multiple running trades abeg how you wan manage them without running mad,2
her royal majesty pikin wey fine like this suppose dey reach the th day and win the money a queen i stan queen mercy is precious to us ️️ i don vote na me no go tire,0
o better ke ma gba fun won o cos as e dey go like this theyre really cashing out on this their fainting act pass any nollywood actors awon oniranu irresponsible leaders only god knows why none of them is even better sef osun mi o,2
una go chop am this season sha make e start,1
tmt dey buy match dont tell me nothing if dem try this for the main event we go riot,2
abeg anyone wer fit loan me k will refund month ending rt my helper might be on your tl,0
abi people wey dem born for this country get ancestral ties with cain,2
i was actually having this side pity for hushpuppi till i heard he bought tyre rim for nm ha not the car the tyre rim abeg jail am i know wetin i dey do before i see k we legit hustlers are so so underated,2
some people wicked sha when dey won borrow money dem go behave like human being ok to return am now dey go turn animal turn u to enemy,2
person wey no person na hin dey do person you knw me and you doing me wch money i have like this,2
but as hin fast na so them dey suck my data too,2
burna said com make i give you gist only for him to ask his enemies whens the last time somebody did like dis so bc its since it only means baba don waka many odogwu,2
which kind of bus is this sef no window i need to remove this hair,2
which kind soup una dey chop you people are suffering oh,2
lmaooo if your brother isnt willing to take your help why should a stranger plus the record of those help dey the track,2
she dey mad with her mumu gratitude wey she dey talk free her lol,2
covid has done more damage dan good to me dis year d fact dat i wont be able to open my store dis year is so heart breaking whenever i think about it i just feel like throwing myself on d floor while wailing my eyes out its so unfair,2
hanti true love don die o as him wan cross express him no see keke napep for him left na so the keke napep jam am trailer mash am for head people gather dem come dey look am dem rush am go hospital mr doctor no fit save am na so true love come die ooo ‍️ fkc,2
lolna quarrelno be market i dey price c ya name hw much they sell u i steal am u sell am k,2
smh some igbo youths wey dey always claim say dem wise,2
please make una carry una problem dey go no be for my timeline,2
bros we should stop talking about this thing e dey pain me water dey comot for my eye seriously o e dey pain me enta bodi,2
if dey see all the appreciation tweet wey dem tag am dey repost them naim be say he dey my own sef but as na money i dey beg im dey ignore me chai don baba j,0
wahala for we wey dey smell ogiri ogiri,2
see when dis mumu generator dey come shut down when i never save dis work ah go start all over,2
una mumu don tay u feelsay mercy fans dey vote for people i laugh una,2
rich men are funny men meeting for am casually moved to am and now pm its so funny that im contemplating on waiting here till pm because this house be like say na abroad i dey the ac is not even normal ac,0
e neva finish oooo shooting in sango ibadan oyo state again today ️ what we need now is,2
if i see dis kain onena to carry am wholesale,0
dear the next time i purchase chicken prepared by lots wife in that your very palms outlet in ibadan a ma ni problem join me warn dem o i don brush tire don almost drink ltrs of water sef signed exasperated customer,2
dem go say na privacy,2
ayyyy mammi but this your dm talk so traffic go too dey now based on na dem too dey rush you,0
the kind message wey i compose for this woman birthday whats this love turning me into love wey dey inspire,0
lmao the thing dey vex me the only content na to insult us jos girls oya go toast abuja babes and leave us,2
o lord wen i go buy dis motor wey dey my mind,2
is that the life you want for yourself tell me the truth to buy something una go do division and subtraction school wan open mind go dey fly if hes content with dat fine o but me i no fit my running cost at home is almost k in a month and i dey patch ou wan kill me,2
i just waka enter one supermarket for area con see complete series of the harry potter series complete and eventhe epilogue all the books in the shades of grey series abeg somebody should buy for me na twitter notification no dey let person read ebooks,0
mbah use dem make moneyu don suffer,2
wahala for person wey dey in competition with person wey no know his stats messis support for his team is very genuine,0
e funny die cus the same thing wey you talk sey una dey cool and allna so e be me sef,0
my oga don warn me make i no dey too chuck mouth for politics on twitter im just restraining myself father lawd help me,2
sega am with on this one thifinubu has been rubbing the people of lagos since may ok baba dey control national union for lagos all of them na all the thugs on election day dey give bike to go around i hv seen it ooo with my eyes o,2
oga na bench u dey go,2
thats why i hate maths and anything calculation like wetin we dey find wey we no lost wettin we dey arrange wen we no scatter,2
wahala for who her friends never don acknowledge amm as mrs laycon oo the something dey sweet me shaa another wonderful day to stream songs,0
na patani e go for off if e try well well,0
lol checking different ig and whatsapp status this morning made me realize that i ought to really be going out enjoying clubbing and doing everything my age but then i remembered say na money dem dey use do those kain things,2
you no jam am during the scare period which kain drugs i nor prescribe for that boy at least e go dey see skyscraper for where e dey now,2
egungun be careful na express you dey go ah e don jam am,2
make una help me see erring dis bae use my song dey do oyibo life style and swag banging,0
these are the sort of vehicles im supposed to share the road with this is why i have never even considered driving in lagos theyll bash your car in a heartbeat theyve got nothing to lose their danfos are already ugly na you wan drive sexy car for ikeja under bridge,2
finally i don fit create vbank account don baba help me out,0
lol kabod register for class wetin i wan teach person wey teach me well if anybody ask me question wey hook me for neck,2
do not look down on anybody no matter how broke heshe might be cuz jah wey de bless no de look face,0
waybill the android give me na urcchy wey don blow,0
oluwa o na one lucky human dey chop this work like this o,0
e don happen again o olosho don steal iphone pro max wey my guy borrow,2
na the sars we know e don get sense,0
this album is fire you just gained a fan youre addictive ive been avoiding this album but e choke me today now im stuck on replay,0
im like that too and thats why if i eventually decide to get married i will not marry an unfortunate individual that will wake me up and say she want to discuss something in the midnight i fit sit down for floor just dey cry,2
tomorrow th october makes it one month won the grand prize you don dey chop the money or you wan invest am i fit help you double am oh,0
why she go know her self worth o wrong na,2
aahhh oga i need dat beat o i don hearam gimme o,0
this your show off don dey too much o the bad belle in me say you dey violate social distancing in this critical time of second wave,2
now abi could have even gone ahead i no dey watch again na me dey jinx am,2
w always learn to control the word wen dey come out of your mouth wen you dey in the midst of people because you nor know who dey near you,0
dis woman just dey fine everyday i hope baba still dey chop ur work well,2
na assassin u wan date,2
money go fit me,0
i carry venza go crash for my padi crib hin landlord give am quick notice next morning mr landlord brought calming wale isnt the owner of the car,2
apparently yall dont get it some grooms can actually afford to surprise their bride with her fav buh it doesnt cross their mind thats what that tweet was bout not this yrs reasoning una dey bring,2
once stepped out to buy stuff the girl say around yrs i met there sitting with her mum i addressed her as lady mama change am for me oh shes not a lady na so una dey take spoil peoples daughters shes not a lady na girl biko ha,2
if chelsea cough eh na dem go dey wish dem ban man city for next seasons,2
lol my own sef na apology,2
na dis same story na nigeria talk world cup after march,2
e funny to you as well im surprised how i missed this since morning sodiq sef nah ladokite,2
if you wakeup and you dey read this tweet jst know say na god oo nor be your power if you enter moto come down sound make you know say gods grace dey your life if you get life thank god ooooooo should constantly be our attitude,0
habibi fc would be on a roll championed by their able president mans jazzz is strong oo first emery now raul abeg make una carry me to una man make him cook for me na,0
did you know that messi is better than ronaldo the stats below said so because i be messi fan no mean say you no go assist me i beg support me with money i wan buy laptop for my studio work make me sef dey freaky peoples account for this street with you,0
i wan know e dey reject my gt,2
u go no say this olopa don drink soooo tey he don fall for gutter nack head for ground see swollen face and head and his eyes like it gonna pull out yeye,2
i hate it when i say something meaningful and pesin comment rubbish me no better thing dey to chop for this kitchen pesin chop bread bread na better thing iffah reason you,2
yoooo your avatar dia fadaaa dem no born anybody well,0
got sick sometime last month i was told i had blood infection at the hospital now im getting sick again and im just scared my mum wont come inside my room sef abi them don quarantine me,2
i must be really doing something wrong na these same ladies wey dey air me up and down if i approach them be this the one wey no air me go get poor communication skills i go just give up e be like una dey script all these relationship because i no understand,2
na so dem recommend anointing oil give person say na beard oil i dey fear una for these streets,2
deal breaker for me na the percentage you dey give me after you collect from other guys,2
im sure she ll be filled with regrets now una go don pursue sleep komot for her eye even bros go dey vex,2
i will do the most i will get to ibadan the day the result comes out god abeg once again my daddy go run am as always the way i don they plan to reveal it to my man sef you will think say na pregnancy reveal coz its been so energy draining i swear,0
noo hes been fc just dat den he de do eye service asin unbaised but now hes a full member of wizkid fc,0
the day you line trip off na that day nepa dey leave light for hours come make you dey feel like jonah of the adugbo,2
na una dem go beat oo for even bringing ur candidate into the equation,2
na boredom dey make person dance for midnight sleep sef no com gree come i have dance body fat out somebody help me,0
broadband internet service is now in awkaunizik students una lectures na via zoom nowbetter merge in your lodge and buy e go help una ouna fit dey like dey use am,0
please book your session from tuesday abeg my money aff finish and school is on session the one them dey give for house no dey reach,2
that one no follow na e crowd pass ochanja market,2
poverty must die this year boys dey work dem never collect oluwa please wire time no dey na you be our hope we pray and believe in you only,0
na to read am be the koko observe all wetin u read evangelise all wetin you read,0
and the hyping lásán dem go hype you you go empty your account,2
u people should pls stop acting dis way u don pass dis level of abusing each other relaxchill and continue chasing ur dreams pls,0
if you been know me before you go know say things no dey today like them been dey yesterday im a miracle youre a miracle we are miracles by lit up by george dashe n e w s o n g l o a d i n g,0
finally visited and i hope i dont get addicted to that jollof rice and i devoured our plates as if we havent eaten for days cant wait for the cart opposite valid na just to trek and have my smokey jollofnice one guys,0
god i hate this kind of thing u go dey explain a character in a show or why u like a certain music and u will see how they start judging u e dey pain wallahi,2
ill probably have sex with my partner for years before giving birth to any attention seeking rascals e get as e go take sweet reach e go enter years️ oddyandoddreamyflow state lucid dreaming‍️,2
dey never dark reach where una dey ahbi,2
show with jennifer omoko dey on air right nowhow the start of the weekend dey be for your side hope say you dey okay after the hustle of the day ogogoro and water get the same color but nor get the same taste weti you understand by am,0
im an old man in a young body oshey im glad i dont age u think rmd is sugar daddy goals wait till im in my s,0
dem no wan give us light o government no wan support our new lifestyle,0
swear kayode no fit make am again ooo nah + den call this thing nah wetin concern us with gossip,2
i hope yall see this shey na untill all of us wey dey stream una music die finish,2
seeing my guys win gives me joy being the plug gladdens my heart more before i so to god love to for being the grid you dey make big things sup oluwa na u be d chief handler wey no get handle,0
nigeria na movie and only who get sub dey watch am,1
dem de look us we de go odidikporikpo,0
walahi you fit do uber or conductor men,0
i don tire to dey look for the x wey nor dey end for maths,2
masturbate days times a day yet hes alive ‍️ just say hin head don dey small,2
i love you bro ive repented fa he wan abuse oyo wey be him senior brother but no mind us na playplay oya come ibadan i go flex you die my brother i love you,2
lolwe be human beings na we dy make mistake na autocorrect fit do am self,0
i no ask my broda as i wear hin shoe do this videonow the shoe don openna we dey solve like dis ‍️‍️,2
we don see live band wey go perform for your wedding please na just pick a wife bikonu,0
wetin dey worry me na say twitter outrage no dey last people just want something to rant about and forget the next minute,2
e be like i don enter gbese oo i don go mistake buy new cycling shoes fizik tempo r overcurve in gunmetal,2
abeg fall o pere na cruise ship,0
e be like say odunlade don dey go gym,0
that new ip x e too sweet abeg if you never hear no go too far link dey here,2
so ur part of dem too see d way dem dey shout for here too,2
swipe oversized tshirt with sleeve cuffs‍️ price n̶ ️ color white size m dm to order shakarashop online shop wen sabi you sef go dey do shakara warri nigeria,0
oya oooo make una hold im trouser oooo before we go hear stories that touch,2
everyone is but me the one wey dey pain me pass na that morning parade they way dem dey wake people up they way dem dey shout on top people head,2
na him get heart pass every day e dey break and no justice served na so so meetings and tweets,2
ah one o de ah two o de de ah three o de de de am in love oh am in love oh i said am in,2
yaaaaaaaaaaggggggggaaaaaaaaaa e dey my tweets insha allah i go pull out out when e happen prophet ni mi,0
this kk matter don strong wetin u see for d wazzup be like the guy don show u some documents hehehehe,2
shey una dey see am as cult clashes dey spoil things for us in awka,2
reason y kante snubbed jose is cus of his attitudeand xpecialy his bad mouthu no jose dey talk lyk pesin way dey tak sumtin,2
so man u go lose to villarreal wey sevilla dey beat wey we mend,2
please na i fit manage for bq make i fit dey chop free bq,0
i still like the sound of as u c me n my brother hey nor be say we gud pass o nor be say we get pass o but e be like say na we dem bless pass ooo still dey ring for my head,0
this nomination don talk am say i am happy for you na dem b dat oooo,2
if only osinbajo fit try a bit baba just attempt to try,0
why all of una dey laugh me na ma only jargo be better person,0
and so e no gree again na na una dey pained sef shebi na just ordinary feature from the king,2
wahala for those wey sell,0
you see this money bag na only small money you go bring na you get am all colors available as seen price to order watsapp,0
every morning i wake up ehhh i always thank god dat i failed dat one maths dat made them move me to art class me nd art was a match made in heaven oo,0
tboss dey learnyou see ceec lasan e go dey do you like say make you stone your tv,2
lmaooo emma is funny tbh e say na anty commot this your eye glass make we price this thing well your ajebor too much this evening,0
armed robbers dey front bridge don collapse civil war don start rapture don come,2
na soup wey sweet people dey rush u dont have to serve the soup early too,0
they have taken over your town bro hope say you dey dia dey fight,2
my padi make mouth to me i flog am o for fifa the real matter na hin be say he don cook and e no cook my own who go help us settle like this,2
but wait a min sef why cant someone pick me at random and send me money or upgrade my phone or sha do something nice for which kain head i get sef you people wey dem dey pick at random you get head,1
lol im angry ill say we av work by pm on friday you go dey tell me say e too late for you to travel,2
thank god say we no get nuclear weapon na so president for launch missile against russia then talk say e no dey aware,2
after this hate and selfish speech i hereby give up make i go dust my book abeg if youre going to the abroad even if na namibia please i dont mind being your guide o we moveeee god fit use you o,2
the kind one of a kind wey some of una be dey one kind,2
una wn folo me dog my pikin name prsn go wound o,2
if made in lagos win na e be say grammy awards don cast,2
na list of who make d final goal if i wan add anybody na kai kai play ballllll,0
im looking for valantine too oh make e no be like say i dev vex,2
omo i no even understand this hustle again im tired i say i no wan stress again na baba god pick your call o,2
e get stage wey person go reach for life wey sex no go dey excite am again d only thing wey u go dey crave for na peace of mind and financial stability e be like say i don reach that stage ohhh i just want peace of mind n more money,0
abeg abeg everybody should stay their fathers house until e don do dem,2
as dis mfs wey on the field wen my boiz came to town years back hope u remember the goals bashings back to back sha,2
wetin we wan use that thing do ride wey be like old refugee camp,2
fun to chat with don dey bill me k shey bi una say na contact she lost why una no tell me say she lost money too,2
pls who has the dg of nysc number or email this my cds pple think they can extort me of k for project wey dey inconclusive abi them think say k plenty ni,2
nothing de happen i dey mi dey make everybody de there dey i beg,2
mudi o e be like woman don do mudi strong thing before,2
i think say the part nor go dey edo men proud pass peacock but they are proud in a good way sha laziness the ones wey go wake up early in the morning baff finish dress up like people wey dey go for photoshoot siddon for dormot dey wait for dollar from the abroad,2
to return the brideprice she paid on your head or for new wife wey you dey plan go marry,1
na person wey no gree go prayer walk go do strong house chores today shebi i for just go,2
this green leaf sef,2
na heaven gate we dey be that o but if any person fit try convert us we fit still reason am sha,0
omo na party dem say make we con do for this ministry,0
some girls go just carry period dey come guy house why if you dey on your period abeg no come my house i dont like what i hate gossipmillnaija mcedopikin samklef,2
legit nwanyi onitsha e don dey pepper you already say we go begin tension you,2
na the number of foolish people wey dey the replies dey surprise me abi na sarcasm,2
na rals sweets dey run am una good morning ooo abeg i go like your retweet thank you send your order enter sharp sharp lagos,0
and abscond some will either steal something from their employees giving you a bad name or will just leave without saying a word you see them and ask them what happened and what you hear is aunty abeg i no fit don that work o how many months i go work before i fit save,2
last month bcus dem use iphone colet my baby wet i don dey save for years and i still dey cry now too‍️,0
swipe overhead regular fit shirt with s style print price n̶ now n off color multi colored size l dm to order shakarashop online shop wen sabi you sef go dey do shakara warri,0
all these over games can be very annoying when goals arent coming forth na to play double chance either or x at your discretion be the way but e go still cut if e go cut,2
early morning u dey make person laugh,0
~ lol na people wey wan spoil twitter people dey spoil thanks baby sis ️️,0
price oandg consultation k una don suffer for here nd time im experiencing it nd time im walking them out of my office i tried educating and na still argument ok now can you please leave my office i have other important things to attend to,2
all these ppl dat are not popular who is always hacking their account wetin dey ur social media account wey pesin wan hack,0
because surname plenty wey dey similar and they all always assumed that it was rukia that have him his powers,1
balikis no sabi kiss omowumi don do abortions iya abiye sef never born even morenikeji never get partner ifelodun don break up wetin we never see for our street even excellent sef dey carryover courses,1
i don tire for una intellectual,2
na na na na girould,1
i don finally register for gym oo na when summer dey end i wan start my summer body loading,0
good people still dey this twitter sha na wetin me i know be that if you like continue using people to catch cruise and subbing people behind the keypads few days ago i posted an outfit for sale and one of my followers reiterated that he would love to rock,0
she wan cme de put am on d bf,2
the person wey run commentary na werey,0
go sympathize wit wit ur family cos u v taken nigeria out of sovereignty n put her in a zoo,2
e be like say you never hear me dey laugh before call me and tell me one joke i don dey even laugh already ha ha ha ha ha lota ohhh,0
we dey run am this week oooo may tomorrow or thursday the bar dey with me sef,0
this one na normal thing for street na,1
when una governor don finish una drainages una fit come back come brag,2
im jealous of the nights that i dont spend with you im wondering who you lay next to ohim jealous of the nights im jealous of the love love that was in here gone for sumone else to shareits hard for me to say im jealous of the way you happy without me️,2
wetin e wan cost you to bless me absolutely nothing yet you will look away so sad im off mtchue,2
my dad flogged her like a thief i went and i was like daddy e don do i beg held him and took the broken cane ive not seen my dad like that in a long time back in my days blow dey follow self,2
shitttttttt tried to clean my ears with an earbud and i think i pushed the wax further in my right ear don deaf oo abeg where the doctors for my tl im panicking,2
my name is wunmi and i am happy to bring to your notice that you should buy makeup i deh sell well to people i come even deh give freebie sef so why some of una deh say i will get back to you‍️ lori iro i am available to take orders now oo,2
i dey laugh dey cry reading a particular reply dem say e wear her pina,2
i know im guessing but e be like say i don guess rightly o,0
if burna had won that grammy small thing e for don dey say win a grammy and come talk later,2
yards dem don dey rush us,0
whos in benin around ugbowo abeg lets link up today id buy my stuff myself if youre a girl make e be say i comot,0
is that person your relative oga ooo na like this una dey do,2
that chips i bin dey chop for momo for your side kept me going mehn that soft golden bread and fish stew bin dey top up the chao god bless yall famms mehn i just miss childhood,0
fine girl if you wan get bike dey comot from house around or am i did not subscribe for this stress abeg,2
wetin de burst my head right now ehn how ole take scam all of us like this na only naija boys fbi de see bah chai,2
gej is my hero even the wasc one acknowledges his hero status na only a tree with ripe fruits pipo for d full street dey stone,0
and dem say na rubbish children dey talk,2
omo see wetin buhari de do for this kind heated moment baba de commision keke how this buhari take survive this corona virus how did he not dieeeee this guy doesnt deserve to live,2
e get one nurse wey dey inject people h better go check,2
during my nysc e get one babe i dey eye for uniuyo she hug me finish call me next day say wetin be the name of my perfume that the bf likes it,2
for what abeg abeg ó we have moved passed that he should stay with the lohl as my girl said,2
on top this matter see as i dey chop insults i don change na,2
as hin fine reach hin noh fit toast even girls wey noh reach hin level his ego sef,2
money i just make e don comot to fix fuel pump whats all this na like why god why like why dis,2
the kind sweat wey i don sweat today ehnnn even if i dey drink furosemide the water wey go comot no go reach this,2
na ballons dem dey play with now boringgggg people,2
brymo is a gift to humanity we dont deserve him na society dey enforce the rule but na woman dey dictate the rule but wetin man go do na to break the rule for good what a gift what a blessing what a rendition what a talent i stan a living icon,0
people wey dey ment,2
if na give away them wan do sharp sharp comment go full everywhere,2
bros me sef won be like u ooo but all d ones wey dey shoot shot to me no get sense,2
someone should just send me money please this school thing everything na him we dey pay ehn im not doing again o,2
na ein ace don cm dey use am dey soft ace wey get gas cooker to use light kush,0
you gats tell them they gotta know say na me dey hold you down let them know im your controlla say na me dey make you bounceyou gats loud am so tey no body fit doubt am say na me dey hold you downlove e no be hide and seek o️ thanks️,0
that feelings when your favorite song is been played you cant help it but to vibeeeeewardeva still trending song were sweet no de fade like orlandis within nigeria,0
where una climb dey gocome back joor,2
and to think i risked points to bring in barnes the guy is returning just points e no go better for fpl scouts wey dey confuse person and to top it all pep is keeping kdb on the bench i need somewhere to cry,2
i enter market today say make i buy material for cake decoration omo na so k finish just like that see the small nylon i came back with why are decorating materials expensive na so so k k they just dey call,2
the way i will draft this divorce petition eh the petitioner sef will ask me if the exhusband to be has offended me before,2
the of you are mad na me fuck up wey i dey praise una‍️ lets act pe i no tag una omo ale,2
saturday shout out to my wife under review abeg shes undergoing screening if she no fine make una talk na o,0
my whole life in one song shey make we drop am help repostshare abeg as my helpersponsor fit dey your timeline incoming teamseunrunzyfans runzytv,2
pussy way everybody dey enjoy e reach your turn you give her belle no be so then they do things,0
kiki osinbajo should just go and sit down abeg they dey find her papa for oshodi oo make dey no catch am oo it is like they dont know people voted for osinbajo not buhari not knowing that the difference between osinbajo and buhari na just age and height,2
they way people are appointing theirselves to be commanders of spreading scaring news of this ehhhhaswear to god e dey tire me must you scare us all we sef they follow update now,2
we don grow na village people dey hold us,2
you sef dey act like depe person wey dey collect choc from mary and martha no go don sabi them,2
of all things to hate on in this nigeria is my school abu zaria like why abeg come carry the school keep for your backyard dey hate on i don tire,1
because we nor gree sub demdem nor dey use us as mcm again,2
i fit set you up with the other,0
i don make girls cry this year my target na all of una go pay for wetin onome do me last year,2
omo na blessings on blessings way me i dey find,0
can u atleast stop this shitty comparisons its not funny anymore most ona wey dey dey behind tweets like like never even knw next step to take in life ona go dey dia sti dey collect money for food for house,2
no be person wey first talk story na im dey talk true smoke can never be hidden it will always reveal itself,0
me wey stop to dey watch after st half the season is over for me thank u to think i was planning to spend money to come to watch a match this year at d emirates na this rubbish i go come watch,2
abeg obo you don pass this thing wa you won do if na burna dey ask this question i for understand,2
see wetin hunger dey cause na buffet i won type,2
una nor nice for this twitter at all na only to slander person una sabi,2
all of dem dey vex me ‍️,2
all dem sabi na to pursue people with beards and afro smh,2
i dont know guy miracle say na anytime ebuka wear that him agbada person dey comot say na eviction cloth,2
lol you sef don pass boundary dem say make you no touch anything but you disobeyed,2
i wan laff belle scatter,0
as i dey vex for e be like make i vex unfollow am self because of the anger of not doing my panic shopping yet and the lockdown in abuja is tomorrow,2
ibadan people scare me ohjst bcos i look like someone u knw u come me like borda i know u ni ahn akobo road iyana church sista rebbeca badmus ogbeni are u mad ni i dont know u jor is ur brain water lodge with shit water,2
you see my parents my first priority cos i am blessed and will be more successful god na me go make dem relax like they deserve i go buy my mother anything wey she need my papa ehh strong man day in day out god theres nothing impossible for you,0
but wiz no dey trap na afrobeat him dey do no doubt most of lyrics are repeated and about love but you gats give that guy credit music is a combination of sound voice rhythm flow not just lyrics alone yu sups knw dat na,0
men biko how much will be enough for you to barb your hair and look good ladies tag a guy and pay for him no be only men go dey pay una bills i know some women will want to tag some + men wey don go bald you will be disqualified ️,1
so that guy sef na pius anyim he wan talk abt na him dem wan dry clean now lol see okoto here,2
biggest baddest nigga ever liveth fine boys like you na dem dey rush you,0
loool this mute button na inside life o e go far gannnnn you mute person and e be like say them don die,0
omo laycon is vexing me lik dis nw why having dis discussion with nengi im pissedkin let dis issue be ozo is a grown man he should stop dis nonsense advice his selling to nengi shes smart to deal with her shit wats all dis nw,1
i dey help u na make u see wetin to talk and write for ielts,0
this guy dey whine me sha why you tag me first you dey whine me say i sabi whine which kiin whine be this,2
the knife wey man make na him dey slaughter man,1
so im hearing a mans voice from my neighbors room see ehn i want to fight this guy get luck say no be ph we dey i for duff am before e comot estate gate what rubbish,2
i be gehh one agric teacher da year weyyy we dey call gbanjo then one crs teacher wey we dey call ijoya,2
if u are in a relationship with last born love dem cherish dem n advice dem because dos people no get sense,0
all of una dey do aye something lol make una no face una music,2
don employ me make i dey help you rest if you wan dey online cos im not sure you rest a lot o my salary should be around k thank you,0
see your mouth like ask him una no sabi wetin una want gan gan confused beautiful creatures,0
sha said im sorry na okay im still sorry,2
stop shiftin facts n focus fo say na inky u sabi read bsides u dint discova dt dos dt did gave ref n many wrote too srry bt nt dis time sir,2
na so i take misplace airtime wey i buy now sha e pain me make i no lie,2
congratulations sir as e de sweet us e de pain them,0
na so so order e dey order,2
how far brother e don tey ooo hope life is treating you well,0
e tey rain dey beat me like this sir i dont have picture anywhere close was checking all my stupid apps and i found this on badoo,2
i dey tell you na mumu girl dey shout i be ph girltf,2
just now bro its sad man the funniest thing be say na person wey don dey support him videos upload this one e con dey abuse ham now hows that guy gon make it in this football world man is a youngster and doing like that what will happen wen e turns damn,2
f e e l l o v e d they re awesome and amazing,0
e be like sey dis rain don dey reach everybody ooooo,2
thats my point nah we we dey start the distrust most same way with contracts speak hausa to a director and he knows youre competent he will consider you first but meet a southerner nah oyinbo dem go dey speak because them no want help u nah wah ooo,2
yall please follow me i don tey for this bird app pass to dey get followers,0
and don collide ontop my mataabeg una sure say no be sub i come this life con sub like this,2
na remote dey work am nothing person wan tell me,2
but seriously all these females oap in enugu need to stop all this plenty english when theyre on air️ e no fit some of una at all,2
dami you sef don dey do love jesus,0
braaaa i nor know o as dem dey half time for euros qualifiers na make me change channel,1
lmao egg wey don soak for stew wey u dey always enjoy lick plate ‍️,0
congrats agbawo abeg cut soap for me this bills dey choke me even if na once,2
na your people na abeg help me put mouth beg,0
this heat and no light since morning god na your hand e de now oh,2
we dey wait for the menu we need to serve these guys as e dey hot,0
ori gbogbo won kan daru nioil wey be say na we get amna him we dey prepare for worse forhow did i ended up birthed in nigeria,2
na dem no wan finish onitsha enugu express way ‍️,2
that imeko video get as e be for my body sha small time dem go dey rubbish cele,2
ive tried telling girls im older than that im interested in a relationship with them but no immediate plans for marriage say years and above the first statement i get is you never serious and these girls dont own a penny to their name oh e dey mad me walahi,2
me yayi zafi ina ruwanka kuma e no concern u e no concern u abeg stop bn a cule pls,2
i don go follow and patiently waiting for her for apple music should i blow powder before you notice me abeg na,0
e no dey hard me to slap person wey dey ask yeye question o dem born that mothefvcker wey get that kind liver u sef reason am na,2
u left and dropped a big hole now this boys cant come close i trust you mercy for don don my ink don finish,2
lol na so e pain you lowlife pls caput quietly abeg dont smell here,2
i dont really like when a guy will always want u to chat him up all the time oga me i no well i delete ur number no come dey do yanga for me i am very busy lady benin ladies no get time so if u won dey act like say u no dey shit oga i delete and block u join,2
one pikin wia get sense,0
e get how person go rate you you sef go look yourself say ahan wetin happen,0
if person na arsenal fan abeg e dey cause mental disorder,2
den cos somone carry iphone x go village dem go say em dey enjoy lagos life,2
people out here already getting second dose of vaccines and im still here hunting down first dose dem say dem no gems dey give again please epp anybody knows anywhere in lagos i can get the first dose of covid vaccine please kindly refer,2
ndidi na rugedy babai like him always a nuisance to the opposition i wish kelechi can get a goal in this game e don try,0
e don tay wey i don dey crush on this fine woman not knowing shes a fellow red i knew we had a connection nb pls dont sub,0
some pipu hypocrisies dey stink fine u dont like rosie bt she postd pics of herself in cegar brand wear instead of u at list b happy d patronageuna stil dey spill billes bout her in d wears oloun some pipu hearts na hatred fulam notin u can do please em,2
eryou no win na una plenty wey get am,2
e be like say dem dey cook us inside oven,2
me sef wan stew na,0
i have something i want you to take a look at nah just one kain style wey i fit say you suppose like,0
guy your tweet legit i chop gt food on friday i nearly wan finish my cash at hand,0
ha ha aswear the family don blow finish,0
my people no dey disappoint,0
me nancy baby shey you know say you be fine geh nancy na so dem dey talk o cc kohinoor lounge,0
ssa wey you dey yab nor dey reason you oooooooo,2
pillow under the head wee never allow hair to be smooth laidat na u had to comb or brush it fest but that smile eh lai lo make up‍️‍️‍️ melanin poppin just no wound me abeg na my lane i dey waka so,0
walahi this our cake work is so stressful abeg sighss i stood from am till pm my leg and back hurts alot at a point i come dey vex for myself i was like who even send me message sef,2
as dey luciano now sheybi i for go catch money but i don chop overfeeding my dress no go fine well well,2
those yoruba people wan too dey show i just did introduction kawai,2
who be dat one again na baba dey tag am make gist dey flow,0
where you dey cos these niggas dey craze for here sef,2
na this kind rough play na em make me dey try avoid u for knock out tourney,0
happy birthday mama we love you and are making it look like na only dem get mama‍️ im coming home‍️‍️‍️,0
those people hold my k oo say na my limit be dat anytime i broke like dis i dey remember am,2
i cross my boundary with an arsenal fan tonight till i was told we chelsea fans dont deserve happiness na me go find wahala dem still come beat me come back home,2
she na guy b dat oooo even though him don madt,2
im not going outside until the temperature is above my age kd is so freaking cold the wind sef be like say na angels dey blow am,2
buh e dey work ‍️,0
abeg naa blow me na you god wan use please naa,0
who do una no be una dem even give pk,2
time is more valuable than money you can get more money but you cannot get more time jim rohn take care of the minutes and the hours will take care of themselves lord chesterfield you still dey wait for soap na premier i dey use o,0
and before i forget you can get cute plain and pattern material at affordable price pere na the work wey we dey do have a blissful week,0
come you that cannot retweet my business tweets or reply and like them na only ashewo things you dey engage abeg abeg,2
jazz boys where una dey na this whole story is just upside down and inside out lol the worst part is that some of you are now thinking that palm jazz go work for una please refrain from supporting any adulterated suggestion that jazz go work for you by believing it,2
so someone cannot sleep peacefully again adulthood na scam‍️ adulthood na scam‍️‍️ adulthood na scam‍️‍️‍️,2
pple wey go tok go tok ma bro dont mind dem jhor,0
when night market dey start oo i get stock when i wan sell at june sales price oo,0
part of the money me na i say okay no wahala enter when i reach where i dey go we go end trip see how much then you pay a percentage abi no be so i don reach where i dey go finish aunty oya pay she say em i dont have cash with me ah ah see me see cashless society,2
this jumpsuit de burst my farome chai valetine is by the corner ooo️️️️ what are you wearing for that dinner date this jumpsuit is hotter than hot by the,0
has blown on nigerian twitter since the don epp episode don epp finally don epp person,0
you know as e dey be na,1
how many side chicks dem even get so tey na go remains asking for myself ni o,2
lmfao oloshi jati jati guy i no single so i no sabi wetin you dey yarn aboutand abeg no dey compare me with that certified virgin,2
e don dey finish sef,2
i no get money for surgery yet i dont have big breast definitely not a size so na like this i dey go,2
e con be like say we wey never invest in bitcoin no get plan for our future ‍️‍️‍️‍️ i dey wait make he reduce na to sell my pops land go invest but dis thing just dey rise like yeast,2
never gonna carry any man on my head again sha na so i put one for header ready to paste him on my forehead sef dey love up and down till i checked his phone i wanted to faint,0
bros comot cap make small breeze way dey carry sense enta ya head small,2
na person wey get water for body go fit cry commot tears for eye,2
me i no dey like dey folllw una argue for twitter make we drop location meet do wetin we won do not here twitter jackie chan,2
i get like towels e dey be like i wan open hotel,2
i wan use am take ponder on wetin dem teach for church today b,0
but wait o days never still finish how many weeksmake one day abeg cus like this e be like say we don do months for house and weeks never still finisham confused somebody help,0
symply tacha that oneshe enter house now and she no wan twerk for us so all the twerking na only for ig she does nothing in that house issokay e go do her like film trick when shes booted out,2
people wey dem suppose dey flog,2
this lady ib band sabi the work chaii music wey dey sweet for body,0
twitter friends abeg make una dey useful for once i need k frm una if you knw you love me buzz me abeg be a good citizen please help the needy,2
congrats fine people god bless your home na dis kind pictures dem dey make me wan do fast go marry,0
i dont even have that one sef,2
people wey no get money dey para for person wey get billions social media dey give some people mind sha tf,2
baba god don do am oooo happy new month my correct person yes time for na to pick from make we sama you d song wey folo,0
you know this️️e dey pain me say this girl no dey related to meall of them for don sleep eternal sleep,2
fine boy wey con sabi sing again️,0
which kind movie una send me go watch wey de make person cry abeg,2
i am criminally tired and hungry this singu laif sef,2
poverty and stress can suck out the niceness in you this one hit me deeeeeeeeep person go just de vex anyhow na poverty and lagos stress no be my true face,2
chale ghanaian women dey fine nana aba anamoah na awardwinning media pesin also she be diehard fan,0
be like wetin dem dey see for museum,2
song dat is already fading sef,2
na like this go dey tweet if i don finally get work,0
na so i tell egungun liverpool to be careful now e don happen them con dey waka alone now,2
days wey i dey find engagement i no see e reach win free pasta una dey retweet you guys would starve,0
e no see money to buy cream again chai buhari don suffer dem ehn,2
some questions dey always vex me sha,2
sugarman abeg na today man utd dey play if yes scoreline pls,1
i get work wey i dey do that side wan prime on tuesday then run asphalt next week,1
shege no be shrine de una area,2
as i dey now ehn i just need anything even if na to k make i use buy my fish feed tomorrow or friday,2
omo sent me vn ni sha thank god im alone in store see me blushing and smiling momma so fine she still con get sweet voice weh fit make man god bless you maam,2
aswear you burst my head for here baba say look again,0
everybody dey vex we dey para now peaceful protest don dey bloody now x x link in my bio endsars,2
bros you don chop agoyin beans b with better soft bread wey come white for body,0
lmao i should know this one sha zeez love lace magodo boys them dey do am well i don walk in on them no be times times the worst one na the one wey then finish with one babe she talk say they didnt do it well my is still intact i put hand for head,2
na she use her hand type say she get problem i just dey help identify one of them im happy to help,2
now oo dem fit vex score ooo,2
na boss u be d remember upcumin lik methose dat re serious,0
no now daboski woman wey sabi no be like dis we plan am o who will give abimbola heat now who will trouble terfas soul this is not fair who will take timothy and justice atinuke for a ride who,2
eazege dis ur hair eh u look like joseph for bible wey dey think of him future odogwu e go dey softer for u grammy go reach ur side just do something extra ordinary like ur self ️,0
na because you no be naija girl na cele church dem for flog the love of plastic comot for your body,2
so i cant visit my village in peace rat don chop my new earpiece wahala dey for who still use earpiece,2
seriously though i was so sure i was gonna marry an igbo manna dem full my hand that timechoii they love my oroboishness die na so so nwayiomai sure say na my mama ijebu toned prayers na im change am igbo kwenuuna sabi jare no be lie,0
mk i dey look you go na aisha dey hold my hand,1
if e no be tears of joy forget we no go cry again,0
what type of dance is this on the make una come carry una cc silverbirds rhythm fm benin,2
i laugh at you shit wont even fly in the home of the free not to talk of this country no go kill yourself say you dey do freedom fighter oh na only mourn dem go mourn you las las,2
you no get money for hand and you still no go get good talk for mouth na which kind person you wan con be️,2
dey dia na,1
fat boys like us we no dey rush food na food dey rush us,2
belle don dey pain me again how long will i live with this pain lai shey cramps,2
ssgtruellyi concur absolutely wth lgladysabeg hlp me take bottle chilld star take beg joejoearmanimake e no near mozambque,0
na dis kind examyou go kon dey sweat anyhowand those invigilators they get one kind evil you eye glasses,2
i went to bank and they said u cant go inside without a mask then the lady behind me was telling someone elseabeg wen u finish borrow me your own ️,2
mafo himself wan put am for our body nii na,1
he wan dey use me catch cruise,2
oga facebook sharer chief executive officer of the forwarding committee i hail ohhh have you listened to kod na picture dey make una shake like this,2
e sweet you say dem go disconnect me e go soon shock you,0
e choke help the ministry abeg,0
i seriously do not knw the second minute hour day week month year i will win any of and give away dey don dey post notification since but twitter will only notify me when the give away has ended,2
but e dey payyy,0
somebody help i wanna renew my sub and i mistakenly send airtime to another number with just one number with imidiate effect i call the number i swear this nigga say bros i de look for hike to sub i no fit talk again na so just go,0
where can i find this kain fine specimen the earrings come topup the fineness finish this wan na square meal comman see buffet e slippery,0
oga wetin be tyou think say everything na mathematics ehh ode,2
the work my mama gimme today you go think say she don mean me like say she set trap for me as i no dey come house work continues tomorrow i don tire abeg,2
me sef shock,2
i dont even like him sef,2
leave airtel abeg dem dey try for me,0
as i don enter your mata ehn na correct tin you go dey see the kin love wey i go show eh e go better pass any kind of money this song wont be the death of me i have a thing for larry gaga its not even funny,0
even me sef i dey insult man utd fans i no fit talk again cause if we jam una dem go spell arsenal,2
abeg no vex how can i ask a girl out on twitter fine girls full this twitter ooo shooo the kind fyn fyn profile pictures i dey see ehnn any tips on how to toast a girl on twitter,0
be like say our light don spoil,2
na una be the main students that year people like us we just been dey pass through,0
this tuoyo don dey overdo this gym thing oh,2
please na beg i dey beg abeg you pipu should put a limit on the amount of airtime or how many times one can buy airtime in a day using i need control over this biko and its in your hands alone,0
oluwa wetin dey sirinate,2
he con dey yarn the p like say he dey there when dey sign contract,2
lol no dey loud am na you wan pursue customers from me,2
ah the idea is they are also supposed to campaign back home lets go na i go get you cwo uniform claim say you be lolo and womens leader,0
you dey look fine woman u don forget sef say u sef be spec,0
a man that couldnt build a single standard hospital has good vision na so dem dey do for finland,2
akporshappy fathers dayall brila fathersandall brila men wen never wan marry even though say dem don dey passmarry,0
as e de hot bitter leaf is better life camp abuja,0
na the same anambra wey i dey o,1
swrs bruh i don use my account number flood twitter still yet nothing nothing e con dey be me like say my tweets dey invisible main while don win giveaway form two stars in less than weeks i really wan knw where they dey install their own twitter from,2
ha bori e dey rain here o and some of us dey alone,0
beht beht e be like say na when i fat i dey fine,0
na wa oo what if him break the man back how wahala wan take finish with things like this,2
reno de disappoint mi sha baba use style beg say na e no knoe say na her,2
lol how my queen go dey do that how person wey go raise my kids go dey knock gala out like that,2
lol baba dey change squad like say na friendly b every game im tired,2
please lets greet her her boyfriend na sars na her account those pos money dey enter,2
lmao e don do me sef before oo i wan die that day and na k i bet,2
e no go better for the dg and his workers una think say na only una get plans abi,2
people wey dey watch back of tv,2
e no steady sef be like e dey run shift with heat two day in and one days off,2
leave them jare idiot people people wey win am no be them dey their front na to chase clout,0
when u are not sure of why u are on tweeter the next tin na to dey cause person u way ur own never better wey dey look for partner o gor gan,2
if i just touch my phone percent don cut comot e no fit better for infinix,2
food don ready im on my way home oo you dey here dey tweet,0
i really want to whine him but e fit mute me again make i no dey see his status,2
being born in nigeria is a disadvantage already automatically life don dey lead u if your parents no con get money lol na if u con be first born na nd u con be a arsenal fan,2
you wen go soon comot,2
e be like time don reach wey i go marry im just in my feelings make this wedding do make i go house btw yorubas can party sha,0
your mind na sugar factory now man u don win,0
u dey sure of wetin u dey talk so o girl,2
abeg who get owambe wey person fit gate crash today na,0
tell my enemies fvck dem they know already but fvck dem tell dem again with a middle finger and a chucklehaha,2
im not even bothered again sef todays discovery just made me realise im actually doing something great,2
na why i stop to dey go church dem carry me and obinna phone for the same spot deep stuff,2
guy i wan die that day i come dey waka like say i get hunch back,2
even if na only laycon dey dis party he will rock and enjoy himself no worry yourself,0
story story who carry league pass when last you carry am my brother hypertension fc when you start to dy support arsenal sef how many trophies you don celebrate with them the unbeaten season you never start to dy watch ball sef so sit down and be humble bro,2
was listening to one radio station news this evening on my way home omo eh the igbo wey dey speak dey learn work from that of the newscaster oh,0
boys dey hospital dey work salah meat just dey pass patient come and join me doctor me im fine maam thank you,2
lmfao abi thunder wan strike this oneso na pm be your resumption and me dey resume am,2
super falcons don start abeg o world cup na june pls show us una real face,0
where shey u no go go come bless early morning blessing kk e fit reach me as bad belle dem dey sleep,0
chews loudly because i cant stand snoring its one of my greatest fear in marriage marry wife finish she con dey snore omo na to return the wife,2
don jazzy shey u go do small giveaway this december na u i use get hope o since this year e just dey jump me abi this no be my year chai,0
see my own ballons baby of this twitter fam got ballons its not even pm yet and the way you lovely people are making me blush smile and blush again over smiling de do me i am being swept off my baby feet with all the love keep it coming bikonu,0
peeps pls let uncle doyin rest na y u dey remind e no good o,2
the way todays games be going ehmits like the gods of football have done okoto meow skkkrr on all my predictions so far im not doing again let be playing their play local woman dey go drink beer abeg choi‍️,2
he dey happen na na highness,0
all these rich people na so dem dey block,2
so painful i could only help someone with ah but when did i turn to this na my village people make una leave me na abeg i need money enu gbe please,0
big man abeg na my number be this i just wan access my account tomorrow and smile show me love too,0
na me una dey live on im spending money small small so e no go finish now i have to take care of you too as a nursing mother with twins im just angry goats can eat their foods are expensive im going to name them bitterness and pain cause right now im bitter and in pains,0
im yet to taste small chops that is better that chops this is not a paid advert i love her chops anytime anyday abeg i dey come chop more,0
what sickness abi disease tsetse fly dey give ni e don bite me die for this bush,0
i just follow your account today indeed youre sportingking im late anyway but late comer sef dey get luck sometimes e no go spoil keep winning,0
black is beauty na an there body system is well strong,0
it has been three month i havent had yam ofada rice vsop in fact good food sapa dey if you see me na cereals you dey see,2
good morning fam come and buy breast lifts o its not for fallen breast o️ if u no wan wear bra comot house na the solution be this and its for a give away price in a pack price k,0
abeg alex dey dancemy kinda girl,0
lowkey when i dey high school and teacher beat me i no dey cry bcos them no fit flog reach folashade e be like she go school of flogging,2
man wey sabi,0
who dey restrict my blessings na the thing d choke me for neck now i no dey fit breeeettt again abeg,2
loldem never see anything if only such people know wat we do wen we are really hornyandwit d right person,0
you sabi the thing come dey tally your scores boys go dey find spreadsheet to know where hope dey or the number of resitrepeating students,2
abeg why my follower numbers dey go up n down like nigeria stock exchange as i dey so i never reach common follower he no good na,2
them no dey rush them,1
see ds one abeg wetin u dey form i no want o before u use am insult me again,2
sharrap you wey dey collect,2
come ooh na every match ronald koeman go dey start pedri why pedri go come chance rigui puig just like dat make this our coach know make me dislike pedri ooh,2
for not proving point is just a class nengi above em yeey e restrict airflow jor,0
this ur talk dey smell weeks ago both ozil and mata played in the same game ozil shone mata didnt rest,2
my brother sells and supply dried fish you can place your orders delivery within and outside niger it comes in different sizes large medium small super small r e t w e e t our hustle please,2
malik woman na like voice note we just dey hear am but we no fit see am,1
lol na this ya guy dey talk say fire service come late to iponri fire when dem com reach hose too short e come say i no get sense on top after i call am out,2
this one has come again belle don dey pain person,2
how far after the online bashing na this way una go una dey hawk our jersey like this cc,2
‍️ i still dey laugh,0
how sure are you me wey dey find you come area,0
thats one way to know girl wey nothing dey her brain just air for the record i phone is hype do your research and get back to me,2
na wetin e dey find go medical road be that,1
i hv sha learnt my lesson im not doing tutorials or telling anybody answer again this second degree and masters make everybody mind their business but e pain me e pain me ooooooo,0
something light before the elections ⠀⠀⠀⠀⠀⠀⠀⠀⠀ give me just one word youd use to describe this beauty how would you rock it sef available to order send a dm,0
wahala wey i don do today no make me remember birthday‍️‍️ and he sent me money on my birthday ooo happy birthday sucre papito gods blessings on you the twins and your beautiful wife thankyou for always️,0
doga na you i bet withna you dey i dey collect from,0
why i no dey always dey online when dey dash people money which head be my own sef well i hope heaven smile on me one day,0
na person wey get car dey get mechanic,1
you dey ask for the pc boy me i be ph boyhelp me sef na my account dey standby,0
foreeal when light no dey to charge phone how light wan dey to charge power ban lol power bank always on low,2
e be like sy all of una for dy mad tonight lets fvcking see the votes,2
you sef know,0
invictus obi aspired to inspire thats why he decided to conspire but now hell have to perspire because plans don backfire fbi don acquire the documents wey dem go use inquire forbes list membership don expire and shame don catch everybody wey dey admire holy moses,2
jack i am tired of deleting tweet cause of small error o ki lo de na and you too sebi you know what should be there right fit it in and stop stressing me elizabeth ko lo bi mi,2
omo rapture don take place ooo fuckif maleria dey catch u u go say na rapturego take ur drugs,2
wizkidfc i hailo wizkid just dey where e dey chop suya and ciroc and e dey trend like like this,0
who dey go abroad for dream nor dey do wahala of visa,0
if you never listen to bolanle by swears we need to check into your matter bolanle getti boyfriend wey no like too spend she getti boyfriend wey too dey calku she getti boyfriend omo ijebu bolanle ft ivd,0
ah taya oo she no cum fine sef wen dey dey wear bra there will not here word,2
na you wan judge her before,2
hehe dem don catch ma guy with expo in dat pocket worse say e no even use am cos d exam easy pass wetin we think nd e come pay k to free emself,2
lol i cant be in that kinda chat ordinary private chat sef i sabi how many bcs and vns i dey receive from my parents every week,0
the other guy na sabi man,0
you go don know say dis one na lawyer e wan turn case upside down,2
so curtis graham u no fit direct beta knife stabbing scene this stabbing looks like the we did in the short film we made im annoyed cos were amateurs making a movie with zero budget and u people are oyibo with plenty equipment woz deez,2
happy birthdaydear more grace to you o boy see uniform biafra army uniform chaii omo na this one be original army uniform no be that onion bag wey nigeria army dey wear choii this one be confirm i done fall inlove,0
una don dey overdo am for the benin city which one small pikin when never reach dey do for hk make una calm down chairmen abeg no go spoil smallie life because grown up boys nor dey loyal again shuoooo wetin dey xup na every body must do yahoo,2
but talk true o this ur selection no dey weird for ur eye as person wey dey watch wella,2
those chicken no go don for their pots in jesus name ooo and if dem do stronghead eat am dem go purge from now reach december awon ole oloriburuku,2
forget relationship matter abeg na who dey alive dey toast girl,2
one of its kind perfume oil wey pass perfume oil any fragrance wey you want please retweet my customers fit dey your side,0
na wetin me dey reason since o,1
its coolest wen money dey,0
mdcn fwacp nma no go see this one na to shamelessly increase primaries to k they sabi yeye dey smell for sabo,2
them go surely tire for this corona money wey dem dey chop,2
after this argentinas loss anybody wey curse super eagles eh him papa this same croatia wey fear us wey use own goal and penalty beat us naim dey destroy messi and argentina like this wow,2
serious wahala for people wey no dey use vsp botanics dont procrastinate rush now and place your orders on vsp botanics ig page and join the glowing skin gang the quality is premium and effective for your skin,0
be like say i go go through vlad following cause the kind things wey dey appear for e tl ehn,0
first time i knew i wont fall as onitsha boy wey i be buh e shock me when e come be like say we dey enter potholes for air ‍️,2
stop this nahhh i dey chop hot dog for sharwama i cook spaghetti hot dog is inside indomie hot dog is inside even my nigerian jellof hot dog dey pls nahhh hot is like a spice to all my food,2
them don dey fix am,0
wahala don dey like this oh,0
mumu is from ja who mugu dey rule na mugu im be,2
na demo o i dey overleverage steady the losing trades dey vex me,2
e dey sweet my belle die,0
no be im fault brosna surulere people i blame,2
i post a video on my whatsapp status and my own blood quotes it with so lonely better goan find boyfriend boys don dey form for girls nowadays o please who needs a new family member im giving out for free,2
poche dey geh headache kane son and co dey sell up na their matter o our joy still dey intact,0
please it is finished if u dey go london abeg if nah like dis make i hang ah go dae comfortable,2
i dey the warri now i dey with the area now i dey with the boys when just come back from krench i dey the street now,1
this big abuja girl is always counting dollar on my snap she no even wan patronize my bureau de change,2
lol na pipu wey no get money dey sleep pass ooo,2
i dey like dis vee action dey always sweet mena only one kiss go solve all dis oh,0
i been dey expect some kialess capping but u cap wella u be beta smaller after dis wahala i go carry u go one side bcus i dey trip ur lipsdis bayelsa and port harcourt friends i hav haf spoilt me ooo,0
lol i wish say na fifa make i fit control them but that one na real life hammer bros,2
to sew not dey tire na him dey settle all my clothes matter both suits and natives,0
na wetin baba dey talk o we no get that kind money here please,2
nobi there fault na dat ur k na tithe money for some areas kwa oo,2
veehive we nur dey fight anybody na god dey fight for us,0
younging wey de cause trouble,2
prophet phyno warning hushpuppi in you no get legal money you dey follow people when get legal money dey argue dey even drag them join everyday for the the thief one day for the owner hushpuppi is going away for a long time,2
baba don dey nurse the account then don finally hack am vital friends,2
no be same place abina wetin again,1
i just wan press k on top odds wey dem give saka dem block am put odds block am again till e enter something,2
e never end in tears na why unah dey do like this,2
dey pain me reach bones say anytime i talk with my cousins or friends from benin city dem go chop bini like cabin biscuits and ill be replying with dirty english who do me dis thing self,2
quick question whats wrong with big brother naija this year na abi money no show no i fit send my k ooo,2
naso he dey one corner dey laugh,0
you dey talk rubbish rilli try am for dubai na their police to arrest you forget say dubai na muslim state,2
na lie na who de castigate a whole coal city like this oh boy take time you will be amazed you know when we don de go cinema for enugu during the days of eastern shop leventis when enugu was hub for the whole eastern states stop it,0
make i no lie you my dear deep down i like you ooo but im scared that im too good for you your reputation precedes you i dont want a stain on mine as well im a good guy but are you a good lady,2
akporsmake i tell uall dis oyinbo brain na computerso,0
that money you wan bring for my wedding you fit carry come now e de urgent,0
i dey put am she dey feel am she dey lick am e dey sweet am i dey give am panel beat am when she need am,0
my broda out with a dope tune but as you dey pop champagne abeg give me some beer so that everybody go dey alright support good musiclink pon his bio,0
na who chop the spag after una do the artwork finish song is too bop,0
wetin i wan take beg you to followback na gtgtbeg me,0
yeswayyo ne ai they appear to be decent and better by pointing fingers at those sinning differently than themsomtimes their sins are worst sefyet they hide behind those sinning publicly as if they are any better,2
video budget na like m i still dey gather am u fit chill small,0
wetin u dey even talk any small thing na the generation una wan blame,2
lol icy be really peppering them no wonder they be looking to ship her with anyone lately e remain make them ship her with ninja even with married mike dem say na micha secha lewl,2
me i don taya for the car sef na every tuesday e dey spoil,2
update e don dey work,0
motun dat cindy don dey too talk about kaffi ooo listen and put ur eyes down ooo,1
so for the full nigeria them nor see better camera take snap this thing this ahmed musa una sure say e dey alright so i stil dont understand this decision to join kanu pillars,2
life is precious please stop wasting it that partner wey make you wan kill yourself if you stay alive you go see beta one oo that degree wey no first reach your hand if you stay alive,0
dear liverpool fc why is it that every transfer window we must cry and beg you guys to do the needful this our current squad is ageing already una dy test my loyalty oo abi transfer window don close for anfield make una sign players before one or two go happen,2
belt wey dey tight before them get liver to talk am out,2
kai rccg national leadership teens executives retreat nlter con see room na paradise earth be this o neat cool air conditioned nice wonderful features and facilities na earth be,0
see my baby na,0
ameen jaywon stay at ohm stay at ohm now food don finished watin my new born bby go chop nd my wife just tired of dis country,2
don blow he don even start to dey blow whistle,0
please if you see where them de do giveaway abeg tag me e don red,0
e y e t e n t i o n never have i seen a blue eye shadow look soooooo gorgeous all thanks to lacici x available kano st yanga,2
reason am na even my late mum dont allow me keep legs on couch like that without shouting take that nonsense off the couch if you wan form oga get youre own house here the oga na my husband,2
lol abi when the queen made you the chosen one na to dey brag remain na ajeh nengi we full here ooo,0
this akpeyi na punishment coach dey give am e be like him disrespect one of the coaches naim dem punish am with start,2
mama di mama na you after you na you again wutttttttttttttt,0
its better to use leg dey waka for nnewi than carry car bike riders no dey fear you oh,2
i get one ebook wey go suit u make i send am the name na minding ya fking biziness,2
na this thug wey save her go marry her wan ti fe hijack babe lowo mi afmag na god go judge,0
me wey dey look into settling after nysc sef i love peace of mind,0
e dey vex am now because wat don tell the whole world,2
e go kan marry wey e mind suppose dey at peace kan dey pay debt ‍️,2
why are u deceiving us na if i dey hear this ting my hope dey faint,0
lol oya now wetin dey hold you back now but for me na carrot sure pass at the moment,0
i just dey observe say that hood i came fromno artist don blow for there oooluwaabeg help me and my musical career link me up with person wey go help my life asapmake i break that jinx ooso help me god,0
temmy is a bad friend she legit told me not to wear red contact dt i always look like person wey don dey stone since last year march,2
fam you bin dey mix am for mans that year deliverance ministry god will judge you pipo,2
where my guys wey sabi better thing dey quality ️ affordable ️new andhot kk available in sizes whatsapp delivery is not,0
i never even chop unilorin don release results men i trust don de check their own,2
dont be a wicked fellow na,2
my heart dey bleed the rest of the game better cut i don dey plan transfer lexus money,2
mtchewww una never see anything make i start dey date i go dey show off my babe like champions league trophy,0
these people should use better ink the write expiry dates na some of us wey our eyes no good no fit read am,2
wow so you are married im also a married man that makes us compatible na dem ooo thunder fire your wandering shafts,2
one man was watching football with her wife and their son for one lounge like that madam say she wan go house baba say make she dey go na omo come see small marriage drama,2
baba i for like follow you ansa as edey my mind oo but sha dem no count our chips dey plenty de client bin dey in a hurry and we had to send the first chips we added more later hope i dong enta your good book now,0
shey una later tune in to banger already and e never drop oh big thanks to starbukky and paj king ara+ ️ im so grateful for the love cc adebukolakolapo pajofficial,2
lol i don forget na years ago no vex,2
bro i don too miss some events we de pain me if i de see pix for tl i no won hear anything for this one,2
uncle sola abeg na my girlfriend follows you dont put sand sand in my garri,2
why dem dey call group d the group of death sef why not group f,2
fine boys like dem dem no dey too dey look for girls nah girls dey rush them,0
standing erica is so hard am abt to cry nw wic kind wahala be dis,2
wahala for who dey put clothes wey hin cherish for machine,2
na so i call them for house say i don reach school ooo them come give me another bad news say i forget my meat as i dey pack my stuff meat wey i do walaha fry yesterday afternoon as i dey now ehn i no fit think because this cold sef don enter my brain,2
today na good friday na may dem share money na,0
that is the image of my girl i always love swallowing amala while bending her belle don commot and she dey unloosen belt,0
d lyn wey u tok just make me de feel wan kind dizzy,2
me wey dey ikeja,1
na who dey alive dey buy fabric wey dem go use sew cloth my yard people see better fabric abeg try and swipe left and watch videos too we dey sell better n send us a dm for payment details,0
yes o ekaette don vex too odem must end am since u don put mouth d matter o,2
hrs from ikorodu to owode onirin wey i don tell dem make dem make my eba since noon hoping i will get home in mins and i never even reach mike talkless ogba,2
thread n replies under this thread sef dey one kain,2
na so una accept bu make hin dey go abeg,0
that pot na the highest abeg you fit give me some,0
pork is fucking expensive fr fr k nkwobi pork no reach pics na to dey use shawarma las las dey chop my rice,2
boyfriends and girlfriends stay away from those nonsense hugs and light kisses wey no dey break fast as una dey claim u r not married so u have no right to kisses or hugs whether itll break fast or it wont ramadan is knocking ive talk my own‍️‍️,2
mr zayn africa the gemu don come back again o una wan shave am again you fine pass without gemu,0
make me sef do am deleting soon if i dont give them how una go take the sun came out to play im new here plz be good to me and show me around guys kicks by,0
maybe na she dey my front sef,1
arsenal have met a strong team let dem score na,2
im such a spoilt girlfriend i dont know how to do anything again to buy myself charger sef na problem,2
im so very angry right now so bcoz i dey give this girl my time mean say i be kid abi wetting i no know say our okay don go far like this o,2
if you love rap song go and listen to ft eriggaraw dey burst my head abeg every verse is raw even the fly gangsta album na raw unrefined,2
early momo this monday na fingering dey top naija trend list god abeg oo,1
sarri don spoil my night na ogogoro i go de on,2
ramadan day prayer dear god shebi na dem talk say there is light at the end of every tunnel abeg wetin come do nigeria own cos e be like say dey don cut am oabeg help us confirm if light still dey abeg cos we don dey waka for over years now,2
just try and shift her womb to the side wey twins dey,0
na wa ooh frog fc abeg tell una daddy make he nor dey make mouth again,2
curve your life pieces you no go even show for their snapchat so so food dem go dey snap me sef like foto too nau,2
akporsna wetin ekegunners dey talk sef,2
months ago this chic attack me for whatsapp yab nonsense comot for my body e pain me o i ignore am promised ill come back and i did months after she no dey reply me again wetin i do abeg,2
omo dem dey slap am on top e own proposal oh med must be an edo girl,2
yahoo yahoo na work na cain i go take flog you people dey talk you sef wan show face,2
organisers take style wicked sha how you go just keep hefty bouncers for der dey look yansh wey dem no fit tosh dey bounce see as dat wit bald head take style dey look abeg dick don rise finish nothing to do,2
na now wen una don break upyou dey talk say you been get plans for her but she fucked up oshey oo event planner,2
ah no blame you nah oga jeep wey i dey take borrowpose nah you come tell bros say i dey drive nah,2
i don dey use leg waka go ijaiye from meiran because of this tweet dem pass my bus stop shaa,2
bro na sars office u de drive go why you de sweat like this abii make we give u oga sega number,2
the bible taught me to respect my father and mother so e concern una,0
i so much this man e dey talk am as the thing dey do am,0
my name is samipraise chatting from abeg help me with country na ja don had ooo still roaming,2
e get one time wey life hard for you sha i hope you know say that same thing wey make you cry out here for fuk sake still dey happen to people hows your house dear,2
see person wey get money,0
na beta pesin c as e surprise with yanfuyanfu love for her berday,0
a letter to my ex dear miss amaka you been tell me say ikechukwu na your brother all those years only for you to invite me come wedding come see you dey marry the same ikechukwu my chest still dey pain me till today for my leg and my abdomen region,2
lmfaooooooooooo im done bro im done wtf no hope for dat man and his team,2
me please follow me influencers no twitter sends village people influencers please follow me old account got suspended me where den dey when i dey for gutter,2
she just sent me money my card dey comot next year,0
if naso dem dey teleport you for enter plane go meet the guy wey go do am for you,0
this sober ting is crazy cah i got the pills on me rn na jus to dey look am like the devil,2
apc abeg na joke emperor of rivers dey o coro never go finish o make una social distancing abeg,0
police are our friends i just gave them a lift thank god dem no ask for money i be wan sneeze small make i see weather dem go run leave their gus in my car,0
omo person fit marry woman based on how beautiful her breast is,0
bros na e be say theres no need for you to evn watch the season finale sef oo,2
dear wife e don do come to me im tired of searching,2
levels person beat you you still enjoy am ordinary small beating for fifa boiz go dey blame pad dey blame ref dey blame home and away,2
i told yall dat dis fat cheeks thing was not my fault my mum caused it all these itsekiri women with fat chicks mum warri nigeria,2
moh people wey won epp me dey here now shey you won make i dey drink garri everyday ni how i go send you money you moh i don commot for you sir ️,2
people wey no dey haggle price awon okay send your account number ill make the transfer now,0
babe abeg show us d way na help a sister in need y you go carry everything na i use god name take beg you make we align,2
lmaooo dat wan sef dey naa lmao una be fool shaaa,2
aubameyang dae surprise me e be like say e wan leave my club because even an injured player could outperform him today,0
those people wen day post im not in a competition with anybody na dem gon gon day host the competition,2
ikorodu don tire me walai,2
oga don let me cook indomie like yoruba person now na only pepper i dey chow so with tears in my eyes,2
sad ffs i no fit even type properly what is this life,2
you see all those slay queens wannabe those ones wey go dey chew chewing gum like say na hot swallow fear them oo especially the ones wey dey wear sunshades them sabi fart for africa im a victim,2
please get started o he is coming to mt club o make i sabi as e dey go i can fast and pray o,1
una just won make i dey regret bankiny wit u people weeks now my money never reverse why,2
may god not allow us marry dem ooo na dem o,2
the way dey find one goal these days ehn you go think sey him sev support goal wey kanu dem do that time ni,2
ur last year bday lol pls no dull us dis year my wife don dey ask me fr location already,2
e don be for me oeven ncdc weh been deh care for me don finally forget mebaba god na your hand i deh o,2
open the motel room toilet for midnight and you see two big fat cockroaches crawling out of the plumbing towel go stiff like wetin them starch the color sef go de confusing is it brown is it grey off white,2
lmao this guy dey watch rugby sha portugal wey don pass round of into quarter finals,2
e dey do me like say my eye won comot i hate mondays,2
to everyone building house plus building engineers please give us the contract to supply sachina bricks and tiles for you na beg we amagoz tiles and bricks dey beg una when you come across this tweet please retweet it our next clients are among your followers,2
today wey i say make i stay house my mama don list like different things wey i go cook,2
kerosene mango abi wetin dem dey call am,1
so you dont want to follow me i have your notifications up i retweet your tweet i watch you say lol to almost every topic your retweet sef dey finish my data you still jo wan follow back god dey sha,2
omo how do i unreport a tweet biko phone dey pocket dey press‍️‍️,2
na police no give people space lol if you had been here you would known what im talking about bones were broken bro people dey jump untop human being head like say na cockroach dem dey kill,2
i don gree already no wahala yourself sweetie mi i hope you are good my dear i don dey in charge back,0
and na leo tobi lolu and ifu like they form se de smart and de still never solve their puzzle,2
and he is still a senator dis protest im sure is the beginning of good things to happen in dis country,2
girls dey no no under this thread but na them dey help am follow client talk,2
barkley that was worth £m last season and who dey even turned down £m offer na who dem sell for £m now chai football ehn,2
joke of a government na thunder way de do press up de wait una,2
as the club manager dat iyam na,2
i don give up tey tey,2
abeg make i go chop my bread and tea again if butter no dey jam go dey if jam no dey sardine go dey yesterday own na two dey inside maybe today own go carry one this life no balance,2
so so many thing mehn i play different instruments i play different sports i come sabi maths and physics i come sabi sing again i come dey style people again i come dey think like bill gates list can go onnnnn,0
these internet service providers are extorting us they really are we spend so much on data and we never complain poor internet outrageous tariffs like say na straw una dey use draw my internet all the time gb off like that smile una no do well o,2
you dey mind them we dey envy everything for ja like now i suppose dey tell them shey de suffer light pass me tho i know one mumu amongst them would still say we no suffer reach them,2
k as e dey hot,0
wetin carry me enter buycoins ooooo i don enter chance money don hook over hours now e ba mi gbowo mi,2
see i don go sleep abeg make nobody record any thing wey rose do today please kayode off her mic infact show me whitemoney ah rose wan kill me,2
anybody wey marryknack yrs old babe no like challenge for this life wey e come paedophile ass niggas roaming these streets,2
girls that will say she is celibate and shit my brother na lie dem dey shook am in and out bruhhhhhhh won do gidi gan na u be the mumu for the film bruuuhhhh,2
really but i wan park comot so o dem too oppress me o,2
na person preeq dem dey drag like this im here for the violence,2
make e pain me abeg,0
cause i can y u go dey call me dat na,2
i don see your game na that your game no supposed beat me but u just dey beat me like say,2
baba dey do high taste high taste as him perceive the aroma of my jollof rice pops you don cook finish me nah e remain small pops i go chop oh,0
beautiful ankara print and colors kayan sallah is ready if you dont support this small business abeg na wetin you gain dont miss out on this lovely ankara very much,0
hin go reach my side too,1
abeg i just wake up who dey lead for this and diss who dey count the scores for here,0
naso fasting don finish na you went to chop meat,0
say na university dey make person get plenty money,1
wetin she dey do abeg,1
werey wan use opportunity chop kiss na slap end am,2
girl why e do us like that,2
let me add that its a crime to wear face caps they don stop me finish before dem see say na boygirl i be because i was wearing a facecap and bent my head over my phone that looks ezally like an iphone,2
naso na i no like make person no dey gree you i just dey wynn you actually you good really good i enjoy playing with you cause d matches dey always dey intense,0
yh rytna ashawo do am passna m experience u dey talk,2
ur waka don pay u na u don turn person husband,0
wetin pain me na lfc way dey ur profile i for tell u word this morning i swear on god u for reason life but we never walk alone but make god no allow me catch u alone sha fit remove ur teethi lowkey mean am sha,2
dem dey draw us who give dem pencil,2
and na those dirty guys way dey wear boxer short for days dey like blowjobs pass choi girls dont suffer,2
all of una dey find premium gist,0
lmao attempts na fulham dem dey play against,2
my chief i dey telllll you mehhnnnn dem don do me strong thing cus of good heart,2
train him for onitsha and na aburo e go dey call you,0
gaskiya na sha wahala na bils they call me attention seeker e choke,2
what has done for me this night is more than what buhari has done for me in year abeg dey tag me anywhere you see this kind thing i no get shame,0
dr all this english sef i dey see mechanic i dey see onion i dey see express road i see police sef e still no stop the fact say bank wan make us dey bank our money for house ooo,2
e don tey wey fkabudu block me now im feeling like a bad person seeing all the good shes doing,2
na only wetin dey ur head,2
i don blow ooo i got a retweet from the only king of puns chai if una help me see my geography teacher with that koko shoe tell am say i don make am follow and hit us up lets beautify your feets in grandeur thats what we do,0
dis is unfair of urcompany goingtowks nw ive bin complaining abt d subscriptioni did wch did nt reflect on mydecoder nd im givin u an ultimatum else u willbsurprised my next reactnim makin dis publicly nw ive chatted u privately showing evidence of payment,2
atiku be like saraki dis place go hot ooyou know say buhari no dey dat means say na me go carry lasti no go fit oo saraki baba na true oomake we quick waka comot,2
la hawla i don burn sweet potato all my kitchen don dey smell,2
more than any other act haba abeg sweetie don meet wizzy abi u don see her listen to his pre released or is she a nigerian she fit speak pidgin am done coz u are typically dumb like others una say dem de do pr for unreleased song,2
u deserve everything dat cums out of dis album like u said one day i go carry here is it wish u de best nd pray u win,0
na which kain problem be this one na i dodged a bullet as an undergrad this one wan start all that male stalking again menascum,2
help translate to english e don tey since day break,1
big brother which kind alarm me dis u wan dem me self wake up,1
bros this ur counting don dey enter half a million oko muma mu fara ne,1
na to invoke his spirit remain no tym,2
na only be the only match wey i know dey today can see you get another match,0
bought wilson this gw only to see the nigga sitting this one out e be like say my fpl don dey cast luke chelsea,2
e good ai,0
tbvh hard girls like us na only our pillow de know say we de cry when we do around u be proud of yourself already,2
why dem come dey paaaraaaa paaaara paaarraaa paraaaa for me,2
i don download this abeg app for like months now and i never win any giveaway se na so e bad reach ni abi na only me,2
una try o una dey mess up my new year the network i praise so much is hurting me,2
my gunman must be licking his lips cos united is coming to town next week my winger sef go dey plot,0
why do some of yall just wake up and tag someone to a post that doesnt concern the person dey try sha my mention wan blow up some time ago i wan mad,2
in chikes voice wahala dey ah ah,2
fall in love or allow person love youthat shiii is life no let dem tell you otherwise love is sweet i no fit lie for you,0
hehehhe guy the number of calls i don receive this period na die i dey do my job dey do customer care job too,2
betting na bastard na when sure game dey na that time unfortunate circumstances go just happen,2
shey you no dey see as white fine omo buzz us for your salah clothes o no go dey dull am our number dey for the thread,0
abeg who don fine don fine‍️‍️‍️‍️ alayabiagba street ajegunle apapa lagos,0
my man i dey here ooo see as dem wan use our boy do play thing,2
never call me fine girl first i just wan tell you say in case you see any message or call from lapo abeg no dy rude to them na me use your name and number do guarantor asaba delta state,2
thanks but na adult dey play for there abi na children,1
na cheating honestly next time we are together as a family we go table the matter why you go talk say na strokes i go chop whereas every lie down lie flat you dey use the cain press me like iron,0
na this one be food na na grass person wan dey eat,2
nah same thing we dey still talk i be like person wey don count k for my laive before,2
chai see people just dey lucky sha me wey need the money like say tomorrow no dey wey don tweet reply and retweet tire i no see anything god please help your people,0
mehn fuck this shit i need my beards to grow how many years now wetin be this rubbish now oya who can help me id pay abeg need some beard growth shit im not even joking,2
she tell me say she tell say them dey always tell wizkid wahala for who wan go first fall in love with this guy ohhh you better let him choose you oh else hmmm,2
i be wan talk before dem go say na because i no fine i be hater,2
women wey dey support man united dey special ️,0
i just realised why some people dey get mind owe people money is because even the government sef dey owe with their full chest,2
na all this kind play dey make my future husband dey run im single lets be guided please,2
my heart code my partner in crime my beautiful ceciliaabioye wey i dey use take dey proud u already knw i love u so much mushin lagos,0
now she want to sing khafi abi na gadafi na fuel i de use abeg ja hard,2
dem go soon pursue me for heremy complain don dey too much,2
e be like say pastor don tell this bros say na hospital he go find wife you see nurse carry front carry back use nose mask use glasses wear hair net everything covered up you dey tell her she is beautiful bros you are a born liar joor why are we like this sef,2
if young shall grow drop you for main park look left spot this hotel na naira dem dey sell hero and aba boy aba boy but you no sabi this place,2
asaba una don see am ooo una man dey come finish work for frankddon frankddoninthekitchen its happening live asaba nigeria,0
carry am go village for wife twitter wife go give una trouble because dem sabi wetin dey happen dem tire eye like una,2
your mama na killer we go find all of una na just time good morning,2
lol sorry be like na computer true true wey ogadi and ovie dey play and somebody just kee me,2
boy i am loving you for days anytime you call my name e be like i dey craze igba di e loku kiss daniel for president,0
apologise for what na what are you people saying sef,2
my battery dey na you i use style dey wait since,0
hahahahacoz e be like na wetin you been wan do oh,1
abu aisha dis result don dey tire pesin o who win fct and nassarawa is it true dat atiku won those states,2
lolz if na mhe be yhu i would not conclude dat way actually nd stil dea,0
brought out soups omo na block industry oh n light no dey sha had to collect meat from stew then add am small banana as i dey struggle to cut out soup,1
e be like that first time aproko doc shoot shot at amaka dem been dey date since wedding already love a we met on twitter love story,0
person wey travel dey carry goodies come na,0
pti agofure park dey collect to asaba something of i later deyll sey na business abi na exploitation,2
lol cos of dat small rain wey fall wat if na days rain nkor,2
the point wey i dey lead you i fit use am climb bike a liverpool fan to a chelsea fan,2
blood of malachi see as zambia just wan tear my ticket algeria dey house dey play like visitors,2
i hope can still remember all his tracks he don sing too much song abeg that man na legend aswr,2
be like say na dem dey rush us o,2
dem get luck say oyibo nobi nigerians na only dem go dey come watch ole,2
happy birthday bella shmurda please drop another ep for us abeg even if na only songs dey inside,0
some people belle don dey twist right now is giving them alomo bitters,2
omo last time wey i do that thing the next morning e be like say i just commot for sars akwuzu walahi,2
everyone please can we use you as our client osita i don comot my hands for anything wey concern client,0
i just wan feel myself ni jareyi never meant it mk una no too take am serious na so e dey do me once in a while i love yall,0
e sabi play ball i wan open my sports agency,0
my friendship i say insult follow the last money wey i receive to think when i was giving it na so so thank you god bless you see am now the money don useless kai,2
make una help me ask wetin him dey do the road he claims to be a master in is all wack job i was seeing at warri and even asaba is delta cursed,2
omo now wey chelsea match dey on na im rain say i no watch ball again which kind wahala be this e for fall when man u dey play na,2
imagine this babe wan use me catch cruise e no fit happen,2
abeg na wetin dem wan turn boss tobeast of all nation human beings are so impossibleabeg we need handles oothis should not slide oo,2
na love wey dem get for you sir,0
lately youve been all up in my head playlist ina kpaka mi shi oh omo this jam don de burst my brain ft lately,0
money wey white dey take time to don,1
armed robber breaks in rd class student hides under the bed armed robber rd c s armed robber rd c s armed robber na only school person fit use make am rd c s na lie many of our leaders no go school armed robber,2
wait fess make my gee chuks tell me as e dey go,1
wen u ar dating a responsible womanhello babe im at market square now wat should i buy u wen u ar dating slay queen bae im broke i need urgent k muah but wen u dnt date at ol u get text lyk glo dear customer migrate glo berekete and get n wlcm bonus,1
person wey wan gimme money today talk say e no dey gimme again till next month,2
lol just teasing a fellow nightowl i no know wetin i chop tonight wey no gree me sleep and my day was long af,2
looool na next month we dey start na,0
femi and lawal any where una dey make una find prayer house o una name dey on top special package of kayanmata,2
lol some women are so triggered that theyve begun red flags thread anew like ive seen over threads theyve started this morning but na woman own make men do that single one na now una don turn am to face of threads,0
for our table na only me and this fine girl dey drink orijin bitters i dey try cut am eye,0
some clubs na local champions dem be flogged dem like kids times this seasons,2
omo na so i take deaf sha na waooouuuuiiinnnnnnnnn i just dey hear and i don leave club who send me message,0
some ppo no jst well which one con b north own for inside killings that have been taking place in the north for years nowu no dey c am norherners also protest come were u dey drive dat motor go u better turn ur steering or mke u jst off ur motor,2
turning this into a thread so i can bless your eyes more ps im the fine boy in the fourth frame you need a t r a v e l p h o t o g r a p h e r bleep my dm,2
lmafoooooooooooooooooooooo your avi sef na hornywell,0
rotfl say na offside why you dey outside pitch na you no go like come in for sub play baba for match na na top striker,0
reflecting over some of my most treasured moments thank you we still g r i n d i n g n i n e a w a r d s one h e l e n a its an incredibly amazing,2
swipe new look revere collar shirt in aztec print‍️ price n̶ ️ color multi coloured size l dm to order shakarashop online shop wen sabi you sef go dey do shakara warri nigeria,0
some basic things stay blowing my girls mind cos shes taking in all the love i really hope i dont kill her when i start my next level plans for cos shocked to death ‍️‍️ mio le shey ewon tori surprise o na surprise i surprise am i no wan kill am,0
lmao relationship twitter see wetin una don cause,2
my bro true o na who loose guard dem dey run street,0
which anthem for were burnaboy album dey you dey mention fem that one na song,2
dude the way you dey deliver sub na you build uk subway o,0
lmao na my boy chief i sabi hin password i just want him to stay in one lane you cant be lollygagging,0
when u love someone they will be using you to do shakara but boom as feelings no dey again na dat time dem go begin catch their own feelings this life sef‍️‍️‍️,2
months nai i dey para for mnths wey one put me make i send u d msg wey i send am,2
sing i no fit vex now baba don vex he no wan gree drop the album again life go just dey boring,0
una dey play nonsense this na wetin we go do all chelsea and arsenal players one day warri nigeria,2
na wa everything na vex now be calming down na,2
my airtel just off for like minute i don dey think say dem don block me,2
lol still dey learn work make dem go hire lai mohd to teach dem how to be a credible opposition,0
you see those ones wey dey change paper to money i no dey believe say dem dey exist until d day dem run me pure street since last year sept i still dey think about my k till today na k these bastards use to cover d perfectly cut cartons wey be like real money ot of life,2
ah tobi if you dey abuja e don finish for guys,2
wetin una dey find abeg pk or red card,2
na the kind traffic wey una dey face for lagos be this,2
refrigerator please where dem babes coming over go dey store the food dem cook na ️️,0
we decided to help dia life and give dem better music na arrest dem dey arrest us uganda will suffer for yrs,2
walahi na pure scam na little things like this wey matter wey suppose dey start protest imagine the extortion,2
true and na wetin dey annoy me mehn,2
just dey watch sporty go give us gifts again them chop us sotey them dey last us,1
he later paid for tickets saw reasons for d hike in price we started d journey only to struggle with d roads dodging buses and cars dat are stuck in d mud causing holdup after minutes we got to wetheral junction den took a bus to d office na day one shock me pass,2
over late sef dey worry you,2
oga mi i understand jawe e reach to pain person no need to wait till dem do am to person wey close to am to take action its becoming a joke to them all till we start to hold them all accountable for such stupendous false accusations manyandmore of such we dey see now,2
na tailor when dey try na costumers dey loyal for na innoclothings dey run am benin city edo state nigeria west africa,0
e no dey tey again like before just relax and enjoy the day dear,0
what it feels like to love a woman people say im too playful laugh too much unpredictable feisty stubborn wetin i never hear but those i most agree with are intelligent hardworking strong generous and good hearted woman im amazing me sef know,2
bless my month na boss make i mail you one song na i don already keep your verse since years now o,2
these days to dey comot no dey too hungry me like that again i am living such a boring life,2
no dem no dey alright dem go mad,2
cause una wan sign am he don turn onye ball,0
another made in naija automobile if we no drive wetin we gain i pray and hope it will be affordable at least no import duty,0
omoyour ear for don deaf tey tey,2
thanks so much boss unfortunately na stream i dey with boss na till june but god bless you sir for reaching out,0
bros na god go fit bless you for me the way you dey support my brand maximum regards december premium concert live in warri warri nigeria,0
na middle children dey do this thing to themselves my sister dey use k for month for this same nigeria wey we dey na them dey call her to ask her sef if i complain say my own no reach week dem go say i dey waste money meanwhile our last born na steady provision and cash,2
e cane go dey e armpit as e dey waka round dey check for scape goat,2
i taya for in matterif person talk now dem go say na hate,2
i wonder the kind wisdom wey dey the fish head wey these people dey sell am k k for fish head‍️ isi azu,2
engineer ds biran is going to be great trust me that head no dey shine for nothing na glory dey radiate abi wetin you feel about our engineer head,0
we go dey house dey lock gate like who kee person to comot na trouble na gaffy finesse babe but na all of us minna daniskas wan kill,2
please before you dm me or reply my dm go through my media its not the one you will request for my pics and then stop replying me after i send you some pics na ugly i ugly i no kill person and e dey pain very much,2
smh you still dey do e dey pain u,2
person when dem pierce needle shey e go shout,2
wen i wan open account una de reply tweet now wey i de do transfer wey recipient no go see money una pretend like say this handle no de active,2
lol bpy na fear you dey and i understand because according to your logic person no fit enter ashawo quarter come out alive but here i am twitting insults at you so your logic no correct if them born you well abeg come that your hand go bend mumu sha show,2
e dey pain me i been get people wey wan knack me but i dey form good boyfriend,2
na my mate dey chop this kind thing ooogod when,0
taah i broke pieces account balance no reach k sef,2
na una people na i want to be like you guys when i grow up,0
na so i careless but everybody and everything says im very careful see this your thing na scam jare,2
na where momsie order for gas some months ago naim dem exchange her cylinder me come collect am from her till i get chance to buy new one na stone i been dey use support the valve wey dey leak o,2
frankly i dey enjoy am cuss no dey pain me at all i be warri boy wey go military school cuss na compliment,0
na u dey enjoy fam wen u dey enter lere i don miss our waterfalls level ooo,0
lol i left all to follow him bro na only food i dey chop now,0
simi don born and the pikin resemble falz nah adekunle papa hux we dey since dey settle matter,2
ph babes don chop am,1
wahala dey i don forget which department i dey and its like asuu will call off this strike tomorrow,2
nepa and people wey dey sell fuel too no wan help us no light and fuel pump is still at n playstation with junks go meet brain lidis,2
akporsna wetin mrimitcourtios dey talk sefim with all those keepers wen u call na matesee me see mrimi oo,2
slay queen wey dey ask for tp from warri to benin na slay queen be that ‍️‍️,2
dis is so unfair and ridiculous plsss find a solution fr abeg dis is nt getting funny agn owho does dis nw,2
bruh like say you no sabi nigerians anything wey oyinbo feature our own na hit for dem eyes,2
this igp too sabi work before e happen hin don know who do am,0
how do you feel for this thing wey you dey do so,2
i swear baddest guy from wey back️ dat guy na full of vibe and more his consistency is not from here atech to the world,0
unless someone tell me motigbana by olamide is very much worth the mb am not taking that risk na so i do wey puna drop up till now my mb still dey pain me,2
baba don try smoke corruption out of nigeria like weed and now e don corrode him brain,2
i fit run am k pere pls retweet and support my hustle,0
me wey tweet about the ep for my tl sef no dey lucky god when,0
i dont know why many osun indigenes claim lagosians at the first questionna later d person wey ask question go dey laff for im mind,2
he say na fine girl na becaue say na youi just smiled and said thank you,2
we don dey old dey go o ooo how many can remember this powder,0
lagos how una dey this morning,0
people wey dey lucky to dey play football,0
na abuja u go see church wey den won share rice and knw member go come outbig man church,0
shey na auto you dey drive,1
but you no dey baba group dey your dey na na so una wan use your own scatter the peace wey dey the party make you dey chop your ege dey go,2
thanks babanah say e still dey green nah why i dey hear d details oo,0
pls d guys on twitter wey dey use girls dat r not celebritiesas avi wetin b d idea behind am,2
since it luks likely dat buhari will win wen d time comes i dnt wnt to hear cries frm ncstateskogikwaranassarawa nd couna well don o,2
im not saying u shuu nor kip dreads o but when u are not treating it right haaa heaven is not meant for u laidat o this girl don choke life comot for my body her head be smelling like armpit of mad person i wanto faint entering micra in ibadan is risky o,1
na my guy e dey sweet to argue with am for tl,0
please if you know any slave dealer transporting slaves to uk dont hesitate to tell me abeg im ready to go i will even bring my own chains im tired of this country,1
una wey dey watch lucifer dey go hell fire how lucifer go good and angel micheal go bad small time god go bad hell fire with brimstone is waiting for yall that watch lucifer,0
we go feast so now fc make una rest baba don speak all of una predicting date since january lol wizzy we cant wait for serious gbedu,0
make the world just end if e wan end abi which wan is this hell lite we are currently experiencing in this part of the world like ds,2
daddy abeg before e come some of ys dey earth already we might mot be related by flesh but by spirit,0
that place na for bigger boys table water sef cost,2
noah get the sarcasm after if dem dey shout street you go raise hand say you belong mtscheeeew,2
chai and na the song i dey listen to,0
this ppl hand sef no good if dem no steal am e go break or lost,2
you quick dey vex sha,2
lol u need to compensate me for thanking you na as e dey hot,0
lmao hay god i have been caught bro i no de get your mails again una don do coup for me nor vex please let them be sending me mails again thanks dming you in,0
barcelona una wan dey unfortunate why una go concede,2
hehe my guy hustle o dem no dey chop fine boy again,0
me when you tell me that im handsome stop whining me na tell me im pretty ill know you mean it,2
mama na mama she strong well well she dey carry pikin for belle for months even papa them na mama dey born them i miss my mum,2
anyone with like million wey e no dey use will give you back in,1
lmfao guy im as shook as you are na me dey find am for pm na why,1
lole be like na albert obazee send you come here,0
show don dey paly now on air with jennifer omoko i salute you padi mihow your day waka passhow the work and hustlehope say all dey wella with you life na osusu everybody go pack wen their turn reach weti you understand by this proverb,0
na wen soup hot na im you take da chop am,1
god pls protect ur lovely children from evil agendas today na follow dem dey follow each other dem no kee perzin,0
whats wrong with u people namoney was transferred to med person debited and d money is not in my acctzenith which way na una no sort d first one now e don happen again which way zenithwhy una dey theif person like dis,2
true that e go spur them to dobe better though gotta find creative ways to bring folks your way ‍️,0
if dont want fall in luv wid dat guy come to me so dat i can date uh naaa,0
na wetin kill unai emery be dat no be say e too bad as a manager he was simply sacked because of good ebening,2
now wan cus wahala see also brodahshagi don fall in love please dj coppied help me wipe up his tears he seriously loves you,0
anti trump syndrome is realbaba when trump wins you should come back to me with an award pleaseno empty handed acceptance biko na late we dey so dey stare at for front,0
this one willie obiano just dey position road roller machine motor grader for different parts of the state shey na make e be like say him dey work osodieme ga machi kwa ya nti ozo,2
una when dey give m followers how many una get,2
when i said lagos people was broke and noisy una wan slap me through whatsapp wetin concern rich person and okada humble yaself and trek,0
ray i greet una abeg why una never and no dey nack by abi una no like better tin,0
ahhhhh today na townsend birthday wahala ooo baba must shake our legs oo,0
bolu which kain fave we dey always get sef,2
amen good morning guys presenting to you some of the baddest sauces on our menu na lagos we dey o and na food we dey sell patronize us biko,0
happy new week i don dey for site the wait for una order category customize waist bead price,0
lemme o dey think ive not passed dis stage b emotionally blackmailing me all d time kole werk,2
lmao me sef don dey attend wedding wey i directly sabi one half of the couple agba tin de,2
i nor understand oh i dont watch bbn but wetin this erica give una chop sef,2
no be only u n collins na kolo ni this man shey ole yawerey sha why e be say na my name u come use y u no use no worry dem go soon shoot u from uk u no well,2
everything buhari commission during der change eranone of dem is functioning yethe wil recommision dem during der next level nonsense wen dey start functioningjoke of a country,2
person don dupe me oo with your exact name for twitter oo na scam oo fake account for that matter bro i just waste money for nothing oo make una help me oo you report that account na scam check it out the idiot don even block me,2
na style u take dey tell am now for twitter o so him go know wetin him wan enter so,2
after them don kw me finish na dem go come like me pass anything o morning afternoon and night hello ibk how r uam bored i lets go out ask she go tell u how sweet of a person i am abi u no like me,0
exam next week monday and i dey post business steady i sha must chop go exam hall na pls patronise me edakun dont let my post this period go in vain,0
i tried to clear small bills in our house today d last one i did i tell my mama e be like say e don choke ooooo na so this woman send me money right here on this chair aunty toyin god bless u,2
you people are wicked i say make una no retweet that tweet but na then una know where the retweet button dey when i talk something wey make sense retweet go dey slow like naija antiinsurgency fight na wah,2
pastor dey shout your children will suck your womb i say your children will suck your womb congregation dey halla amen amen the thing sound like joke right now but if you follow me dey dat street this morning your heart for cut,2
no be paper trophy oo just put medal for our neck we no dey like wahala,0
bros i weak i wan argue vehemently like what do u mean but liver fail me wo make i just dey waka go‍️‍️‍️‍️‍️‍️‍️‍️,0
dis boys av dual citizenshipno properties nor businesses in nigeria bt ar makin d loudest noises and ar causin problem in d country dey can leave d country anytime dey set it ablaze wt d help of sentimental apologists dey av turned some of our youths zombies wt no brains,2
every single time wey man united get chance to climb up the table and boost top four hopes dem go mess up na wetin happen last season when we think say ole go make top four e blow am e don start again,2
this ibadan na cruise police hold my bolt for checkpoint and baba gats discharge me under hot sun na the lumberjack shirt wey i wear i dey use clean sweat since,2
omoo man utd de ball ohh,0
he no fit head hold up play dey very average all those long balls e no fit trap well im tired,2
chai and na that time when music dey sweet pass oh everything go just freeze but music go still dey play,0
to patronize online vendors dey tire me aswear i want to buy product of naira god is good is telling me delivery is how much be wetin i wan buy gangan‍️,2
plus liver join sef,1
bruno fernandes eric bailly and paul pogba dey train ️ awon pogba no dey happy at manchester united don lock up,2
na who get money dey vex this kind vex,2
guy wetin be ur problem na,2
fine go at least increase e chances na,0
abeg i wan play your inplays but funds no dey i dey enjoy as your telegram dey win,0
try dey chop life this life na one ooo let us serve you yummy treats for your delight for enquiries and order placements or dm lagos please rt my businessmedia you hear thanks,0
degea will disgrace you what is james playing na only lindelof bruno and mctominay come this match,2
leave your fathers house leave your fathers house okay now i enter market spent more than k na leather way no full na him i come back with which kind wahala bdis,2
still on de mata,1
mama niyitheplug what killed ur son repliesna when he jos wear pilot cloth na only teacher him go see o,2
see u me wey dey dust ndums and uyaka,1
bia im not finding it funny again my gas just finished and the man i buy gas from dinnor open because buhari is cominghow i wan take chop na where do i order from or something yall should help,2
e don tey una dey poto poto a whole cjn was removed by an experte order sans were rolling in the mud in support,2
inspiration sef left you you answered the wrong call man,2
una language dey always dey scatter scatter,2
we already know the reason why make una shaa enjoy de moment sef just like when dose cr fan sef no let us hear word again years ago,0
oluwa wetin dey occur,1
is it possible dear that you might be gay im for it sha because e go fit you die,0
allah ya isa auto refresh i just saw something and was about viewing profile now i no fit see am again,2
i had to log out bro even for our streets dem de drag me dat time if i banted bout bb den by now i for b in em memorial list,2
ah e don start,1
you wey be gentile i don see you,0
from nancyisimeofficial t w e n t y s e v e n still living my best life thank you jesus happy birthday to you ma may almighty god,2
see wetin jack don cause,2
brighto and erica again dj obi i don vex reach commot for that place make person hear this gist years and days for you,2
i been dey claim einstein before bt after i played this pics word game na there i know say even vibes no dey my head,2
lmao una too dey beg see una life,2
why be say na when person don chop finish the shit won dey worry me,2
if i promise you relationship last night abeg na shayo o cause i don dey see baby good morning,2
na dem dey rush us,0
the kind body heating wey dis geh gimme for bus now ehn unto say i look like snow white shey na my fault,2
someone said wahala be like dangote nyash e no dey hard to show leeeeemao,2
yu neva see anything yesterday dem rob for my street na airtime bag indomie and cornflakes dem still no jokes happened at about pm,2
nothing is more beautiful than seeing ur woman with no make up in one of ur best tee shirts or polo thats too big for her rocking it with one super killing bumshot doing kuruukeree ur side god waytin dey encapsulate na god make e circumnavigate reach me too na,2
im still in love x s u p e r s u n d a y e v e n i n g w p l a y l i s t c o n t a g i o u s download app,0
na lecturer wey no get happy home dey fix class no week this is my spirit animal but walai i must go i wish i get coconut head for this case but i no get,2
u bin don enter naija,1
big belle bros twitter say e no good,2
na wah oh which crime i commit wey you go come tie me like this dey flog,2
i don tire since when i call you that time i still dey bank hours just to do new atm card guess what card don ready no network to put new pin hahahaha naija weak me o,2
e go shook you say e dey go down inside dem cars,2
them break my heart i dey do hard guy na till juice wrld die i join the tears people think say because i be juice wrld fan na lie relationship do me gbim,2
na why u still dey kano dey enjoy yourself,0
all these thought of the day una sef dey take the same advice ni ‍️ cause all these good shit yall drop on here buh yet the society is messed up really had me worried we livin fake,2
na madt jam b dat bro e folo,0
oooh baby please please she no be average her body na savage keshi baby rora shea dia dia ko roraah,1
for where banks that will still send debit alerts all alert na alerts it depends on wetin di alert carry come it fit be joy or high bp,0
de only pipo sorry lovers dat can insult me on dis twitter n go free i love you,0
the day nysc took my id card from me i just know say gbege don set even ordinary popo nor dey respect me again,2
ke lmao unless you wan buy the one wey dem don mark up the price i think for a series the cheapest you can get is within k but you know say you be my oga so you fit go for series tuale sir,0
shebi na like this we sef suppose dey rejoice,0
this was what we sought to achieve circa with the million youths movement everything was going as planned until person wey we give money to build website chop the money clean mouth na there i give up,2
if you get money wahala if you nor get na still wahala person nor fit run from this wahala,2
mo daran where dem dey change gender plix,2
arsenal eh na safety una dey celebrate when others dey win trophy,2
credit to iamkingrudy trending on youtube worldwide link on my bio dear dem don dey reason with me repping uniabujagwagscity federal,0
make she carry her wahala dey go,0
that beans and garri na story for another day mhn see as i dey chop that thing when i broke like say na kfc las las we no die sha,2
ijay see ehn im tired my brother just called erica polite ashewo untop day she no gree for laycon e pain sha,1
i never take anything serious sha someone told me you dey burst my brain nonstop and the first thing that came to my mind was gbedu wey dey burst brain and i just had to say it,0
you sabi dat werey boy,2
e sir person go gas hin babe for where boys dey smoke benson hmmmm sir daddy sheri everybody sha cash faya sha last last won jona,2
after a funeral service americans what a great loss nigerians abeg pass me salt make i add for dis rice dem no cook am well,2
na ballon de hot e go win,0
lmaaooo i no sabi do tweet storms like them osi and jag this matter dey vex me lowkey tbh e say us living abroad,2
osun west is it only adelekes family dat is in osunwestsendistrict,2
baby its not like dat na you know i love you tori tòrun,0
good pm please call my pikin tell her god must surely bless her shes the best pikin ever am her pikin from onitsha,0
i wish we put such positive idea in choosing and voting during our elections nah better pipo for dey dey our government houses,0
like play like playi no get phonena just something to take dey browse,2
nah patience baba but me personally i no get that coin patience again maybe when i don over belle full sha,2
won ti report tag wa who are this people that all their work is to report our tag something was at no before now nowhere to be found first to do no dey pain o if we start fully with una eh u go pack comot for twitter,2
wetin bro chimezie go do he don cry tire sotey e eye come swell up like say boil catch am him dey vex for aka,2
lmao finefine boys like us na them na them dey rush us that year forgot about this photo and that awkward pose sheesh lol lr williams odey nwankpa kayode the captain,0
one hour boys like us we no dey too look for women like that na dem dey rush us,0
dem big breast with + cc cups na mm dem dey use na,2
wetin dey sup nah which kind nonsense dey worry gotv self after i done do subscription to enable me watch all the channels now my select and no dey show,2
i just want pizza but them don warn me make i no chop m again na just fat no b anything o,2
ant wey dey go opposite direction antangonist,0
i just no wan curse people doing this face and account thing why you dey give pesin hbp like this,2
we had jaywonjuwonlo in our studio today at lasgidi fm on with mama t and rugged pastor make una enjoy the rest of una day oo and make una dey tune in to fm for your no owanbe,0
i still dont know how i take waka jam this man o e still dey do me like film trick,0
me where i dey sha i don already comport myself as i spot dem for ada george wear seat belt and face mask comot my signature snapback with red and black tassels before dem go say i dey fly colour now the matta is why we no go fit waka freely for our own town ah ah ‍️ kilode,2
na why no gree enter love for yrs now oohhshey we no go carry am go bath dis geh for river now eehnn,2
sake mi shey u nor see wetin dey front smh,2
this one sef dey,0
lol una don too pressure african giant baba dey post per seconds now,2
ngos in nigeria las las na legalized yahoo yahoo them go hear word jaguda get oga men dey when dey give wahala problem,2
na mistake o,2
is like you dont understand what im saying here and mind you im not saying i dey beg for money please dont quote me wrong you said i do sub for my fone but do you even think mayb i do steal to survive or soand again i never said i dont wanna get job,1
all dis things for us to vote u old men into power again oga goan rest una don ova do,2
this fit jam traffic wey fit cause fight,2
na here i dey since morning oo trying to get the perfect product picture is a struggle mehn im tired,2
e be like na this one them wan give china,1
mo you sef don join ancestors dey chop sacrifice come and see o,2
god no dey shame meespecially on sundays,0
abeg o i no fit carry person,2
pls my account details go soon full your timeline when is it gonna be my turn i need to get food stuffs for my parents pls na beg i dey beg first bank ezechukwu paschal c,2
so wetin em be he cover faceso na masquerade nah,2
na woman dey ginger me ono vex,0
corper how far na k don enter bah find me the k wey dey the back mbok,0
everywhere on my whatsapp its loom this loom that k to get k and all the likes nigerians no dey learn lesson until e go do dem like feem,2
as messi and ronaldo don comot everybody go lock up,2
na so you sabi wetin time dey talk,0
baba i dan almost reach oh i dey enter different bus wey jus dey break down anyhow like say na me b bad energy,2
na man wey dey reason dey scratch bear bear,1
na who get money dem dey rush na me wan rush money but hin too like to form hard to get,2
he just want make e guys dey soft make nobody dey tight am with gimme gimme gimme lol,0
men this psf thing don tire me ooo register here register there im on like different psf group chats and im just registering all over the place,0
man u sef dey enjoy the match,0
babe na fuck he won fuck you nothing more because hin no say you go dey sweet,2
i sha need discipline in my spendings the money when no dey just dey fly commot like witch,2
ment dey this one head oo frustrated somebody be like say them don vex u for house and u dey exhibit your madness here ashinu,2
if na only that socket sef,0
but wait oo abeg davido no vez na true say you fight with burna boy or na rumor,0
abeg make i go sleep my mood don spoil,2
asin nor be today game start osufia talk anybody wey fall mugu dem go chop am,2
oga don upgrade from our level woh no more cin abinci a layi oga pray for us to join you soon,0
me wey dey agitate dey high people moral na him one girl just dey come high my soul every seconds hello dearie you are doing well omo i motivate dye extra ginger to sing solidarity song,0
commot for here joor not everything im sure d one dat went from berger to ajah sef was looking for love not money,0
with the onochie tweet make ashawo try dey get receipt o then people when uncle dey dash money too please receipt for every thing o abeg dat money when you send me i fit get receipt,0
boss wetin dey shele gangan sef na so i no lucky reach i tire o,0
it is all these kain shot shooting that we want this las las it wee na end in picking a date for weddingthen you wee na start sourcing for souvenirs you should remember thats,0
lmao guy see up till na just cruise i dey do how i nor tey fail some courses shock me,2
guys help retweet my client may be on your timeline please go subscribe to our youtube channel na wetin we dey use feed our family epp us,2
make una dey unfollow dis werey,2
them don dey sell black market o and baby girl like me cant queue epp us na big daddy,0
i know say when you finish person go wan drink the picture,0
i don suffer o on top small twitter naim person wey i go break with one hand dey threaten me to score points na wetin dey make me respond,2
naija as e dey hot,0
why na this song sweet die,0
me wey dey use light sleep n wake,1
do you remember when you joined twitter i do wow e don tey small o,0
oya ohhh make every business owner go watch this video times ooo e go do you well because plenty of us don dey do business the wrong way shey na true talk be that even if you attended the free day esme money bootcamp with try to watch again,0
laidis laidis money is the only thin dat can solve my problem,2
you wey get money wey bank dey tamper your own good my dear,0
wic kain holdup kon dey dis kubwa express like dis me im famished edakun,2
regrann from tundeednut ladies and gentlemen we cannot get enough of this hottest slang na dem dey rush us and we no get choice but to rush una too to order your finely made t,0
all jurgen klopp sabi na to dey run up and down like lunatic shiooor,2
hmmm expert no b even lube e suggest e say na salivai hail o,2
i don commot hand for anyth wey concern baf dis year bath done n dusted,0
nnem oo ahukwala thanks darling if e pain dem na water dem go drink las las‍️‍️,2
‍️ e get some ppl wey i go beat after this pandemic una dey top of the list and,2
dem arrest me where i went to watch football took me to barracks had me take off every item on me except my boxer had me write undertaking should dey arrest me again dey will kill me bro then proceeded to whoop me in the morning tied me and others n paraded for my street,2
you wey dey model you don fine finish,2
see as sanwoolu dey chance me for eko bridge ahhh suffer dey this lagos i dey comot,0
you don dey surprise tweeps with giveaways since last year see eh hold me oh,2
go tell god that one na we say make una like glittering things if not we go for still dey paradise now,2
omo pikin wey you go born go vex for you,2
nigerians ehn na them go praise you na dem go pull you down oriyin buru lai,2
spider man oo d lies where too much i just started crying like so na me una wan deceive,2
no dey slander my man pulliz,2
football twitter don show ️ the english premier league dey return tomorrow on on super sports on dstv guys which games you dey look forward to ️,0
e don reach dangote turn now rules and regulations don comot evidence witnesses passport photographs unripe alligator pepper seeds milk from the left breast of a virgin mosquito oga sharrap,2
since una done dey localise things wetin happen how u made ur money go sue jack u think hes an illiterate like u,2
swipe longline tshirt with turtle neck‍️ price n̶ ️ color navy size m dm to order shakarashop online shop wen sabi you sef go dey do shakara warri nigeria,0
jisos christ ‍️‍️‍️‍️‍️ i don tell you if e sure for you tomorrow to wednesday before you go kd i no want long talk make i see how you won drive your car go kd by thursday na mumsi go use aboniki rob your body,2
you dey do fitfam na,1
she started taking this pyhto collagen weeks ago last night she sent some pictures and even videos choi na this kin customer get mansion for heaven abeg who dey breeeet because this one chock e restrict my airflow gannnnn shes my special ️️️,0
poco lee abeg me sef wan blow incrediblenoble don blow today oo,2
nakam dem good vibes spicy don n pepper dem squad saturday on,0
e be like say our daddy don dey ment his handle is down down,2
person come house come threaten us with boys dem for kill all of us the babe no still gree free my guy she sha wan make dem kill us,2
ben arfa na petty g see as e pain presido,2
people think im okay but within me i know i am not how can a yo beat me at fifa like a thief who stole a phone inside computer village no be say e beat me de pain me na the way him de say stop giving excuses kubi ill be back without mercy,2
for this one wey una don talk so i dey resume tomorrow abi evening session dey today,1
ha youre the boss na i no fit vex,0
na so ihhh dey happen oooto go school from aous sef you gatts dey pray lyk sey na trip to heaven oooowere tired and sad,2
okay so you paid for money you be dey owe your network use tey subscribe enter google gather pictures come and tadaaaa youre here right,2
why e be say na only night these dogs go dey do this kind thing especially if light nor dey,2
shey una dey listen to crest fm sha talk say them wan share babe by am o,0
i go just wake up dey think of miracles looking for giveaway upandan no be better thing wahali i no even fit buy airtime call my mama na she go send airtime that ill use to call her again,2
so daz how no turn up for me ds night again oga o e staff reach weeks ive not danced,2
few seconds into d video i don already dey see meatpie,0
dz one that they are deploying dss agents upandan nah real democratic environment dem for dey do dat one not a place like nigeria man,2
you nor see dem go comot una logo for the hashtag na only fc dey hear the album lol,2
olohunmy own case be say i never meet babe wey her straightbabaall this st century babe wan dey ball everydaydem no want loyal relationship,2
wait e be like say years no go do fa man dey chop cake na me dey look picture,2
who get this number wey dey call me aggressively,2
im so ashamedwhen i ask people what their worst money mistakes are none is as terrible as mine i kept this a secret for so long and now dat izz off my chest i feel like a feather dont drag me mbokno be my fault devil no sabi fine girl full vid,2
she concluded that she is done stressing with our generation and na only prayers fit help us then proceeded to advice me that maa lo fe e to maa paa e lori bed oo joor oko mi shanu mi oo,0
anyone that might have seen me earlier today must have thought that im crazy no dear na stress wan kill me,2
imagine you wey no get car but you dey do giveaway you go come see person wey win giveaway from you wey dey do the face vs the car oh the betrayal,2
over nice sef dey worry u,0
mummy ire naso naija be ooo when u r hungry not even ur family is dere for u but wen u blow and become rich and famous that uncle and aunty wey no help u go dey shout up and down say shes my daughter inside life,2
i love you guys getting a jersey soon even if na road side own sef,0
where una dey see spacious self con like this nau,2
jeffo parboil rice you don burn am wetin dey happen like this,2
i just dey chop dey drink good lord,2
you don talk am already na but teema na sure babe no worries on her side na better person she be,0
na that kind thing i dey like to dey read thank you ill bookmark it,0
because say i no get money i tell you make we busterines you no gree comot pant,2
i thought of it too and got disappointed when i heard he was putting akonguyy i wan crybetter song like that you dey ft akon i just dey imagine davidowizkid or burna boy on that song guyyy,2
boss you need to stop talking to these peasants and migrate to rich peoples twitter e dey pain me say i dey engage these peasants,2
police fit search your phone tomorrow come see app you don enter be that ooo wahala no dey finish for this country,2
if to say i be matter wey dey sup i for don enter trend table now i got some more juice for the next days guys ‍️️ thanks to yall imma keep being your and,0
omo nigerian news agency no go kill me with bad news una no know say country hard nii make una dey throw in good news once in a while nau,2
ill never understand a doctor showing up to work without a pen i have with me at all times and at least in the car as back up at home e go reach like sef wey dey my table,2
all of you on this app are hypocrites all of una dey shout but una no go shout just negodu how dem dey rape arsenal fc behind closed doors please coman console me,2
the doctor on duty this weekend na just weyrey i swear small headache admission straight i don dispense nsaline and dsaline like say na small chops am do reach abeg,0
i claim the money ijn oya wetin be her handle,0
shurrup abeg rt no be say i fine sef,2
abeg na god i take beg una please what did i do,2
e no funny to me jor u seek equality yet you give so much preference to yourselves equality my foot equity my left yansh we were all humans first before gender set in whats all these na,2
if you chop d flesh make sure say u chop d bone too,1
lmaoo e sweet my belle die i don full,0
you can literally sense it this is just the beginning make them just this whole thing and spare us,2
she say ooh when no be say your be baby i no dey for your drama i no dey for your drama dis your bumshot is a gunshot my chargie i love her body i love her body,0
fear who never collect fear who never collect na like years dem don dey fear me now thunder fire una with stupid quotes,0
people eye don dey open oo,0
there is something i want to show you nne nu girl you no need delaying you dey reject my love abumsim apenu when you dancing kukere e dey enter my body baby nene omalicha my baby my boo boo my love for you confirm ohh eh,0
k ticket inside bush what is this ticket wey we don dey guide for days just games to go god will punish you how tf are you people top,2
wow wahala don reach kada be that na,2
abeg donr release it o cos either gen or pumping machine one go give way i am spending money not budgeted to repair pumping machine which the coil got burnt after i used gen to power it,2
i seriously love twitter because na real people living real life dey here make una buy my honey too so that softness go enter una life he get why,0
shori e gbálè ni ah wan tell security make dey pursue am just changed my mind not his fault i genuinely look like i follow my daddy to office,2
e nor dey cost na,0
adaobi wetin you give me chop na,0
i don see lot of men but na only you you smile the brightest as e dey goi go dey love you my baybe,0
the fan wants to be held nah but if this girl get boyfriend the guy go don drink tiri keg of water cos em eye go dey reeeeeed em body go dey shaaaake,2
this one described the love of my life please add beauty wey dey blind eye my woman na spec️,0
masquerade wey say e won dance before say e no de dance again rest jhur,2
baba e be like say na dis one u go do for me ooo,0
me to vic bro i got over pages do be swift in before am morrow also today na sunday you know how e fit be vic no be you again night go reach you go slam music run am till morning na your way na guy na you me well sha,2
na fine people dey do that kain thing abeg,2
naso my naira don go,2
ox person wey sabi sing song,0
omo i borrowed someone part of the money oh baba promised to pay back with interest na beg i beg before i even see the principal in bits by that time i don chop the remaining the most stupid shit i ever did in school and i paid dearly for it‍️,2
belle dey pain me breast dey pain me on top this fruit wey eve chop,2
young girl go rent house and the landlord dey ask girl for sex as a validation and the girl recorded the conversationdey use am blackmail landlord money and still send the recordings to the wifechildren and tenants nw they don give an quit notice na d matter we dey,2
how you go dey chat with your student like this person wen you supposed dey give instructions anyway na people wey no know themselves,2
when i enter town some weeks back i just de smile,0
st match guy this pad no good ok we go exchange for d second game nd match guy na bcos u dey use world xi ok i go use ajax next rd match guy its bcos i havent eaten make we pause go chop now th match guyguy i dey go house,2
i hear my baby say i wanna be president i wan chop money from my government what he dont know what he wont know what he can knw,2
e still dey pain me i dey feel like ano go sleep,2
lmao person papa na him them dey use rag clean like say na dirty window like this,2
wetin den use do head self wey i no use biko tell me not even a giveaway won since day break what is my offense,2
onile all those super mario coins you no allow us chop that year i hope say you e don turn millions for you today,2
now now now icons don crash s website make una dey fear god sha calm down let me order my own first help me beg icons na ️and,2
oga common sense use your common sense wen talking because every strong house starts from the foundationwe had yrs of bad governance and terrible looting of fundsyou people for yrs didnt do any betterall of una na the same thing so kindly shut up there,2
whenever im in the kitchen i always remember the day i went to visit my mum madam cooked finish carry food go lock in her room saying if you wan eat gon cook yourself or call that lady wey dey cook the one you dey chop for owerri to come cook for you omo,2
actually viewed this project since i couldnt wait till ⁨isaaczara you are good abeg i stan abeg where your house dey i need tutorials,0
na person wey rate you you go dey expect from na,0
im currently in a situation were im being roasted by a and yrs old siblings they asked how old i was and i told them one said in shock and youre still short like this i go beat this children o if dem kan see chika nko lmaooooo,2
if you insult me on your tl concerning this matter na you e go catch ó if you say mad na you be mad etc,2
stay at home stay at home home sef no safe again na thieves dey run am,0
ive spent my iphone x money all of it na to start saving again from scratch so this slay queen moves wey i dey plan will be on pause hay god,2
lol no vex now dey go rush salah and the guy go chop injury,1
chiiiiiieinot even naira marley sef i feel your pains bro cos like dis like dis don tolive and gunna de around as we speak,0
as osi dey turn that stew i remember sometime early wey popsi enter kitchen make stew guy stew sweet die after eating it i came a little edo men dey cook forget,0
lol baba i dey feel you bros i am active most times here when am on time off ohguy i no dey offshore now nah make me dey chest all the gist,0
they banned me from the kitchen for this even when another person dey fry them dey hide am from me i dey taste like pieces,2
thanks broabeg nor vex,0
na you dey get person weh deh come from ilorin most times na,0
walahi sirtable wey b say na only nupe people dey on top dem wan carry gwari put,2
na you dey reason wetin he nor talk he mentioned a guy and two ladies but na tiwa e disrespectsame tiwa wey e dey kiss an grope for public,2
na whoana woman go carry dis kain meanness,2
which kind vee be this abeg just dey so uninterested as dem ride her man,0
you like wahala abeg tinpin no even de look their face,0
pele wetin i dy vex like dis like madt today is monday my boss no go hear story say traffic dey ooo,2
even before jide pour san san inside all dem lagosians garri naso we dey see dem enter here like soldier ants,2
my dear i dey join una pray say make e happen,0
i wont lie e nor easy like that but na to commot eye face your hustle consistency is key,0
exactly even the waist bead pics alone sef i go dey vex na only me suppose dey see this thing you con post that kind picture na only her face dey missing na,0
this gen wey we dey take charge for mosque don stop to dey work tragic our only hope in this hood,2
e be like say na the whole abuja dem carry light o kva transformer is down at the moment me thinks,2
na whete you wan make we park the jet when our president dey london for oshodi so we can save money haba ️,2
abeg una take this wan sidon press,0
guy dey go abeg,2
person go dey owe you money but go dey launch new footwear if you wan wear am match for the protest wahala no dey but if otherwise you better pay up as we dey your nonsense behaviour must end too period,2
sometimes i dont like the fact that im not outspoken beyen beyen na last minute i dey always change am for people,2
money wen i be wan use take flex this weekend na wetin i dey use take repair laptop so ohh sapa = toju =,2
god come and do miracle for your boy ohhhh cause on my wedding day video wey i go dey ehn e go bloody oh salt on earth worm kinda shii,0
the kinda energy i like not the bullcrap dey yarn i don too flog d werey baba dey yarn dust,0
baba god wen now early momo monday morning person don see woman dey sing song of praise ontop him head,2
ah e don happen owhich kind virus is this ffs how dem wan take trace all those people he must had contact with now ehn,0
so why that man go there dey try help am read am abi na brail him dey read or shorthand,2
na vex i use tey go buy this food sha ended up dressing like a mad man,2
fine boy no dey vex right madam abeg decide already and stop stressing somebodys son,2
and you dey put mouth for where i dey baa,2
wetin be my offence,2
the way una dey drop threat for twitter funny like sey e pass make una block the person,2
cow wey no get tail na god dey help am chase flies oluwa abeg my only flies now na cold abeg help me run am,0
dont mind them let them not do it and lets pray all this will stop in no time they will use cup of rice do election again ️ see ehhnn d thunder dat will fire dem ehn e go pass the one in the flash,0
hmmmm i enjoy doing t also nigerians will be honking as if them wan go do surgery for patients even police when carry him wife de go market with police can go de honk and run traffic a country without rule is only but hell same folks will park on zebra crossing and insult,2
and na early morning i dey send am say around am so e go be d first thing u go see for morning thank god for christianity dat i will just be overlooking and be forgiving in advance,0
coming back to the original topic women are bread winners yes but even at that body dey still gist the guys say them dey fuck hence the depression because low key your guys wont rate you any body that frequent bars a lot where guys talk can relate to what im saying,2
bros abeg as you dey forecast dey put the games for here make we too follow you chop money this world cup ooo abeg bro,0
david luiz abi wetin b him name sef have never believed him with dat jorginho iranu,2
i still dey road oh god help me took forever to even get bus at cms and na struggle i take enter i don suffer,2
na today i knw day emoney na my brother cos we av same surname abeg make who na help me locate him page,0
una don dey brag for out of sorts sheffield,2
walahi bipe kin shepe fun e ni gf has a choice but u wan dey lash sumbody child randomly make i block you,2
receptionistssecretariescustomer service dey try abeg my first assignment at was to check inregister campers i was steady smiling for africa forming aunty admin and singing welcome to camp my cheeks dey pain me sef,0
una sure say this girl na really asian or na igbo girl,1
well i see no reason y some girl wont clin thier pussy n they always want who to eat dem updat tin can b very anoyingif u want a pussy eater better u clin it up very welldont com kill someone son n wen u try to tell dem they will pick offence,2
killing dem pa ur voice sweet so tey e give me diabetes,0
na the one i fit relate to i go dey under na una make dey intelligent and enlightened dey abroad twitter,0
wetin this one dey try talk how person wan understand anything like this,2
fine girls like us na dem dey rush us,0
maybe dem village people wan use style get meeting,2
oni iwo omo funsho yi lara gan oo naso dem vex you reach,2
lmaooooo na this one una wan take compete for league so,2
afta spending hr inside cold waiting for my kid bro skul bus to come pick himd man nw said hes nt cuminafter cold hv finish meis like dis man want me to swear for himas i reach house i jst commot d boy food flask dey chop d hot spagcold nd hunger will not finish me,2
calm down your eye don clear now ur eye dey chook now oo na offside,2
ogudu sars self dey game those idiot don do me strong thing dey withdraw the whole money wey dey my access account still dey tell me say make i thank god say i get money,2
lol okay see as dem dey destroy una for twitter,2
e no funny at all ️,2
na that one wan kill me that day i dey among last to enter school burst my head hahahahahha it can never suffer fam i kept gassing out,2
dis is unfair of ur company going to wks nw ive bin complaining abt d subscriptioni did wch did nt reflect on mydecoder nd im givin u an ultimatumelse u will surprise my next reactnim makin dis publicly nw ive chatted u privately showing evidence of payment,2
abeg oh make she nor fall hand na boyfriend wen im sugar mummy compensate us na we go say yes to,0
you guysssss brymo omo last night was beyond great been drafting this tweet since last night omo i no get words o just joy see you next year but de give us heads up before you comot stage like hey oo no more music,0
now this caught my attention ill die dia,0
my guy vex ooe say na by firce,2
some people really dont like footballnotice dat gal wey just dey sleep by d side,2
im here eating this goat meat and wondering if nobi same goat meat i chop for uyo abi the one my youngest dey always buy na just bones whys this girl lidis na,2
we no fit fight una when we no dey mad i like my phone comrade,0
when a babe tells you i dont care if youre bood up my guy just run because na wetin i wan do like this,2
im even trying to understand the thread be like say people dey die in that house from way back abeg o mi o se big brother saran,2
abegi accant don dey finish,2
which one come be just for you again na e don full my dm and later twitter go dey suspend d wrong pipu sorry is twitter made in nigeria,2
e done happen oo since yesterday na ein we dey try settle dis men don go post the same pikin for childrens day ooh now we dey try calm the main husband down oh but this man no wan hear oo,2
this picture funny die con be like say dem collect biscuit for hin hand,2
this fuel attendant carry fingers wey he dey use collect money since morning use am dey scratch nose unintentionallygod dey save these people o,2
dat moment wen ur crush smiles at usay wetin hppen,0
what is happening with european basketball nah making look like i no sabi wetin i dey pick,2
my concern are those married women wey dey tie wrapper every morning with bucket of piss for hand like how their husbands dey take cope,2
na dem if dem tell am bad word now she go tear bra yeye pipu,2
hope sae u no b dos kind babes wey dey raise man hope come kill am cream de la cream babybaby,2
no worry the person wey go break your heart dey come no be heartbreak e go reach everyone,2
abeg na wetin be the title of the jam,1
i say make i play sdm game now see weytin i don enter how i want take talk say na joke i dey now,2
bwahahahahaha na your mates dey do giveaway in this psychological time na book you wan make i go read smh ️,2
yes na every time i dey tackle am for him whatsapp on top fake news i don tackle am on top this helicopter crash dis morning,2
azzzzin abeg no dey pull my legs dem no too strong like that,2
please i am not doing again data subscription would finish as you dey reason that one power will finish everything go dey finish at the same time and account go dey red no joy i just want to be a baby gal i repent of all adulthood aspirations na small pikin dey do me,2
de don send me my own na i don download vbank since uba obuh simeon emeke,1
abeg leave burna sometimes na so high grade dey make use yarn okoto na we we know,2
honestly i must commend you for the rubbish bread we were served call pizza your branch which is located at abule egba lagos nigeria is nothing to write about omo i just wan cry ontop money wey we use buy the bread called e pain me oh,2
see as dem de rate pesin wey get camry muscle me na to just appear ooo after jumping like buses and taxis,2
you no be balldem want pass u aroundthank god say socratis dey field,0
ur mama never chop but you dey pop champagne you wise kindly retweet and add yours to it,2
lmao you bin dey tell me small small but na you worse pass,0
lautech na school infact na sudan while unilorin na usa proud alunmi of unilorin,0
omo i no fit pass for road again make oba cum for our rescue oo e pain me say dem use water stains my clothes coz i no get moni,2
ọmọ una sure sey dem no suppose dey send these kind people go kirikiri once once cos omooooooo,2
may almighty god keep protecting our beloved mothers if i ask her i wan something den she go said go nd take it lyk im d only son she has love u momma,0
hahahaha no vex baba me na mentor i want write but autocorrect change am to ancestor but e still blend so i leave am like that see you on sunday boss,0
which country you deywhich flag you dey send to me you dey you dey send me ok keep hiding behind emojis o but that thing dey pain me see what this girl done to me thanks to my,2
i wan sleep abeg,1
me last last school na scam my guy ebuka no go school e don buy benz me last last school na scam whatsapp notification great uniben ste harrison ste audu is in class and hes giving marks for attendance me and my guy,2
three best reasons you should date me im romantic im caring abeg na,0
lmao na fat e dey give no be person e dey kill,2
marriage is really a sweet thing for men u come home u wait for food u chop food and later chop d person dat cooked the food,2
some of us broke die some of us cant even participate because the mentions already don pass our own sef may not even pop up someone like me wey no dey win giveaways or raffle i cant even try too hard,2
i have had enough food today just finished unripe plantain porridge and fufu dey hungry me,2
warri people gather here abeg wetin be the meaning of yonda,1
lmao dey dere dey guck person wey get cars for lagos dey stay rented apartment undull,2
hahahaha i need to start letting them know on time ooo so they can start packing their things in alagbaka e don do we dey come lol,0
emmyno make me laugh oodid u sayarsboard are offering awenger£ma year if he wins d epl titledem no sy e no go ever win am,2
laycon don start again o wahala ma wa de bayi o this is obsession,2
if only dem listened to an elder wey dey take utaba ‍️,2
wetin dey pain me now be say him dey happy say him buy well,2
went to the bank today and everywhere was smelling like ogiri this lagos heat sef be like say the angel wey dey control sun don mistakenly siddon ontop d remote,2
all of una wey dey settle mattermake una come heaven ok dem sey angel gabriel don sell trumpet na there we dey go now,2
omo wetin dey occur for this country,2
now na me them dey answer yes sirrespect is reciprocal even though una know say i special,0
omo if i go and print my statement of account from last month and this month e fit be like pages pages na atm withdrawal pos purchases and airtime recharge go full am the remaining na deposit wey enter am,1
inspire to aspire na em fbi carry baba them go dey thief still come dey pressure us ontop our small small legal hustle like say we no dey try im serving a living god e go expose all of una,0
na me this house wan kill with work any small thing tiles don dirty i will run away to go and get strength to clean you,2
abeg i no want wrath of god oo pls anointed men of god forgive me oo na small pikin i be buna oorotfllwkmdlmaoandlol,0
mehn d man is nt helpin dis country wit his twtas leader he shld preach unitycheck his tl is ful of jona do dis jona do dat,2
lmaoooooo e don tey i like madders,0
na the matter i dey with patience ozonkwo dey settle since yesterday,0
my guy say na people wey dey flog with wire dey form woke twitter,2
lol nai make dem no de allow dem collect award on top mainstage for abroad,2
sweet tooth and satisfy no suppose dey same sentence you dey always chop chop,2
celebrity don join us for this parade now and trust we so much love you make this happen where una dey make this happen lets thread this,0
religious ke na excess kpako dey do am,2
but u dey chop food i go stone u slippers now,2
real one man squad he no send sef sips his ciroc drink snapp his pictures make his video connect with friends and muuuuvee,0
lol no be wetin kidnapper wan hear be that o dem go dey reason you from a highendhigh maintenance perspective na when cramp mandem and him begin chill with dem for their den you go come dey explain how much perfume be for market,2
‍️ i don comot,1
omo na the thing wey dey tire me about japa be that you cant take everyone along like moses did,2
abeg stop de retweet it is ok laydiss thank god say na fine gfs we get,0
if i was d one in dis type of situation and it was my son riding dat bike i go just cos down dey shout ara adugo e gbami oooo and i go dey cry my heart was literally in my mouth while watching dis vid and how fast she was going,2
how far my love wetin kill you na abeg where you keep the original documents na lawyer say i must find am if i wan change the next of kin no na why you go die na you for tell me say you go die before i comot for house na if na play stop am,2
the kind love wey i get no b made in china na,0
this how it used to start o from tagging me to single people thread on twitter next thing na invitation to singles conference what next flyer inviting me to shilohsee im not single pls im dating in my head nd shes the most beautiful girl av ever seen thank u,2
lol na wetin him get e go use na,0
omo this life no get balance and i dont know who i have offended as at my age now i no get girlfriend no tease mate friend no chat street girl and even a bola or awara girl its no joke wollah e dey pain i really feel it but im just pretending,2
e don red oooo ur ex don lash ur lover no,0
chai its christmas week but my side no be like say christmas dey at all oluwa wetin dey happen na,2
wahala for person wey dey buy am,2
where you dey see this money wey you dey spend please show me the way this entrepreneurship thing isnt working,0
its a spotlight and im walkingworking on my own tryna dodge all these paparazzi distractions and theres no one to laugh it all out with and ease this life up i know im introverted but this wan fit make man craze,2
fine boy like usdem no gree rush us ‍️‍️‍️sars sef no gree stop us ‍️‍️wakanda tin is this high str,2
enjoying this tonight the song is just don abeg we wan see video soon ka fun won ni nkan tan fe ko kuro lona,0
ehhhhhhyy once god don bless e don bless it never ends keep inspiring we coming greater heights girl,0
ahhh u still wan fight people wey sleep their house sef dem dey go kill themabi u don quick forget lekki toll gate level u still get strength to fight,2
na fear catch am se smt covid property that they ask government to share for us they went to keep it smwere so wen it next election they will now change the covid cover to election campaign own nd they will now be sharing it for we hungry lion abbi fckthe govt,2
just dey look e get why china man,1
motun i need una team to brag with dis per ooo,0
we just dey start and you don already dey lose concentration you for jazz up ooo,2
allawee wey dey never even see for the first time,2
follow follow were do you know they are going you just wan follow na u suppose dey conduct house fellowship,2
gtb just charge me for april sms abeg if na play make una stop how many una send me,2
u sef ur own dey ur body,0
for wre u dey go church i wan go they,0
be like say na port harcourt man i go marry una slangs dey burst my brain biko application for fine port harcourt guy fluent in slang speaking dm,0
lmao ugly guys sef dey pass now,2
na dey hustle we dey jwin trying to bring me up asaba delta state,0
taaa de whine person pikin for there,0
efe u na sure boss take dat money,0
na wey smart dey make for class but when comes na dat same pikin dey dust all the,0
today is for dumebi i like d jam die i nr know wetin i dy do o but i know im dancing laff me make i block u a diff kinda tailor swag tailor tailor wey nr dy suffer,0
oh my goddistance no be anything but this one wey strong men don dey road,2
why u dey lie now ola,2
dear mike abeg wetin you dey sing,2
it will be a travesty of justice to include dasuki and not marry him wdiezani on the same stake let di same bullets kee di of dem together,2
today wey i no drive this danfo dey show me shege naso i dey come down like times make ppl fit pass,2
na wetin them talk na,1
both of them na a type of bubu na wetin dey sweet me pass,0
omo e con be like say i dey part of the people wey sing this dont rush song,0
as you dey pray for money try dey pray for peace of mind too e get why,0
r e v i e w wey dey burst brain what better way to start a new this beautiful new week than to wake up to this why havent you patronized me yet please call or send a dm good morning have an amazing monday,2
abeg use style check my media you fit see wetin you like i don broke ejhooorbikoibegpleasembok,2
i don dey follow you since you start dey sing,0
i been won ft but i no get money for studio session talk less of giving him money for collaboration oh lord of mercy na you way answer dangote help me do am make e no go tay shaybe na pesin born adeleke put me for top make i dey okay,0
come and date people like us una no gree shey e don happen now everybody go rest,2
we never fit save people wey dey for dem house na people wey take dia two leg waka enter trouble you dey talk about,2
i still cant believe you have you tried those ones that grew on foreign lands our own doesnt have sugar not so juicy sef,2
larpota i knw say u knw wetin u de do but i fit curse u bcos of this lenglet oooo lenglet de use juju for all of una ni,2
the bike i enter today was cleaning his white shirt and face while driving on an untarred road baba knows dat his shirt will turn brown but ma own life e wan put dangeromo ale werwey re o i felt like given him hot slap from behind but a spirit calmed me down,0
someone will come to you and start saying baba ban ta ba cin ko biyar a allawee din ka ba wen i de school una de help me wit anything ne handout tp food tuition fee or una de wish me luck or una de pray for me and more rest,0
make konji con kill the guy after giving false hopes wetin una want gangan such woman dey mad,2
omo see fine babies damn come see as i dey landmark dey drool like mumu lol make i see whether my wife dey here shits cray,0
black and white police dey kill black people e don too muchhhh,2
who baba please chop pepper oo e be like say u don high oo sevilla beat me bawo,2
oga e don do u na if u no like her block her,2
see eh those ones dem dey sell for traffic,1
honorable dj sir you dey tweet oh since i start dey follow you you don tweet pass,0
smh i am not coming for goat meat jooo something wey fit no sweet mtcheew let us complete our discussion abeg see you tomorrow,0
na wah for una ooo so u cant read btw d lines dat is mercy people,2
on a special day like this clean babe like me na dem dey rush us,0
na una dey fly come benin airport,1
na really balanced diet later dem go chill for one uncompleted building den enjoy correct siesta low key scammers,2
